ISO-10303-21;
HEADER;
/* Generated by software containing ST-Developer
 * from STEP Tools, Inc. (www.steptools.com) 
 */

FILE_DESCRIPTION(
/* description */ ('FreeCAD Model'),
/* implementation_level */ '2;1');

FILE_NAME(
/* name */ 'DS1027-2 MJO-60 black 3pins.stp',
/* time_stamp */ '2026-04-27T21:40:28+03:00',
/* author */ ('ASUS'),
/* organization */ (''),
/* preprocessor_version */ 'ST-DEVELOPER v20.1',
/* originating_system */ 'Autodesk Inventor 2026',
/* authorisation */ 'Unknown');

FILE_SCHEMA (('AUTOMOTIVE_DESIGN { 1 0 10303 214 3 1 1 }'));
ENDSEC;

DATA;
#10=MECHANICAL_DESIGN_GEOMETRIC_PRESENTATION_REPRESENTATION('',(#51,#52,
#53,#54,#55,#56,#57,#58),#6605);
#11=ITEM_DEFINED_TRANSFORMATION($,$,#4204,#4430);
#12=ITEM_DEFINED_TRANSFORMATION($,$,#4260,#4431);
#13=ITEM_DEFINED_TRANSFORMATION($,$,#4323,#4432);
#14=ITEM_DEFINED_TRANSFORMATION($,$,#4387,#4433);
#15=ITEM_DEFINED_TRANSFORMATION($,$,#4204,#4434);
#16=ITEM_DEFINED_TRANSFORMATION($,$,#4260,#4435);
#17=ITEM_DEFINED_TRANSFORMATION($,$,#4323,#4436);
#18=ITEM_DEFINED_TRANSFORMATION($,$,#4387,#4437);
#19=(
REPRESENTATION_RELATIONSHIP($,$,#6629,#6628)
REPRESENTATION_RELATIONSHIP_WITH_TRANSFORMATION(#11)
SHAPE_REPRESENTATION_RELATIONSHIP()
);
#20=(
REPRESENTATION_RELATIONSHIP($,$,#6630,#6628)
REPRESENTATION_RELATIONSHIP_WITH_TRANSFORMATION(#12)
SHAPE_REPRESENTATION_RELATIONSHIP()
);
#21=(
REPRESENTATION_RELATIONSHIP($,$,#6631,#6628)
REPRESENTATION_RELATIONSHIP_WITH_TRANSFORMATION(#13)
SHAPE_REPRESENTATION_RELATIONSHIP()
);
#22=(
REPRESENTATION_RELATIONSHIP($,$,#6632,#6628)
REPRESENTATION_RELATIONSHIP_WITH_TRANSFORMATION(#14)
SHAPE_REPRESENTATION_RELATIONSHIP()
);
#23=(
REPRESENTATION_RELATIONSHIP($,$,#6629,#6628)
REPRESENTATION_RELATIONSHIP_WITH_TRANSFORMATION(#15)
SHAPE_REPRESENTATION_RELATIONSHIP()
);
#24=(
REPRESENTATION_RELATIONSHIP($,$,#6630,#6628)
REPRESENTATION_RELATIONSHIP_WITH_TRANSFORMATION(#16)
SHAPE_REPRESENTATION_RELATIONSHIP()
);
#25=(
REPRESENTATION_RELATIONSHIP($,$,#6631,#6628)
REPRESENTATION_RELATIONSHIP_WITH_TRANSFORMATION(#17)
SHAPE_REPRESENTATION_RELATIONSHIP()
);
#26=(
REPRESENTATION_RELATIONSHIP($,$,#6632,#6628)
REPRESENTATION_RELATIONSHIP_WITH_TRANSFORMATION(#18)
SHAPE_REPRESENTATION_RELATIONSHIP()
);
#27=CONTEXT_DEPENDENT_SHAPE_REPRESENTATION(#19,#6620);
#28=CONTEXT_DEPENDENT_SHAPE_REPRESENTATION(#20,#6621);
#29=CONTEXT_DEPENDENT_SHAPE_REPRESENTATION(#21,#6622);
#30=CONTEXT_DEPENDENT_SHAPE_REPRESENTATION(#22,#6623);
#31=CONTEXT_DEPENDENT_SHAPE_REPRESENTATION(#23,#6624);
#32=CONTEXT_DEPENDENT_SHAPE_REPRESENTATION(#24,#6625);
#33=CONTEXT_DEPENDENT_SHAPE_REPRESENTATION(#25,#6626);
#34=CONTEXT_DEPENDENT_SHAPE_REPRESENTATION(#26,#6627);
#35=NEXT_ASSEMBLY_USAGE_OCCURRENCE('20','20','20',#6634,#6635,'20');
#36=NEXT_ASSEMBLY_USAGE_OCCURRENCE('21','21','21',#6634,#6636,'21');
#37=NEXT_ASSEMBLY_USAGE_OCCURRENCE('22','22','22',#6634,#6637,'22');
#38=NEXT_ASSEMBLY_USAGE_OCCURRENCE('23','23','23',#6634,#6638,'23');
#39=NEXT_ASSEMBLY_USAGE_OCCURRENCE('Export_plastic_jumper_body:2',
'Export_plastic_jumper_body:2','Export_plastic_jumper_body:2',#6634,#6635,
'Export_plastic_jumper_body:2');
#40=NEXT_ASSEMBLY_USAGE_OCCURRENCE('Export_jumper_metal:2',
'Export_jumper_metal:2','Export_jumper_metal:2',#6634,#6636,
'Export_jumper_metal:2');
#41=NEXT_ASSEMBLY_USAGE_OCCURRENCE('Export_plastic_body:2',
'Export_plastic_body:2','Export_plastic_body:2',#6634,#6637,
'Export_plastic_body:2');
#42=NEXT_ASSEMBLY_USAGE_OCCURRENCE('Export_pin_metal:2',
'Export_pin_metal:2','Export_pin_metal:2',#6634,#6638,
'Export_pin_metal:2');
#43=SHAPE_REPRESENTATION_RELATIONSHIP('SRR','None',#6629,#47);
#44=SHAPE_REPRESENTATION_RELATIONSHIP('SRR','None',#6630,#48);
#45=SHAPE_REPRESENTATION_RELATIONSHIP('SRR','None',#6631,#49);
#46=SHAPE_REPRESENTATION_RELATIONSHIP('SRR','None',#6632,#50);
#47=ADVANCED_BREP_SHAPE_REPRESENTATION('',(#59),#6601);
#48=ADVANCED_BREP_SHAPE_REPRESENTATION('',(#60),#6602);
#49=ADVANCED_BREP_SHAPE_REPRESENTATION('',(#61,#62,#63),#6603);
#50=ADVANCED_BREP_SHAPE_REPRESENTATION('',(#64,#65,#66),#6604);
#51=STYLED_ITEM('',(#4129),#59);
#52=STYLED_ITEM('',(#4130),#60);
#53=STYLED_ITEM('',(#4131),#61);
#54=STYLED_ITEM('',(#4131),#62);
#55=STYLED_ITEM('',(#4131),#63);
#56=STYLED_ITEM('',(#4132),#64);
#57=STYLED_ITEM('',(#4132),#65);
#58=STYLED_ITEM('',(#4132),#66);
#59=MANIFOLD_SOLID_BREP('Solid1',#4072);
#60=MANIFOLD_SOLID_BREP('Solid1',#4073);
#61=MANIFOLD_SOLID_BREP('Solid1',#4074);
#62=MANIFOLD_SOLID_BREP('Solid2',#4075);
#63=MANIFOLD_SOLID_BREP('Solid3',#4076);
#64=MANIFOLD_SOLID_BREP('Solid1',#4077);
#65=MANIFOLD_SOLID_BREP('Solid2',#4078);
#66=MANIFOLD_SOLID_BREP('Solid3',#4079);
#67=CYLINDRICAL_SURFACE('',#4223,0.8);
#68=CYLINDRICAL_SURFACE('',#4228,0.8);
#69=CIRCLE('',#4212,0.8);
#70=CIRCLE('',#4215,0.8);
#71=CIRCLE('',#4224,0.8);
#72=CIRCLE('',#4229,0.8);
#73=FACE_BOUND('',#298,.T.);
#74=FACE_BOUND('',#301,.T.);
#75=FACE_BOUND('',#321,.T.);
#76=FACE_BOUND('',#354,.T.);
#77=FACE_BOUND('',#356,.T.);
#78=FACE_OUTER_BOUND('',#296,.T.);
#79=FACE_OUTER_BOUND('',#297,.T.);
#80=FACE_OUTER_BOUND('',#299,.T.);
#81=FACE_OUTER_BOUND('',#300,.T.);
#82=FACE_OUTER_BOUND('',#302,.T.);
#83=FACE_OUTER_BOUND('',#303,.T.);
#84=FACE_OUTER_BOUND('',#304,.T.);
#85=FACE_OUTER_BOUND('',#305,.T.);
#86=FACE_OUTER_BOUND('',#306,.T.);
#87=FACE_OUTER_BOUND('',#307,.T.);
#88=FACE_OUTER_BOUND('',#308,.T.);
#89=FACE_OUTER_BOUND('',#309,.T.);
#90=FACE_OUTER_BOUND('',#310,.T.);
#91=FACE_OUTER_BOUND('',#311,.T.);
#92=FACE_OUTER_BOUND('',#312,.T.);
#93=FACE_OUTER_BOUND('',#313,.T.);
#94=FACE_OUTER_BOUND('',#314,.T.);
#95=FACE_OUTER_BOUND('',#315,.T.);
#96=FACE_OUTER_BOUND('',#316,.T.);
#97=FACE_OUTER_BOUND('',#317,.T.);
#98=FACE_OUTER_BOUND('',#318,.T.);
#99=FACE_OUTER_BOUND('',#319,.T.);
#100=FACE_OUTER_BOUND('',#320,.T.);
#101=FACE_OUTER_BOUND('',#322,.T.);
#102=FACE_OUTER_BOUND('',#323,.T.);
#103=FACE_OUTER_BOUND('',#324,.T.);
#104=FACE_OUTER_BOUND('',#325,.T.);
#105=FACE_OUTER_BOUND('',#326,.T.);
#106=FACE_OUTER_BOUND('',#327,.T.);
#107=FACE_OUTER_BOUND('',#328,.T.);
#108=FACE_OUTER_BOUND('',#329,.T.);
#109=FACE_OUTER_BOUND('',#330,.T.);
#110=FACE_OUTER_BOUND('',#331,.T.);
#111=FACE_OUTER_BOUND('',#332,.T.);
#112=FACE_OUTER_BOUND('',#333,.T.);
#113=FACE_OUTER_BOUND('',#334,.T.);
#114=FACE_OUTER_BOUND('',#335,.T.);
#115=FACE_OUTER_BOUND('',#336,.T.);
#116=FACE_OUTER_BOUND('',#337,.T.);
#117=FACE_OUTER_BOUND('',#338,.T.);
#118=FACE_OUTER_BOUND('',#339,.T.);
#119=FACE_OUTER_BOUND('',#340,.T.);
#120=FACE_OUTER_BOUND('',#341,.T.);
#121=FACE_OUTER_BOUND('',#342,.T.);
#122=FACE_OUTER_BOUND('',#343,.T.);
#123=FACE_OUTER_BOUND('',#344,.T.);
#124=FACE_OUTER_BOUND('',#345,.T.);
#125=FACE_OUTER_BOUND('',#346,.T.);
#126=FACE_OUTER_BOUND('',#347,.T.);
#127=FACE_OUTER_BOUND('',#348,.T.);
#128=FACE_OUTER_BOUND('',#349,.T.);
#129=FACE_OUTER_BOUND('',#350,.T.);
#130=FACE_OUTER_BOUND('',#351,.T.);
#131=FACE_OUTER_BOUND('',#352,.T.);
#132=FACE_OUTER_BOUND('',#353,.T.);
#133=FACE_OUTER_BOUND('',#355,.T.);
#134=FACE_OUTER_BOUND('',#357,.T.);
#135=FACE_OUTER_BOUND('',#358,.T.);
#136=FACE_OUTER_BOUND('',#359,.T.);
#137=FACE_OUTER_BOUND('',#360,.T.);
#138=FACE_OUTER_BOUND('',#361,.T.);
#139=FACE_OUTER_BOUND('',#362,.T.);
#140=FACE_OUTER_BOUND('',#363,.T.);
#141=FACE_OUTER_BOUND('',#364,.T.);
#142=FACE_OUTER_BOUND('',#365,.T.);
#143=FACE_OUTER_BOUND('',#366,.T.);
#144=FACE_OUTER_BOUND('',#367,.T.);
#145=FACE_OUTER_BOUND('',#368,.T.);
#146=FACE_OUTER_BOUND('',#369,.T.);
#147=FACE_OUTER_BOUND('',#370,.T.);
#148=FACE_OUTER_BOUND('',#371,.T.);
#149=FACE_OUTER_BOUND('',#372,.T.);
#150=FACE_OUTER_BOUND('',#373,.T.);
#151=FACE_OUTER_BOUND('',#374,.T.);
#152=FACE_OUTER_BOUND('',#375,.T.);
#153=FACE_OUTER_BOUND('',#376,.T.);
#154=FACE_OUTER_BOUND('',#377,.T.);
#155=FACE_OUTER_BOUND('',#378,.T.);
#156=FACE_OUTER_BOUND('',#379,.T.);
#157=FACE_OUTER_BOUND('',#380,.T.);
#158=FACE_OUTER_BOUND('',#381,.T.);
#159=FACE_OUTER_BOUND('',#382,.T.);
#160=FACE_OUTER_BOUND('',#383,.T.);
#161=FACE_OUTER_BOUND('',#384,.T.);
#162=FACE_OUTER_BOUND('',#385,.T.);
#163=FACE_OUTER_BOUND('',#386,.T.);
#164=FACE_OUTER_BOUND('',#387,.T.);
#165=FACE_OUTER_BOUND('',#388,.T.);
#166=FACE_OUTER_BOUND('',#389,.T.);
#167=FACE_OUTER_BOUND('',#390,.T.);
#168=FACE_OUTER_BOUND('',#391,.T.);
#169=FACE_OUTER_BOUND('',#392,.T.);
#170=FACE_OUTER_BOUND('',#393,.T.);
#171=FACE_OUTER_BOUND('',#394,.T.);
#172=FACE_OUTER_BOUND('',#395,.T.);
#173=FACE_OUTER_BOUND('',#396,.T.);
#174=FACE_OUTER_BOUND('',#397,.T.);
#175=FACE_OUTER_BOUND('',#398,.T.);
#176=FACE_OUTER_BOUND('',#399,.T.);
#177=FACE_OUTER_BOUND('',#400,.T.);
#178=FACE_OUTER_BOUND('',#401,.T.);
#179=FACE_OUTER_BOUND('',#402,.T.);
#180=FACE_OUTER_BOUND('',#403,.T.);
#181=FACE_OUTER_BOUND('',#404,.T.);
#182=FACE_OUTER_BOUND('',#405,.T.);
#183=FACE_OUTER_BOUND('',#406,.T.);
#184=FACE_OUTER_BOUND('',#407,.T.);
#185=FACE_OUTER_BOUND('',#408,.T.);
#186=FACE_OUTER_BOUND('',#409,.T.);
#187=FACE_OUTER_BOUND('',#410,.T.);
#188=FACE_OUTER_BOUND('',#411,.T.);
#189=FACE_OUTER_BOUND('',#412,.T.);
#190=FACE_OUTER_BOUND('',#413,.T.);
#191=FACE_OUTER_BOUND('',#414,.T.);
#192=FACE_OUTER_BOUND('',#415,.T.);
#193=FACE_OUTER_BOUND('',#416,.T.);
#194=FACE_OUTER_BOUND('',#417,.T.);
#195=FACE_OUTER_BOUND('',#418,.T.);
#196=FACE_OUTER_BOUND('',#419,.T.);
#197=FACE_OUTER_BOUND('',#420,.T.);
#198=FACE_OUTER_BOUND('',#421,.T.);
#199=FACE_OUTER_BOUND('',#422,.T.);
#200=FACE_OUTER_BOUND('',#423,.T.);
#201=FACE_OUTER_BOUND('',#424,.T.);
#202=FACE_OUTER_BOUND('',#425,.T.);
#203=FACE_OUTER_BOUND('',#426,.T.);
#204=FACE_OUTER_BOUND('',#427,.T.);
#205=FACE_OUTER_BOUND('',#428,.T.);
#206=FACE_OUTER_BOUND('',#429,.T.);
#207=FACE_OUTER_BOUND('',#430,.T.);
#208=FACE_OUTER_BOUND('',#431,.T.);
#209=FACE_OUTER_BOUND('',#432,.T.);
#210=FACE_OUTER_BOUND('',#433,.T.);
#211=FACE_OUTER_BOUND('',#434,.T.);
#212=FACE_OUTER_BOUND('',#435,.T.);
#213=FACE_OUTER_BOUND('',#436,.T.);
#214=FACE_OUTER_BOUND('',#437,.T.);
#215=FACE_OUTER_BOUND('',#438,.T.);
#216=FACE_OUTER_BOUND('',#439,.T.);
#217=FACE_OUTER_BOUND('',#440,.T.);
#218=FACE_OUTER_BOUND('',#441,.T.);
#219=FACE_OUTER_BOUND('',#442,.T.);
#220=FACE_OUTER_BOUND('',#443,.T.);
#221=FACE_OUTER_BOUND('',#444,.T.);
#222=FACE_OUTER_BOUND('',#445,.T.);
#223=FACE_OUTER_BOUND('',#446,.T.);
#224=FACE_OUTER_BOUND('',#447,.T.);
#225=FACE_OUTER_BOUND('',#448,.T.);
#226=FACE_OUTER_BOUND('',#449,.T.);
#227=FACE_OUTER_BOUND('',#450,.T.);
#228=FACE_OUTER_BOUND('',#451,.T.);
#229=FACE_OUTER_BOUND('',#452,.T.);
#230=FACE_OUTER_BOUND('',#453,.T.);
#231=FACE_OUTER_BOUND('',#454,.T.);
#232=FACE_OUTER_BOUND('',#455,.T.);
#233=FACE_OUTER_BOUND('',#456,.T.);
#234=FACE_OUTER_BOUND('',#457,.T.);
#235=FACE_OUTER_BOUND('',#458,.T.);
#236=FACE_OUTER_BOUND('',#459,.T.);
#237=FACE_OUTER_BOUND('',#460,.T.);
#238=FACE_OUTER_BOUND('',#461,.T.);
#239=FACE_OUTER_BOUND('',#462,.T.);
#240=FACE_OUTER_BOUND('',#463,.T.);
#241=FACE_OUTER_BOUND('',#464,.T.);
#242=FACE_OUTER_BOUND('',#465,.T.);
#243=FACE_OUTER_BOUND('',#466,.T.);
#244=FACE_OUTER_BOUND('',#467,.T.);
#245=FACE_OUTER_BOUND('',#468,.T.);
#246=FACE_OUTER_BOUND('',#469,.T.);
#247=FACE_OUTER_BOUND('',#470,.T.);
#248=FACE_OUTER_BOUND('',#471,.T.);
#249=FACE_OUTER_BOUND('',#472,.T.);
#250=FACE_OUTER_BOUND('',#473,.T.);
#251=FACE_OUTER_BOUND('',#474,.T.);
#252=FACE_OUTER_BOUND('',#475,.T.);
#253=FACE_OUTER_BOUND('',#476,.T.);
#254=FACE_OUTER_BOUND('',#477,.T.);
#255=FACE_OUTER_BOUND('',#478,.T.);
#256=FACE_OUTER_BOUND('',#479,.T.);
#257=FACE_OUTER_BOUND('',#480,.T.);
#258=FACE_OUTER_BOUND('',#481,.T.);
#259=FACE_OUTER_BOUND('',#482,.T.);
#260=FACE_OUTER_BOUND('',#483,.T.);
#261=FACE_OUTER_BOUND('',#484,.T.);
#262=FACE_OUTER_BOUND('',#485,.T.);
#263=FACE_OUTER_BOUND('',#486,.T.);
#264=FACE_OUTER_BOUND('',#487,.T.);
#265=FACE_OUTER_BOUND('',#488,.T.);
#266=FACE_OUTER_BOUND('',#489,.T.);
#267=FACE_OUTER_BOUND('',#490,.T.);
#268=FACE_OUTER_BOUND('',#491,.T.);
#269=FACE_OUTER_BOUND('',#492,.T.);
#270=FACE_OUTER_BOUND('',#493,.T.);
#271=FACE_OUTER_BOUND('',#494,.T.);
#272=FACE_OUTER_BOUND('',#495,.T.);
#273=FACE_OUTER_BOUND('',#496,.T.);
#274=FACE_OUTER_BOUND('',#497,.T.);
#275=FACE_OUTER_BOUND('',#498,.T.);
#276=FACE_OUTER_BOUND('',#499,.T.);
#277=FACE_OUTER_BOUND('',#500,.T.);
#278=FACE_OUTER_BOUND('',#501,.T.);
#279=FACE_OUTER_BOUND('',#502,.T.);
#280=FACE_OUTER_BOUND('',#503,.T.);
#281=FACE_OUTER_BOUND('',#504,.T.);
#282=FACE_OUTER_BOUND('',#505,.T.);
#283=FACE_OUTER_BOUND('',#506,.T.);
#284=FACE_OUTER_BOUND('',#507,.T.);
#285=FACE_OUTER_BOUND('',#508,.T.);
#286=FACE_OUTER_BOUND('',#509,.T.);
#287=FACE_OUTER_BOUND('',#510,.T.);
#288=FACE_OUTER_BOUND('',#511,.T.);
#289=FACE_OUTER_BOUND('',#512,.T.);
#290=FACE_OUTER_BOUND('',#513,.T.);
#291=FACE_OUTER_BOUND('',#514,.T.);
#292=FACE_OUTER_BOUND('',#515,.T.);
#293=FACE_OUTER_BOUND('',#516,.T.);
#294=FACE_OUTER_BOUND('',#517,.T.);
#295=FACE_OUTER_BOUND('',#518,.T.);
#296=EDGE_LOOP('',(#2526,#2527,#2528,#2529));
#297=EDGE_LOOP('',(#2530,#2531,#2532,#2533));
#298=EDGE_LOOP('',(#2534,#2535,#2536,#2537));
#299=EDGE_LOOP('',(#2538,#2539,#2540,#2541));
#300=EDGE_LOOP('',(#2542,#2543,#2544,#2545));
#301=EDGE_LOOP('',(#2546,#2547,#2548,#2549));
#302=EDGE_LOOP('',(#2550,#2551,#2552,#2553));
#303=EDGE_LOOP('',(#2554,#2555,#2556,#2557));
#304=EDGE_LOOP('',(#2558,#2559,#2560,#2561,#2562,#2563,#2564,#2565));
#305=EDGE_LOOP('',(#2566,#2567,#2568,#2569));
#306=EDGE_LOOP('',(#2570,#2571,#2572,#2573,#2574,#2575,#2576,#2577));
#307=EDGE_LOOP('',(#2578,#2579,#2580,#2581));
#308=EDGE_LOOP('',(#2582,#2583,#2584,#2585));
#309=EDGE_LOOP('',(#2586,#2587,#2588,#2589));
#310=EDGE_LOOP('',(#2590,#2591,#2592,#2593));
#311=EDGE_LOOP('',(#2594,#2595,#2596,#2597));
#312=EDGE_LOOP('',(#2598,#2599,#2600,#2601,#2602,#2603,#2604,#2605));
#313=EDGE_LOOP('',(#2606,#2607,#2608,#2609,#2610,#2611,#2612,#2613));
#314=EDGE_LOOP('',(#2614,#2615,#2616,#2617,#2618,#2619));
#315=EDGE_LOOP('',(#2620,#2621,#2622,#2623,#2624,#2625,#2626,#2627));
#316=EDGE_LOOP('',(#2628,#2629,#2630,#2631,#2632,#2633,#2634,#2635));
#317=EDGE_LOOP('',(#2636,#2637,#2638,#2639,#2640,#2641,#2642,#2643));
#318=EDGE_LOOP('',(#2644,#2645,#2646,#2647,#2648,#2649));
#319=EDGE_LOOP('',(#2650,#2651,#2652,#2653,#2654,#2655,#2656,#2657));
#320=EDGE_LOOP('',(#2658,#2659,#2660,#2661));
#321=EDGE_LOOP('',(#2662,#2663,#2664,#2665));
#322=EDGE_LOOP('',(#2666,#2667,#2668,#2669));
#323=EDGE_LOOP('',(#2670,#2671,#2672,#2673));
#324=EDGE_LOOP('',(#2674,#2675,#2676,#2677));
#325=EDGE_LOOP('',(#2678,#2679,#2680,#2681));
#326=EDGE_LOOP('',(#2682,#2683,#2684,#2685,#2686,#2687,#2688,#2689));
#327=EDGE_LOOP('',(#2690,#2691,#2692,#2693));
#328=EDGE_LOOP('',(#2694,#2695,#2696,#2697,#2698,#2699,#2700,#2701));
#329=EDGE_LOOP('',(#2702,#2703,#2704,#2705,#2706,#2707,#2708,#2709));
#330=EDGE_LOOP('',(#2710,#2711,#2712,#2713,#2714,#2715));
#331=EDGE_LOOP('',(#2716,#2717,#2718,#2719,#2720,#2721,#2722,#2723));
#332=EDGE_LOOP('',(#2724,#2725,#2726,#2727));
#333=EDGE_LOOP('',(#2728,#2729,#2730,#2731,#2732,#2733,#2734,#2735));
#334=EDGE_LOOP('',(#2736,#2737,#2738,#2739));
#335=EDGE_LOOP('',(#2740,#2741,#2742,#2743,#2744,#2745,#2746,#2747));
#336=EDGE_LOOP('',(#2748,#2749,#2750,#2751));
#337=EDGE_LOOP('',(#2752,#2753,#2754,#2755));
#338=EDGE_LOOP('',(#2756,#2757,#2758,#2759));
#339=EDGE_LOOP('',(#2760,#2761,#2762,#2763));
#340=EDGE_LOOP('',(#2764,#2765,#2766,#2767));
#341=EDGE_LOOP('',(#2768,#2769,#2770,#2771,#2772,#2773));
#342=EDGE_LOOP('',(#2774,#2775,#2776,#2777));
#343=EDGE_LOOP('',(#2778,#2779,#2780,#2781));
#344=EDGE_LOOP('',(#2782,#2783,#2784,#2785));
#345=EDGE_LOOP('',(#2786,#2787,#2788,#2789));
#346=EDGE_LOOP('',(#2790,#2791,#2792,#2793));
#347=EDGE_LOOP('',(#2794,#2795,#2796,#2797));
#348=EDGE_LOOP('',(#2798,#2799,#2800,#2801));
#349=EDGE_LOOP('',(#2802,#2803,#2804,#2805));
#350=EDGE_LOOP('',(#2806,#2807,#2808,#2809,#2810));
#351=EDGE_LOOP('',(#2811,#2812,#2813,#2814,#2815));
#352=EDGE_LOOP('',(#2816,#2817,#2818,#2819));
#353=EDGE_LOOP('',(#2820,#2821,#2822,#2823,#2824,#2825,#2826,#2827,#2828,
#2829,#2830,#2831,#2832,#2833,#2834,#2835,#2836,#2837));
#354=EDGE_LOOP('',(#2838,#2839,#2840,#2841,#2842,#2843,#2844,#2845,#2846,
#2847));
#355=EDGE_LOOP('',(#2848,#2849,#2850,#2851,#2852,#2853,#2854,#2855,#2856,
#2857,#2858,#2859,#2860,#2861,#2862,#2863,#2864,#2865,#2866,#2867,#2868,
#2869,#2870,#2871));
#356=EDGE_LOOP('',(#2872,#2873,#2874,#2875,#2876,#2877,#2878,#2879,#2880,
#2881,#2882,#2883,#2884,#2885,#2886,#2887,#2888,#2889));
#357=EDGE_LOOP('',(#2890,#2891,#2892,#2893));
#358=EDGE_LOOP('',(#2894,#2895,#2896,#2897));
#359=EDGE_LOOP('',(#2898,#2899,#2900,#2901));
#360=EDGE_LOOP('',(#2902,#2903,#2904,#2905,#2906));
#361=EDGE_LOOP('',(#2907,#2908,#2909,#2910,#2911));
#362=EDGE_LOOP('',(#2912,#2913,#2914,#2915,#2916));
#363=EDGE_LOOP('',(#2917,#2918,#2919,#2920,#2921,#2922));
#364=EDGE_LOOP('',(#2923,#2924,#2925,#2926));
#365=EDGE_LOOP('',(#2927,#2928,#2929,#2930));
#366=EDGE_LOOP('',(#2931,#2932,#2933,#2934));
#367=EDGE_LOOP('',(#2935,#2936,#2937,#2938));
#368=EDGE_LOOP('',(#2939,#2940,#2941,#2942));
#369=EDGE_LOOP('',(#2943,#2944,#2945,#2946));
#370=EDGE_LOOP('',(#2947,#2948,#2949,#2950));
#371=EDGE_LOOP('',(#2951,#2952,#2953,#2954));
#372=EDGE_LOOP('',(#2955,#2956,#2957,#2958));
#373=EDGE_LOOP('',(#2959,#2960,#2961,#2962));
#374=EDGE_LOOP('',(#2963,#2964,#2965,#2966,#2967,#2968));
#375=EDGE_LOOP('',(#2969,#2970,#2971,#2972));
#376=EDGE_LOOP('',(#2973,#2974,#2975,#2976,#2977,#2978));
#377=EDGE_LOOP('',(#2979,#2980,#2981,#2982,#2983));
#378=EDGE_LOOP('',(#2984,#2985,#2986,#2987));
#379=EDGE_LOOP('',(#2988,#2989,#2990,#2991));
#380=EDGE_LOOP('',(#2992,#2993,#2994,#2995));
#381=EDGE_LOOP('',(#2996,#2997,#2998,#2999));
#382=EDGE_LOOP('',(#3000,#3001,#3002,#3003,#3004));
#383=EDGE_LOOP('',(#3005,#3006,#3007,#3008,#3009,#3010));
#384=EDGE_LOOP('',(#3011,#3012,#3013,#3014));
#385=EDGE_LOOP('',(#3015,#3016,#3017,#3018,#3019));
#386=EDGE_LOOP('',(#3020,#3021,#3022,#3023,#3024));
#387=EDGE_LOOP('',(#3025,#3026,#3027,#3028,#3029));
#388=EDGE_LOOP('',(#3030,#3031,#3032,#3033,#3034));
#389=EDGE_LOOP('',(#3035,#3036,#3037,#3038,#3039));
#390=EDGE_LOOP('',(#3040,#3041,#3042,#3043,#3044));
#391=EDGE_LOOP('',(#3045,#3046,#3047,#3048,#3049));
#392=EDGE_LOOP('',(#3050,#3051,#3052,#3053,#3054));
#393=EDGE_LOOP('',(#3055,#3056,#3057,#3058));
#394=EDGE_LOOP('',(#3059,#3060,#3061,#3062));
#395=EDGE_LOOP('',(#3063,#3064,#3065,#3066));
#396=EDGE_LOOP('',(#3067,#3068,#3069,#3070));
#397=EDGE_LOOP('',(#3071,#3072,#3073,#3074,#3075));
#398=EDGE_LOOP('',(#3076,#3077,#3078,#3079,#3080));
#399=EDGE_LOOP('',(#3081,#3082,#3083,#3084,#3085,#3086));
#400=EDGE_LOOP('',(#3087,#3088,#3089,#3090,#3091));
#401=EDGE_LOOP('',(#3092,#3093,#3094,#3095,#3096,#3097));
#402=EDGE_LOOP('',(#3098,#3099,#3100,#3101,#3102,#3103,#3104));
#403=EDGE_LOOP('',(#3105,#3106,#3107,#3108));
#404=EDGE_LOOP('',(#3109,#3110,#3111,#3112,#3113,#3114,#3115));
#405=EDGE_LOOP('',(#3116,#3117,#3118,#3119,#3120));
#406=EDGE_LOOP('',(#3121,#3122,#3123,#3124));
#407=EDGE_LOOP('',(#3125,#3126,#3127,#3128));
#408=EDGE_LOOP('',(#3129,#3130,#3131,#3132,#3133));
#409=EDGE_LOOP('',(#3134,#3135,#3136,#3137));
#410=EDGE_LOOP('',(#3138,#3139,#3140,#3141));
#411=EDGE_LOOP('',(#3142,#3143,#3144,#3145,#3146,#3147));
#412=EDGE_LOOP('',(#3148,#3149,#3150,#3151,#3152,#3153));
#413=EDGE_LOOP('',(#3154,#3155,#3156,#3157));
#414=EDGE_LOOP('',(#3158,#3159,#3160,#3161));
#415=EDGE_LOOP('',(#3162,#3163,#3164,#3165,#3166,#3167,#3168,#3169,#3170,
#3171));
#416=EDGE_LOOP('',(#3172,#3173,#3174,#3175));
#417=EDGE_LOOP('',(#3176,#3177,#3178,#3179));
#418=EDGE_LOOP('',(#3180,#3181,#3182,#3183));
#419=EDGE_LOOP('',(#3184,#3185,#3186,#3187,#3188,#3189,#3190));
#420=EDGE_LOOP('',(#3191,#3192,#3193,#3194));
#421=EDGE_LOOP('',(#3195,#3196,#3197,#3198,#3199));
#422=EDGE_LOOP('',(#3200,#3201,#3202,#3203,#3204));
#423=EDGE_LOOP('',(#3205,#3206,#3207,#3208));
#424=EDGE_LOOP('',(#3209,#3210,#3211,#3212));
#425=EDGE_LOOP('',(#3213,#3214,#3215,#3216,#3217,#3218,#3219));
#426=EDGE_LOOP('',(#3220,#3221,#3222,#3223));
#427=EDGE_LOOP('',(#3224,#3225,#3226,#3227));
#428=EDGE_LOOP('',(#3228,#3229,#3230,#3231,#3232,#3233,#3234,#3235,#3236,
#3237));
#429=EDGE_LOOP('',(#3238,#3239,#3240,#3241));
#430=EDGE_LOOP('',(#3242,#3243,#3244,#3245));
#431=EDGE_LOOP('',(#3246,#3247,#3248,#3249));
#432=EDGE_LOOP('',(#3250,#3251,#3252,#3253));
#433=EDGE_LOOP('',(#3254,#3255,#3256,#3257));
#434=EDGE_LOOP('',(#3258,#3259,#3260,#3261));
#435=EDGE_LOOP('',(#3262,#3263,#3264,#3265));
#436=EDGE_LOOP('',(#3266,#3267,#3268,#3269,#3270,#3271,#3272,#3273,#3274,
#3275));
#437=EDGE_LOOP('',(#3276,#3277,#3278,#3279));
#438=EDGE_LOOP('',(#3280,#3281,#3282,#3283));
#439=EDGE_LOOP('',(#3284,#3285,#3286,#3287));
#440=EDGE_LOOP('',(#3288,#3289,#3290,#3291,#3292,#3293,#3294));
#441=EDGE_LOOP('',(#3295,#3296,#3297,#3298));
#442=EDGE_LOOP('',(#3299,#3300,#3301,#3302,#3303));
#443=EDGE_LOOP('',(#3304,#3305,#3306,#3307,#3308));
#444=EDGE_LOOP('',(#3309,#3310,#3311,#3312));
#445=EDGE_LOOP('',(#3313,#3314,#3315,#3316));
#446=EDGE_LOOP('',(#3317,#3318,#3319,#3320,#3321,#3322,#3323));
#447=EDGE_LOOP('',(#3324,#3325,#3326,#3327));
#448=EDGE_LOOP('',(#3328,#3329,#3330,#3331));
#449=EDGE_LOOP('',(#3332,#3333,#3334,#3335,#3336,#3337,#3338,#3339,#3340,
#3341));
#450=EDGE_LOOP('',(#3342,#3343,#3344,#3345));
#451=EDGE_LOOP('',(#3346,#3347,#3348,#3349));
#452=EDGE_LOOP('',(#3350,#3351,#3352,#3353));
#453=EDGE_LOOP('',(#3354,#3355,#3356,#3357));
#454=EDGE_LOOP('',(#3358,#3359,#3360,#3361));
#455=EDGE_LOOP('',(#3362,#3363,#3364,#3365));
#456=EDGE_LOOP('',(#3366,#3367,#3368,#3369));
#457=EDGE_LOOP('',(#3370,#3371,#3372,#3373,#3374,#3375,#3376,#3377,#3378,
#3379));
#458=EDGE_LOOP('',(#3380,#3381,#3382,#3383));
#459=EDGE_LOOP('',(#3384,#3385,#3386,#3387));
#460=EDGE_LOOP('',(#3388,#3389,#3390,#3391));
#461=EDGE_LOOP('',(#3392,#3393,#3394,#3395,#3396,#3397,#3398));
#462=EDGE_LOOP('',(#3399,#3400,#3401,#3402));
#463=EDGE_LOOP('',(#3403,#3404,#3405,#3406,#3407));
#464=EDGE_LOOP('',(#3408,#3409,#3410,#3411,#3412));
#465=EDGE_LOOP('',(#3413,#3414,#3415,#3416));
#466=EDGE_LOOP('',(#3417,#3418,#3419,#3420));
#467=EDGE_LOOP('',(#3421,#3422,#3423,#3424,#3425,#3426,#3427));
#468=EDGE_LOOP('',(#3428,#3429,#3430,#3431));
#469=EDGE_LOOP('',(#3432,#3433,#3434,#3435));
#470=EDGE_LOOP('',(#3436,#3437,#3438,#3439,#3440,#3441,#3442,#3443,#3444,
#3445));
#471=EDGE_LOOP('',(#3446,#3447,#3448,#3449));
#472=EDGE_LOOP('',(#3450,#3451,#3452,#3453));
#473=EDGE_LOOP('',(#3454,#3455,#3456,#3457));
#474=EDGE_LOOP('',(#3458,#3459,#3460,#3461));
#475=EDGE_LOOP('',(#3462,#3463,#3464,#3465));
#476=EDGE_LOOP('',(#3466,#3467,#3468,#3469));
#477=EDGE_LOOP('',(#3470,#3471,#3472,#3473));
#478=EDGE_LOOP('',(#3474,#3475,#3476,#3477));
#479=EDGE_LOOP('',(#3478,#3479,#3480,#3481));
#480=EDGE_LOOP('',(#3482,#3483,#3484,#3485));
#481=EDGE_LOOP('',(#3486,#3487,#3488,#3489));
#482=EDGE_LOOP('',(#3490,#3491,#3492,#3493));
#483=EDGE_LOOP('',(#3494,#3495,#3496,#3497));
#484=EDGE_LOOP('',(#3498,#3499,#3500,#3501));
#485=EDGE_LOOP('',(#3502,#3503,#3504,#3505));
#486=EDGE_LOOP('',(#3506,#3507,#3508,#3509));
#487=EDGE_LOOP('',(#3510,#3511,#3512,#3513));
#488=EDGE_LOOP('',(#3514,#3515,#3516,#3517));
#489=EDGE_LOOP('',(#3518,#3519,#3520,#3521));
#490=EDGE_LOOP('',(#3522,#3523,#3524,#3525));
#491=EDGE_LOOP('',(#3526,#3527,#3528,#3529));
#492=EDGE_LOOP('',(#3530,#3531,#3532,#3533));
#493=EDGE_LOOP('',(#3534,#3535,#3536,#3537));
#494=EDGE_LOOP('',(#3538,#3539,#3540,#3541));
#495=EDGE_LOOP('',(#3542,#3543,#3544,#3545));
#496=EDGE_LOOP('',(#3546,#3547,#3548,#3549));
#497=EDGE_LOOP('',(#3550,#3551,#3552,#3553));
#498=EDGE_LOOP('',(#3554,#3555,#3556,#3557));
#499=EDGE_LOOP('',(#3558,#3559,#3560,#3561));
#500=EDGE_LOOP('',(#3562,#3563,#3564,#3565));
#501=EDGE_LOOP('',(#3566,#3567,#3568,#3569));
#502=EDGE_LOOP('',(#3570,#3571,#3572,#3573));
#503=EDGE_LOOP('',(#3574,#3575,#3576,#3577));
#504=EDGE_LOOP('',(#3578,#3579,#3580,#3581));
#505=EDGE_LOOP('',(#3582,#3583,#3584,#3585));
#506=EDGE_LOOP('',(#3586,#3587,#3588,#3589));
#507=EDGE_LOOP('',(#3590,#3591,#3592,#3593));
#508=EDGE_LOOP('',(#3594,#3595,#3596,#3597));
#509=EDGE_LOOP('',(#3598,#3599,#3600,#3601));
#510=EDGE_LOOP('',(#3602,#3603,#3604,#3605));
#511=EDGE_LOOP('',(#3606,#3607,#3608,#3609));
#512=EDGE_LOOP('',(#3610,#3611,#3612,#3613));
#513=EDGE_LOOP('',(#3614,#3615,#3616,#3617));
#514=EDGE_LOOP('',(#3618,#3619,#3620,#3621));
#515=EDGE_LOOP('',(#3622,#3623,#3624,#3625));
#516=EDGE_LOOP('',(#3626,#3627,#3628,#3629));
#517=EDGE_LOOP('',(#3630,#3631,#3632,#3633));
#518=EDGE_LOOP('',(#3634,#3635,#3636,#3637));
#519=LINE('',#5465,#1071);
#520=LINE('',#5467,#1072);
#521=LINE('',#5469,#1073);
#522=LINE('',#5470,#1074);
#523=LINE('',#5473,#1075);
#524=LINE('',#5475,#1076);
#525=LINE('',#5476,#1077);
#526=LINE('',#5479,#1078);
#527=LINE('',#5481,#1079);
#528=LINE('',#5483,#1080);
#529=LINE('',#5484,#1081);
#530=LINE('',#5487,#1082);
#531=LINE('',#5488,#1083);
#532=LINE('',#5491,#1084);
#533=LINE('',#5492,#1085);
#534=LINE('',#5495,#1086);
#535=LINE('',#5497,#1087);
#536=LINE('',#5499,#1088);
#537=LINE('',#5500,#1089);
#538=LINE('',#5502,#1090);
#539=LINE('',#5506,#1091);
#540=LINE('',#5508,#1092);
#541=LINE('',#5510,#1093);
#542=LINE('',#5514,#1094);
#543=LINE('',#5516,#1095);
#544=LINE('',#5517,#1096);
#545=LINE('',#5520,#1097);
#546=LINE('',#5521,#1098);
#547=LINE('',#5524,#1099);
#548=LINE('',#5526,#1100);
#549=LINE('',#5528,#1101);
#550=LINE('',#5532,#1102);
#551=LINE('',#5533,#1103);
#552=LINE('',#5535,#1104);
#553=LINE('',#5538,#1105);
#554=LINE('',#5540,#1106);
#555=LINE('',#5541,#1107);
#556=LINE('',#5544,#1108);
#557=LINE('',#5545,#1109);
#558=LINE('',#5548,#1110);
#559=LINE('',#5549,#1111);
#560=LINE('',#5551,#1112);
#561=LINE('',#5554,#1113);
#562=LINE('',#5556,#1114);
#563=LINE('',#5558,#1115);
#564=LINE('',#5560,#1116);
#565=LINE('',#5561,#1117);
#566=LINE('',#5565,#1118);
#567=LINE('',#5566,#1119);
#568=LINE('',#5568,#1120);
#569=LINE('',#5570,#1121);
#570=LINE('',#5572,#1122);
#571=LINE('',#5573,#1123);
#572=LINE('',#5576,#1124);
#573=LINE('',#5580,#1125);
#574=LINE('',#5581,#1126);
#575=LINE('',#5584,#1127);
#576=LINE('',#5586,#1128);
#577=LINE('',#5588,#1129);
#578=LINE('',#5590,#1130);
#579=LINE('',#5592,#1131);
#580=LINE('',#5593,#1132);
#581=LINE('',#5596,#1133);
#582=LINE('',#5598,#1134);
#583=LINE('',#5600,#1135);
#584=LINE('',#5601,#1136);
#585=LINE('',#5605,#1137);
#586=LINE('',#5606,#1138);
#587=LINE('',#5608,#1139);
#588=LINE('',#5610,#1140);
#589=LINE('',#5612,#1141);
#590=LINE('',#5613,#1142);
#591=LINE('',#5619,#1143);
#592=LINE('',#5620,#1144);
#593=LINE('',#5621,#1145);
#594=LINE('',#5625,#1146);
#595=LINE('',#5627,#1147);
#596=LINE('',#5628,#1148);
#597=LINE('',#5630,#1149);
#598=LINE('',#5631,#1150);
#599=LINE('',#5635,#1151);
#600=LINE('',#5637,#1152);
#601=LINE('',#5639,#1153);
#602=LINE('',#5640,#1154);
#603=LINE('',#5643,#1155);
#604=LINE('',#5644,#1156);
#605=LINE('',#5647,#1157);
#606=LINE('',#5648,#1158);
#607=LINE('',#5650,#1159);
#608=LINE('',#5653,#1160);
#609=LINE('',#5655,#1161);
#610=LINE('',#5656,#1162);
#611=LINE('',#5660,#1163);
#612=LINE('',#5661,#1164);
#613=LINE('',#5663,#1165);
#614=LINE('',#5664,#1166);
#615=LINE('',#5665,#1167);
#616=LINE('',#5668,#1168);
#617=LINE('',#5669,#1169);
#618=LINE('',#5672,#1170);
#619=LINE('',#5673,#1171);
#620=LINE('',#5677,#1172);
#621=LINE('',#5678,#1173);
#622=LINE('',#5680,#1174);
#623=LINE('',#5681,#1175);
#624=LINE('',#5682,#1176);
#625=LINE('',#5685,#1177);
#626=LINE('',#5686,#1178);
#627=LINE('',#5687,#1179);
#628=LINE('',#5690,#1180);
#629=LINE('',#5692,#1181);
#630=LINE('',#5693,#1182);
#631=LINE('',#5695,#1183);
#632=LINE('',#5696,#1184);
#633=LINE('',#5699,#1185);
#634=LINE('',#5700,#1186);
#635=LINE('',#5704,#1187);
#636=LINE('',#5705,#1188);
#637=LINE('',#5707,#1189);
#638=LINE('',#5708,#1190);
#639=LINE('',#5709,#1191);
#640=LINE('',#5712,#1192);
#641=LINE('',#5713,#1193);
#642=LINE('',#5716,#1194);
#643=LINE('',#5717,#1195);
#644=LINE('',#5719,#1196);
#645=LINE('',#5721,#1197);
#646=LINE('',#5722,#1198);
#647=LINE('',#5724,#1199);
#648=LINE('',#5726,#1200);
#649=LINE('',#5729,#1201);
#650=LINE('',#5731,#1202);
#651=LINE('',#5733,#1203);
#652=LINE('',#5734,#1204);
#653=LINE('',#5736,#1205);
#654=LINE('',#5738,#1206);
#655=LINE('',#5749,#1207);
#656=LINE('',#5751,#1208);
#657=LINE('',#5753,#1209);
#658=LINE('',#5755,#1210);
#659=LINE('',#5756,#1211);
#660=LINE('',#5759,#1212);
#661=LINE('',#5761,#1213);
#662=LINE('',#5763,#1214);
#663=LINE('',#5764,#1215);
#664=LINE('',#5767,#1216);
#665=LINE('',#5769,#1217);
#666=LINE('',#5770,#1218);
#667=LINE('',#5773,#1219);
#668=LINE('',#5775,#1220);
#669=LINE('',#5777,#1221);
#670=LINE('',#5779,#1222);
#671=LINE('',#5781,#1223);
#672=LINE('',#5783,#1224);
#673=LINE('',#5785,#1225);
#674=LINE('',#5787,#1226);
#675=LINE('',#5789,#1227);
#676=LINE('',#5791,#1228);
#677=LINE('',#5793,#1229);
#678=LINE('',#5795,#1230);
#679=LINE('',#5797,#1231);
#680=LINE('',#5799,#1232);
#681=LINE('',#5800,#1233);
#682=LINE('',#5803,#1234);
#683=LINE('',#5805,#1235);
#684=LINE('',#5807,#1236);
#685=LINE('',#5809,#1237);
#686=LINE('',#5811,#1238);
#687=LINE('',#5813,#1239);
#688=LINE('',#5815,#1240);
#689=LINE('',#5817,#1241);
#690=LINE('',#5819,#1242);
#691=LINE('',#5820,#1243);
#692=LINE('',#5823,#1244);
#693=LINE('',#5825,#1245);
#694=LINE('',#5827,#1246);
#695=LINE('',#5829,#1247);
#696=LINE('',#5831,#1248);
#697=LINE('',#5833,#1249);
#698=LINE('',#5835,#1250);
#699=LINE('',#5837,#1251);
#700=LINE('',#5839,#1252);
#701=LINE('',#5841,#1253);
#702=LINE('',#5843,#1254);
#703=LINE('',#5845,#1255);
#704=LINE('',#5847,#1256);
#705=LINE('',#5849,#1257);
#706=LINE('',#5851,#1258);
#707=LINE('',#5853,#1259);
#708=LINE('',#5855,#1260);
#709=LINE('',#5857,#1261);
#710=LINE('',#5859,#1262);
#711=LINE('',#5861,#1263);
#712=LINE('',#5863,#1264);
#713=LINE('',#5864,#1265);
#714=LINE('',#5867,#1266);
#715=LINE('',#5869,#1267);
#716=LINE('',#5871,#1268);
#717=LINE('',#5873,#1269);
#718=LINE('',#5875,#1270);
#719=LINE('',#5877,#1271);
#720=LINE('',#5879,#1272);
#721=LINE('',#5881,#1273);
#722=LINE('',#5883,#1274);
#723=LINE('',#5885,#1275);
#724=LINE('',#5887,#1276);
#725=LINE('',#5889,#1277);
#726=LINE('',#5891,#1278);
#727=LINE('',#5893,#1279);
#728=LINE('',#5895,#1280);
#729=LINE('',#5897,#1281);
#730=LINE('',#5899,#1282);
#731=LINE('',#5900,#1283);
#732=LINE('',#5903,#1284);
#733=LINE('',#5905,#1285);
#734=LINE('',#5906,#1286);
#735=LINE('',#5909,#1287);
#736=LINE('',#5910,#1288);
#737=LINE('',#5913,#1289);
#738=LINE('',#5915,#1290);
#739=LINE('',#5916,#1291);
#740=LINE('',#5918,#1292);
#741=LINE('',#5919,#1293);
#742=LINE('',#5923,#1294);
#743=LINE('',#5924,#1295);
#744=LINE('',#5925,#1296);
#745=LINE('',#5927,#1297);
#746=LINE('',#5928,#1298);
#747=LINE('',#5930,#1299);
#748=LINE('',#5931,#1300);
#749=LINE('',#5933,#1301);
#750=LINE('',#5935,#1302);
#751=LINE('',#5937,#1303);
#752=LINE('',#5939,#1304);
#753=LINE('',#5941,#1305);
#754=LINE('',#5943,#1306);
#755=LINE('',#5945,#1307);
#756=LINE('',#5947,#1308);
#757=LINE('',#5949,#1309);
#758=LINE('',#5951,#1310);
#759=LINE('',#5953,#1311);
#760=LINE('',#5955,#1312);
#761=LINE('',#5956,#1313);
#762=LINE('',#5958,#1314);
#763=LINE('',#5959,#1315);
#764=LINE('',#5962,#1316);
#765=LINE('',#5963,#1317);
#766=LINE('',#5965,#1318);
#767=LINE('',#5966,#1319);
#768=LINE('',#5968,#1320);
#769=LINE('',#5970,#1321);
#770=LINE('',#5973,#1322);
#771=LINE('',#5974,#1323);
#772=LINE('',#5976,#1324);
#773=LINE('',#5977,#1325);
#774=LINE('',#5979,#1326);
#775=LINE('',#5980,#1327);
#776=LINE('',#5984,#1328);
#777=LINE('',#5986,#1329);
#778=LINE('',#5987,#1330);
#779=LINE('',#5990,#1331);
#780=LINE('',#5991,#1332);
#781=LINE('',#5992,#1333);
#782=LINE('',#5995,#1334);
#783=LINE('',#5997,#1335);
#784=LINE('',#5998,#1336);
#785=LINE('',#6001,#1337);
#786=LINE('',#6003,#1338);
#787=LINE('',#6005,#1339);
#788=LINE('',#6006,#1340);
#789=LINE('',#6010,#1341);
#790=LINE('',#6011,#1342);
#791=LINE('',#6012,#1343);
#792=LINE('',#6014,#1344);
#793=LINE('',#6015,#1345);
#794=LINE('',#6018,#1346);
#795=LINE('',#6020,#1347);
#796=LINE('',#6022,#1348);
#797=LINE('',#6023,#1349);
#798=LINE('',#6026,#1350);
#799=LINE('',#6027,#1351);
#800=LINE('',#6028,#1352);
#801=LINE('',#6031,#1353);
#802=LINE('',#6032,#1354);
#803=LINE('',#6035,#1355);
#804=LINE('',#6036,#1356);
#805=LINE('',#6039,#1357);
#806=LINE('',#6041,#1358);
#807=LINE('',#6042,#1359);
#808=LINE('',#6045,#1360);
#809=LINE('',#6046,#1361);
#810=LINE('',#6049,#1362);
#811=LINE('',#6050,#1363);
#812=LINE('',#6051,#1364);
#813=LINE('',#6054,#1365);
#814=LINE('',#6056,#1366);
#815=LINE('',#6057,#1367);
#816=LINE('',#6059,#1368);
#817=LINE('',#6063,#1369);
#818=LINE('',#6064,#1370);
#819=LINE('',#6065,#1371);
#820=LINE('',#6067,#1372);
#821=LINE('',#6069,#1373);
#822=LINE('',#6072,#1374);
#823=LINE('',#6074,#1375);
#824=LINE('',#6077,#1376);
#825=LINE('',#6078,#1377);
#826=LINE('',#6081,#1378);
#827=LINE('',#6082,#1379);
#828=LINE('',#6084,#1380);
#829=LINE('',#6087,#1381);
#830=LINE('',#6090,#1382);
#831=LINE('',#6096,#1383);
#832=LINE('',#6098,#1384);
#833=LINE('',#6100,#1385);
#834=LINE('',#6101,#1386);
#835=LINE('',#6104,#1387);
#836=LINE('',#6106,#1388);
#837=LINE('',#6108,#1389);
#838=LINE('',#6110,#1390);
#839=LINE('',#6112,#1391);
#840=LINE('',#6114,#1392);
#841=LINE('',#6116,#1393);
#842=LINE('',#6118,#1394);
#843=LINE('',#6119,#1395);
#844=LINE('',#6122,#1396);
#845=LINE('',#6123,#1397);
#846=LINE('',#6126,#1398);
#847=LINE('',#6127,#1399);
#848=LINE('',#6129,#1400);
#849=LINE('',#6132,#1401);
#850=LINE('',#6134,#1402);
#851=LINE('',#6136,#1403);
#852=LINE('',#6138,#1404);
#853=LINE('',#6139,#1405);
#854=LINE('',#6142,#1406);
#855=LINE('',#6143,#1407);
#856=LINE('',#6146,#1408);
#857=LINE('',#6148,#1409);
#858=LINE('',#6149,#1410);
#859=LINE('',#6152,#1411);
#860=LINE('',#6154,#1412);
#861=LINE('',#6155,#1413);
#862=LINE('',#6158,#1414);
#863=LINE('',#6159,#1415);
#864=LINE('',#6162,#1416);
#865=LINE('',#6163,#1417);
#866=LINE('',#6166,#1418);
#867=LINE('',#6168,#1419);
#868=LINE('',#6170,#1420);
#869=LINE('',#6171,#1421);
#870=LINE('',#6173,#1422);
#871=LINE('',#6176,#1423);
#872=LINE('',#6178,#1424);
#873=LINE('',#6179,#1425);
#874=LINE('',#6182,#1426);
#875=LINE('',#6183,#1427);
#876=LINE('',#6184,#1428);
#877=LINE('',#6186,#1429);
#878=LINE('',#6187,#1430);
#879=LINE('',#6190,#1431);
#880=LINE('',#6194,#1432);
#881=LINE('',#6195,#1433);
#882=LINE('',#6197,#1434);
#883=LINE('',#6202,#1435);
#884=LINE('',#6204,#1436);
#885=LINE('',#6206,#1437);
#886=LINE('',#6207,#1438);
#887=LINE('',#6210,#1439);
#888=LINE('',#6212,#1440);
#889=LINE('',#6214,#1441);
#890=LINE('',#6216,#1442);
#891=LINE('',#6218,#1443);
#892=LINE('',#6220,#1444);
#893=LINE('',#6222,#1445);
#894=LINE('',#6224,#1446);
#895=LINE('',#6225,#1447);
#896=LINE('',#6228,#1448);
#897=LINE('',#6229,#1449);
#898=LINE('',#6232,#1450);
#899=LINE('',#6233,#1451);
#900=LINE('',#6235,#1452);
#901=LINE('',#6238,#1453);
#902=LINE('',#6240,#1454);
#903=LINE('',#6242,#1455);
#904=LINE('',#6244,#1456);
#905=LINE('',#6245,#1457);
#906=LINE('',#6248,#1458);
#907=LINE('',#6249,#1459);
#908=LINE('',#6252,#1460);
#909=LINE('',#6254,#1461);
#910=LINE('',#6255,#1462);
#911=LINE('',#6258,#1463);
#912=LINE('',#6260,#1464);
#913=LINE('',#6261,#1465);
#914=LINE('',#6264,#1466);
#915=LINE('',#6265,#1467);
#916=LINE('',#6268,#1468);
#917=LINE('',#6269,#1469);
#918=LINE('',#6272,#1470);
#919=LINE('',#6274,#1471);
#920=LINE('',#6276,#1472);
#921=LINE('',#6277,#1473);
#922=LINE('',#6279,#1474);
#923=LINE('',#6282,#1475);
#924=LINE('',#6284,#1476);
#925=LINE('',#6285,#1477);
#926=LINE('',#6288,#1478);
#927=LINE('',#6289,#1479);
#928=LINE('',#6290,#1480);
#929=LINE('',#6292,#1481);
#930=LINE('',#6293,#1482);
#931=LINE('',#6296,#1483);
#932=LINE('',#6300,#1484);
#933=LINE('',#6301,#1485);
#934=LINE('',#6303,#1486);
#935=LINE('',#6308,#1487);
#936=LINE('',#6310,#1488);
#937=LINE('',#6312,#1489);
#938=LINE('',#6313,#1490);
#939=LINE('',#6316,#1491);
#940=LINE('',#6318,#1492);
#941=LINE('',#6320,#1493);
#942=LINE('',#6322,#1494);
#943=LINE('',#6324,#1495);
#944=LINE('',#6326,#1496);
#945=LINE('',#6328,#1497);
#946=LINE('',#6330,#1498);
#947=LINE('',#6331,#1499);
#948=LINE('',#6334,#1500);
#949=LINE('',#6335,#1501);
#950=LINE('',#6338,#1502);
#951=LINE('',#6339,#1503);
#952=LINE('',#6341,#1504);
#953=LINE('',#6344,#1505);
#954=LINE('',#6346,#1506);
#955=LINE('',#6348,#1507);
#956=LINE('',#6350,#1508);
#957=LINE('',#6351,#1509);
#958=LINE('',#6354,#1510);
#959=LINE('',#6355,#1511);
#960=LINE('',#6358,#1512);
#961=LINE('',#6360,#1513);
#962=LINE('',#6361,#1514);
#963=LINE('',#6364,#1515);
#964=LINE('',#6366,#1516);
#965=LINE('',#6367,#1517);
#966=LINE('',#6370,#1518);
#967=LINE('',#6371,#1519);
#968=LINE('',#6374,#1520);
#969=LINE('',#6375,#1521);
#970=LINE('',#6378,#1522);
#971=LINE('',#6380,#1523);
#972=LINE('',#6382,#1524);
#973=LINE('',#6383,#1525);
#974=LINE('',#6385,#1526);
#975=LINE('',#6388,#1527);
#976=LINE('',#6390,#1528);
#977=LINE('',#6391,#1529);
#978=LINE('',#6394,#1530);
#979=LINE('',#6395,#1531);
#980=LINE('',#6396,#1532);
#981=LINE('',#6398,#1533);
#982=LINE('',#6399,#1534);
#983=LINE('',#6402,#1535);
#984=LINE('',#6406,#1536);
#985=LINE('',#6407,#1537);
#986=LINE('',#6409,#1538);
#987=LINE('',#6415,#1539);
#988=LINE('',#6417,#1540);
#989=LINE('',#6419,#1541);
#990=LINE('',#6420,#1542);
#991=LINE('',#6423,#1543);
#992=LINE('',#6425,#1544);
#993=LINE('',#6426,#1545);
#994=LINE('',#6429,#1546);
#995=LINE('',#6430,#1547);
#996=LINE('',#6433,#1548);
#997=LINE('',#6434,#1549);
#998=LINE('',#6436,#1550);
#999=LINE('',#6439,#1551);
#1000=LINE('',#6441,#1552);
#1001=LINE('',#6442,#1553);
#1002=LINE('',#6445,#1554);
#1003=LINE('',#6446,#1555);
#1004=LINE('',#6449,#1556);
#1005=LINE('',#6450,#1557);
#1006=LINE('',#6452,#1558);
#1007=LINE('',#6456,#1559);
#1008=LINE('',#6457,#1560);
#1009=LINE('',#6458,#1561);
#1010=LINE('',#6461,#1562);
#1011=LINE('',#6462,#1563);
#1012=LINE('',#6465,#1564);
#1013=LINE('',#6466,#1565);
#1014=LINE('',#6468,#1566);
#1015=LINE('',#6473,#1567);
#1016=LINE('',#6475,#1568);
#1017=LINE('',#6477,#1569);
#1018=LINE('',#6478,#1570);
#1019=LINE('',#6481,#1571);
#1020=LINE('',#6483,#1572);
#1021=LINE('',#6484,#1573);
#1022=LINE('',#6487,#1574);
#1023=LINE('',#6488,#1575);
#1024=LINE('',#6491,#1576);
#1025=LINE('',#6492,#1577);
#1026=LINE('',#6494,#1578);
#1027=LINE('',#6497,#1579);
#1028=LINE('',#6499,#1580);
#1029=LINE('',#6500,#1581);
#1030=LINE('',#6503,#1582);
#1031=LINE('',#6504,#1583);
#1032=LINE('',#6507,#1584);
#1033=LINE('',#6508,#1585);
#1034=LINE('',#6510,#1586);
#1035=LINE('',#6514,#1587);
#1036=LINE('',#6515,#1588);
#1037=LINE('',#6516,#1589);
#1038=LINE('',#6519,#1590);
#1039=LINE('',#6520,#1591);
#1040=LINE('',#6523,#1592);
#1041=LINE('',#6524,#1593);
#1042=LINE('',#6526,#1594);
#1043=LINE('',#6531,#1595);
#1044=LINE('',#6533,#1596);
#1045=LINE('',#6535,#1597);
#1046=LINE('',#6536,#1598);
#1047=LINE('',#6539,#1599);
#1048=LINE('',#6541,#1600);
#1049=LINE('',#6542,#1601);
#1050=LINE('',#6545,#1602);
#1051=LINE('',#6546,#1603);
#1052=LINE('',#6549,#1604);
#1053=LINE('',#6550,#1605);
#1054=LINE('',#6552,#1606);
#1055=LINE('',#6555,#1607);
#1056=LINE('',#6557,#1608);
#1057=LINE('',#6558,#1609);
#1058=LINE('',#6561,#1610);
#1059=LINE('',#6562,#1611);
#1060=LINE('',#6565,#1612);
#1061=LINE('',#6566,#1613);
#1062=LINE('',#6568,#1614);
#1063=LINE('',#6572,#1615);
#1064=LINE('',#6573,#1616);
#1065=LINE('',#6574,#1617);
#1066=LINE('',#6577,#1618);
#1067=LINE('',#6578,#1619);
#1068=LINE('',#6581,#1620);
#1069=LINE('',#6582,#1621);
#1070=LINE('',#6584,#1622);
#1071=VECTOR('',#4444,1.);
#1072=VECTOR('',#4445,1.);
#1073=VECTOR('',#4446,1.);
#1074=VECTOR('',#4447,1.);
#1075=VECTOR('',#4450,1.);
#1076=VECTOR('',#4451,1.);
#1077=VECTOR('',#4452,1.);
#1078=VECTOR('',#4453,1.);
#1079=VECTOR('',#4454,1.);
#1080=VECTOR('',#4455,1.);
#1081=VECTOR('',#4456,1.);
#1082=VECTOR('',#4459,1.);
#1083=VECTOR('',#4460,1.);
#1084=VECTOR('',#4463,1.);
#1085=VECTOR('',#4464,1.);
#1086=VECTOR('',#4465,1.);
#1087=VECTOR('',#4466,1.);
#1088=VECTOR('',#4467,1.);
#1089=VECTOR('',#4468,1.);
#1090=VECTOR('',#4471,1.);
#1091=VECTOR('',#4476,1.);
#1092=VECTOR('',#4477,1.);
#1093=VECTOR('',#4478,1.);
#1094=VECTOR('',#4481,1.);
#1095=VECTOR('',#4482,1.);
#1096=VECTOR('',#4483,1.);
#1097=VECTOR('',#4486,1.);
#1098=VECTOR('',#4487,1.);
#1099=VECTOR('',#4490,1.);
#1100=VECTOR('',#4491,1.);
#1101=VECTOR('',#4492,1.);
#1102=VECTOR('',#4495,1.);
#1103=VECTOR('',#4496,1.);
#1104=VECTOR('',#4499,1.);
#1105=VECTOR('',#4502,1.);
#1106=VECTOR('',#4503,1.);
#1107=VECTOR('',#4504,1.);
#1108=VECTOR('',#4507,1.);
#1109=VECTOR('',#4508,1.);
#1110=VECTOR('',#4511,1.);
#1111=VECTOR('',#4512,1.);
#1112=VECTOR('',#4515,1.);
#1113=VECTOR('',#4518,1.);
#1114=VECTOR('',#4519,1.);
#1115=VECTOR('',#4520,1.);
#1116=VECTOR('',#4521,1.);
#1117=VECTOR('',#4522,1.);
#1118=VECTOR('',#4525,1.);
#1119=VECTOR('',#4526,1.);
#1120=VECTOR('',#4527,1.);
#1121=VECTOR('',#4528,1.);
#1122=VECTOR('',#4529,1.);
#1123=VECTOR('',#4530,1.);
#1124=VECTOR('',#4533,1.);
#1125=VECTOR('',#4536,1.);
#1126=VECTOR('',#4537,1.);
#1127=VECTOR('',#4540,1.);
#1128=VECTOR('',#4541,1.);
#1129=VECTOR('',#4542,1.);
#1130=VECTOR('',#4543,1.);
#1131=VECTOR('',#4544,1.);
#1132=VECTOR('',#4545,1.);
#1133=VECTOR('',#4548,1.);
#1134=VECTOR('',#4549,1.);
#1135=VECTOR('',#4550,1.);
#1136=VECTOR('',#4551,1.);
#1137=VECTOR('',#4554,1.);
#1138=VECTOR('',#4555,1.);
#1139=VECTOR('',#4556,1.);
#1140=VECTOR('',#4557,1.);
#1141=VECTOR('',#4558,1.);
#1142=VECTOR('',#4559,1.);
#1143=VECTOR('',#4564,1.);
#1144=VECTOR('',#4565,1.);
#1145=VECTOR('',#4566,1.);
#1146=VECTOR('',#4569,1.);
#1147=VECTOR('',#4570,1.);
#1148=VECTOR('',#4571,1.);
#1149=VECTOR('',#4572,1.);
#1150=VECTOR('',#4573,1.);
#1151=VECTOR('',#4576,1.);
#1152=VECTOR('',#4577,1.);
#1153=VECTOR('',#4578,1.);
#1154=VECTOR('',#4579,1.);
#1155=VECTOR('',#4582,1.);
#1156=VECTOR('',#4583,1.);
#1157=VECTOR('',#4586,1.);
#1158=VECTOR('',#4587,1.);
#1159=VECTOR('',#4590,1.);
#1160=VECTOR('',#4593,1.);
#1161=VECTOR('',#4594,1.);
#1162=VECTOR('',#4595,1.);
#1163=VECTOR('',#4598,1.);
#1164=VECTOR('',#4599,1.);
#1165=VECTOR('',#4600,1.);
#1166=VECTOR('',#4601,1.);
#1167=VECTOR('',#4602,1.);
#1168=VECTOR('',#4605,1.);
#1169=VECTOR('',#4606,1.);
#1170=VECTOR('',#4609,1.);
#1171=VECTOR('',#4610,1.);
#1172=VECTOR('',#4613,1.);
#1173=VECTOR('',#4614,1.);
#1174=VECTOR('',#4615,1.);
#1175=VECTOR('',#4616,1.);
#1176=VECTOR('',#4617,1.);
#1177=VECTOR('',#4620,1.);
#1178=VECTOR('',#4621,1.);
#1179=VECTOR('',#4622,1.);
#1180=VECTOR('',#4625,1.);
#1181=VECTOR('',#4626,1.);
#1182=VECTOR('',#4627,1.);
#1183=VECTOR('',#4628,1.);
#1184=VECTOR('',#4629,1.);
#1185=VECTOR('',#4632,1.);
#1186=VECTOR('',#4633,1.);
#1187=VECTOR('',#4636,1.);
#1188=VECTOR('',#4637,1.);
#1189=VECTOR('',#4638,1.);
#1190=VECTOR('',#4639,1.);
#1191=VECTOR('',#4640,1.);
#1192=VECTOR('',#4643,1.);
#1193=VECTOR('',#4644,1.);
#1194=VECTOR('',#4647,1.);
#1195=VECTOR('',#4648,1.);
#1196=VECTOR('',#4649,1.);
#1197=VECTOR('',#4650,1.);
#1198=VECTOR('',#4651,1.);
#1199=VECTOR('',#4654,1.);
#1200=VECTOR('',#4657,1.);
#1201=VECTOR('',#4662,1.);
#1202=VECTOR('',#4665,1.);
#1203=VECTOR('',#4668,1.);
#1204=VECTOR('',#4669,1.);
#1205=VECTOR('',#4672,1.);
#1206=VECTOR('',#4675,1.);
#1207=VECTOR('',#4692,1.);
#1208=VECTOR('',#4693,1.);
#1209=VECTOR('',#4694,1.);
#1210=VECTOR('',#4695,1.);
#1211=VECTOR('',#4696,1.);
#1212=VECTOR('',#4699,1.);
#1213=VECTOR('',#4700,1.);
#1214=VECTOR('',#4701,1.);
#1215=VECTOR('',#4702,1.);
#1216=VECTOR('',#4705,1.);
#1217=VECTOR('',#4706,1.);
#1218=VECTOR('',#4707,1.);
#1219=VECTOR('',#4710,1.);
#1220=VECTOR('',#4711,1.);
#1221=VECTOR('',#4712,1.);
#1222=VECTOR('',#4713,1.);
#1223=VECTOR('',#4714,1.);
#1224=VECTOR('',#4715,1.00000000000064);
#1225=VECTOR('',#4716,1.);
#1226=VECTOR('',#4717,1.);
#1227=VECTOR('',#4718,1.);
#1228=VECTOR('',#4719,1.);
#1229=VECTOR('',#4720,1.00000000000064);
#1230=VECTOR('',#4721,1.);
#1231=VECTOR('',#4722,1.);
#1232=VECTOR('',#4723,1.);
#1233=VECTOR('',#4724,1.);
#1234=VECTOR('',#4725,1.);
#1235=VECTOR('',#4726,1.);
#1236=VECTOR('',#4727,1.);
#1237=VECTOR('',#4728,1.);
#1238=VECTOR('',#4729,1.);
#1239=VECTOR('',#4730,1.);
#1240=VECTOR('',#4731,1.);
#1241=VECTOR('',#4732,1.);
#1242=VECTOR('',#4733,1.);
#1243=VECTOR('',#4734,1.);
#1244=VECTOR('',#4737,1.);
#1245=VECTOR('',#4738,1.);
#1246=VECTOR('',#4739,1.);
#1247=VECTOR('',#4740,1.00000000000025);
#1248=VECTOR('',#4741,1.00000000000025);
#1249=VECTOR('',#4742,1.);
#1250=VECTOR('',#4743,1.);
#1251=VECTOR('',#4744,1.);
#1252=VECTOR('',#4745,1.00000000000064);
#1253=VECTOR('',#4746,1.);
#1254=VECTOR('',#4747,1.);
#1255=VECTOR('',#4748,1.);
#1256=VECTOR('',#4749,1.);
#1257=VECTOR('',#4750,1.00000000000064);
#1258=VECTOR('',#4751,1.);
#1259=VECTOR('',#4752,1.);
#1260=VECTOR('',#4753,1.);
#1261=VECTOR('',#4754,1.00000000000025);
#1262=VECTOR('',#4755,1.00000000000025);
#1263=VECTOR('',#4756,1.);
#1264=VECTOR('',#4757,1.);
#1265=VECTOR('',#4758,1.);
#1266=VECTOR('',#4759,1.);
#1267=VECTOR('',#4760,1.);
#1268=VECTOR('',#4761,1.00000000000025);
#1269=VECTOR('',#4762,1.00000000000025);
#1270=VECTOR('',#4763,1.);
#1271=VECTOR('',#4764,1.);
#1272=VECTOR('',#4765,1.);
#1273=VECTOR('',#4766,1.);
#1274=VECTOR('',#4767,1.);
#1275=VECTOR('',#4768,1.);
#1276=VECTOR('',#4769,1.);
#1277=VECTOR('',#4770,1.);
#1278=VECTOR('',#4771,1.);
#1279=VECTOR('',#4772,1.);
#1280=VECTOR('',#4773,1.00000000000025);
#1281=VECTOR('',#4774,1.00000000000025);
#1282=VECTOR('',#4775,1.);
#1283=VECTOR('',#4776,1.);
#1284=VECTOR('',#4779,1.);
#1285=VECTOR('',#4780,1.);
#1286=VECTOR('',#4781,1.);
#1287=VECTOR('',#4784,1.);
#1288=VECTOR('',#4785,1.);
#1289=VECTOR('',#4788,1.);
#1290=VECTOR('',#4789,1.);
#1291=VECTOR('',#4790,1.);
#1292=VECTOR('',#4793,1.);
#1293=VECTOR('',#4794,1.);
#1294=VECTOR('',#4797,1.);
#1295=VECTOR('',#4798,1.);
#1296=VECTOR('',#4799,1.);
#1297=VECTOR('',#4802,1.);
#1298=VECTOR('',#4803,1.);
#1299=VECTOR('',#4806,1.);
#1300=VECTOR('',#4807,1.);
#1301=VECTOR('',#4810,1.);
#1302=VECTOR('',#4813,1.);
#1303=VECTOR('',#4816,1.);
#1304=VECTOR('',#4819,1.);
#1305=VECTOR('',#4822,1.);
#1306=VECTOR('',#4825,1.);
#1307=VECTOR('',#4828,1.);
#1308=VECTOR('',#4831,1.);
#1309=VECTOR('',#4834,1.);
#1310=VECTOR('',#4837,1.);
#1311=VECTOR('',#4840,1.);
#1312=VECTOR('',#4843,1.);
#1313=VECTOR('',#4844,1.);
#1314=VECTOR('',#4847,1.);
#1315=VECTOR('',#4848,1.);
#1316=VECTOR('',#4851,1.);
#1317=VECTOR('',#4852,1.);
#1318=VECTOR('',#4855,1.);
#1319=VECTOR('',#4856,1.);
#1320=VECTOR('',#4859,1.);
#1321=VECTOR('',#4862,1.);
#1322=VECTOR('',#4865,1.);
#1323=VECTOR('',#4866,1.);
#1324=VECTOR('',#4869,1.);
#1325=VECTOR('',#4870,1.);
#1326=VECTOR('',#4873,1.);
#1327=VECTOR('',#4874,1.);
#1328=VECTOR('',#4879,1.);
#1329=VECTOR('',#4880,1.);
#1330=VECTOR('',#4881,1.);
#1331=VECTOR('',#4884,1.00000000000025);
#1332=VECTOR('',#4885,1.);
#1333=VECTOR('',#4886,1.00000000000025);
#1334=VECTOR('',#4889,1.00000000000025);
#1335=VECTOR('',#4890,1.);
#1336=VECTOR('',#4891,1.00000000000025);
#1337=VECTOR('',#4894,1.);
#1338=VECTOR('',#4895,1.00000000000025);
#1339=VECTOR('',#4896,1.);
#1340=VECTOR('',#4897,1.00000000000025);
#1341=VECTOR('',#4900,1.);
#1342=VECTOR('',#4901,1.00000000000025);
#1343=VECTOR('',#4902,1.00000000000025);
#1344=VECTOR('',#4905,1.);
#1345=VECTOR('',#4906,1.);
#1346=VECTOR('',#4909,1.);
#1347=VECTOR('',#4910,1.00000000000025);
#1348=VECTOR('',#4911,1.);
#1349=VECTOR('',#4912,1.00000000000025);
#1350=VECTOR('',#4915,1.);
#1351=VECTOR('',#4916,1.00000000000025);
#1352=VECTOR('',#4917,1.00000000000025);
#1353=VECTOR('',#4920,1.);
#1354=VECTOR('',#4921,1.);
#1355=VECTOR('',#4924,1.);
#1356=VECTOR('',#4925,1.);
#1357=VECTOR('',#4928,1.);
#1358=VECTOR('',#4929,1.);
#1359=VECTOR('',#4930,1.);
#1360=VECTOR('',#4933,1.);
#1361=VECTOR('',#4934,1.);
#1362=VECTOR('',#4937,1.00000000000025);
#1363=VECTOR('',#4938,1.);
#1364=VECTOR('',#4939,1.00000000000025);
#1365=VECTOR('',#4942,1.00000000000025);
#1366=VECTOR('',#4943,1.);
#1367=VECTOR('',#4944,1.00000000000025);
#1368=VECTOR('',#4947,0.99999999999982);
#1369=VECTOR('',#4950,1.);
#1370=VECTOR('',#4951,1.);
#1371=VECTOR('',#4952,1.);
#1372=VECTOR('',#4955,0.99999999999982);
#1373=VECTOR('',#4958,0.99999999999982);
#1374=VECTOR('',#4963,0.99999999999982);
#1375=VECTOR('',#4966,0.99999999999982);
#1376=VECTOR('',#4969,1.);
#1377=VECTOR('',#4970,1.);
#1378=VECTOR('',#4973,1.);
#1379=VECTOR('',#4974,1.);
#1380=VECTOR('',#4977,0.99999999999982);
#1381=VECTOR('',#4982,0.99999999999982);
#1382=VECTOR('',#4987,0.99999999999982);
#1383=VECTOR('',#4994,1.);
#1384=VECTOR('',#4995,1.);
#1385=VECTOR('',#4996,1.);
#1386=VECTOR('',#4997,1.);
#1387=VECTOR('',#5000,1.00000000000022);
#1388=VECTOR('',#5001,0.99999999999967);
#1389=VECTOR('',#5002,1.);
#1390=VECTOR('',#5003,0.99999999999967);
#1391=VECTOR('',#5004,1.);
#1392=VECTOR('',#5005,0.99999999999967);
#1393=VECTOR('',#5006,1.);
#1394=VECTOR('',#5007,0.99999999999967);
#1395=VECTOR('',#5008,1.00000000000022);
#1396=VECTOR('',#5011,1.00000000000065);
#1397=VECTOR('',#5012,1.);
#1398=VECTOR('',#5015,1.);
#1399=VECTOR('',#5016,1.00000000000065);
#1400=VECTOR('',#5019,1.);
#1401=VECTOR('',#5022,1.);
#1402=VECTOR('',#5023,1.);
#1403=VECTOR('',#5024,1.);
#1404=VECTOR('',#5025,0.999999999999917);
#1405=VECTOR('',#5026,1.);
#1406=VECTOR('',#5029,1.);
#1407=VECTOR('',#5030,1.);
#1408=VECTOR('',#5033,1.);
#1409=VECTOR('',#5034,0.999999999999917);
#1410=VECTOR('',#5035,1.);
#1411=VECTOR('',#5038,1.);
#1412=VECTOR('',#5039,1.);
#1413=VECTOR('',#5040,1.);
#1414=VECTOR('',#5043,1.);
#1415=VECTOR('',#5044,1.);
#1416=VECTOR('',#5047,1.);
#1417=VECTOR('',#5048,1.);
#1418=VECTOR('',#5051,1.);
#1419=VECTOR('',#5052,1.);
#1420=VECTOR('',#5053,0.999999999999917);
#1421=VECTOR('',#5054,1.);
#1422=VECTOR('',#5057,1.);
#1423=VECTOR('',#5060,1.00000000000065);
#1424=VECTOR('',#5061,0.999999999999341);
#1425=VECTOR('',#5062,1.);
#1426=VECTOR('',#5065,0.999999999999341);
#1427=VECTOR('',#5066,1.);
#1428=VECTOR('',#5067,1.);
#1429=VECTOR('',#5068,0.999999999999917);
#1430=VECTOR('',#5069,1.);
#1431=VECTOR('',#5074,1.);
#1432=VECTOR('',#5079,1.00000000000065);
#1433=VECTOR('',#5080,1.);
#1434=VECTOR('',#5083,1.);
#1435=VECTOR('',#5088,1.);
#1436=VECTOR('',#5089,1.);
#1437=VECTOR('',#5090,1.);
#1438=VECTOR('',#5091,1.);
#1439=VECTOR('',#5094,1.00000000000022);
#1440=VECTOR('',#5095,0.99999999999967);
#1441=VECTOR('',#5096,1.);
#1442=VECTOR('',#5097,0.99999999999967);
#1443=VECTOR('',#5098,1.);
#1444=VECTOR('',#5099,0.99999999999967);
#1445=VECTOR('',#5100,1.);
#1446=VECTOR('',#5101,0.99999999999967);
#1447=VECTOR('',#5102,1.00000000000022);
#1448=VECTOR('',#5105,1.00000000000065);
#1449=VECTOR('',#5106,1.);
#1450=VECTOR('',#5109,1.);
#1451=VECTOR('',#5110,1.00000000000065);
#1452=VECTOR('',#5113,1.);
#1453=VECTOR('',#5116,1.);
#1454=VECTOR('',#5117,1.);
#1455=VECTOR('',#5118,1.);
#1456=VECTOR('',#5119,0.999999999999917);
#1457=VECTOR('',#5120,1.);
#1458=VECTOR('',#5123,1.);
#1459=VECTOR('',#5124,1.);
#1460=VECTOR('',#5127,1.);
#1461=VECTOR('',#5128,0.999999999999917);
#1462=VECTOR('',#5129,1.);
#1463=VECTOR('',#5132,1.);
#1464=VECTOR('',#5133,1.);
#1465=VECTOR('',#5134,1.);
#1466=VECTOR('',#5137,1.);
#1467=VECTOR('',#5138,1.);
#1468=VECTOR('',#5141,1.);
#1469=VECTOR('',#5142,1.);
#1470=VECTOR('',#5145,1.);
#1471=VECTOR('',#5146,1.);
#1472=VECTOR('',#5147,0.999999999999917);
#1473=VECTOR('',#5148,1.);
#1474=VECTOR('',#5151,1.);
#1475=VECTOR('',#5154,1.00000000000065);
#1476=VECTOR('',#5155,0.999999999999341);
#1477=VECTOR('',#5156,1.);
#1478=VECTOR('',#5159,0.999999999999341);
#1479=VECTOR('',#5160,1.);
#1480=VECTOR('',#5161,1.);
#1481=VECTOR('',#5162,0.999999999999917);
#1482=VECTOR('',#5163,1.);
#1483=VECTOR('',#5168,1.);
#1484=VECTOR('',#5173,1.00000000000065);
#1485=VECTOR('',#5174,1.);
#1486=VECTOR('',#5177,1.);
#1487=VECTOR('',#5182,1.);
#1488=VECTOR('',#5183,1.);
#1489=VECTOR('',#5184,1.);
#1490=VECTOR('',#5185,1.);
#1491=VECTOR('',#5188,1.00000000000022);
#1492=VECTOR('',#5189,0.99999999999967);
#1493=VECTOR('',#5190,1.);
#1494=VECTOR('',#5191,0.99999999999967);
#1495=VECTOR('',#5192,1.);
#1496=VECTOR('',#5193,0.99999999999967);
#1497=VECTOR('',#5194,1.);
#1498=VECTOR('',#5195,0.99999999999967);
#1499=VECTOR('',#5196,1.00000000000022);
#1500=VECTOR('',#5199,1.00000000000065);
#1501=VECTOR('',#5200,1.);
#1502=VECTOR('',#5203,1.);
#1503=VECTOR('',#5204,1.00000000000065);
#1504=VECTOR('',#5207,1.);
#1505=VECTOR('',#5210,1.);
#1506=VECTOR('',#5211,1.);
#1507=VECTOR('',#5212,1.);
#1508=VECTOR('',#5213,0.999999999999917);
#1509=VECTOR('',#5214,1.);
#1510=VECTOR('',#5217,1.);
#1511=VECTOR('',#5218,1.);
#1512=VECTOR('',#5221,1.);
#1513=VECTOR('',#5222,0.999999999999917);
#1514=VECTOR('',#5223,1.);
#1515=VECTOR('',#5226,1.);
#1516=VECTOR('',#5227,1.);
#1517=VECTOR('',#5228,1.);
#1518=VECTOR('',#5231,1.);
#1519=VECTOR('',#5232,1.);
#1520=VECTOR('',#5235,1.);
#1521=VECTOR('',#5236,1.);
#1522=VECTOR('',#5239,1.);
#1523=VECTOR('',#5240,1.);
#1524=VECTOR('',#5241,0.999999999999917);
#1525=VECTOR('',#5242,1.);
#1526=VECTOR('',#5245,1.);
#1527=VECTOR('',#5248,1.00000000000065);
#1528=VECTOR('',#5249,0.999999999999341);
#1529=VECTOR('',#5250,1.);
#1530=VECTOR('',#5253,0.999999999999341);
#1531=VECTOR('',#5254,1.);
#1532=VECTOR('',#5255,1.);
#1533=VECTOR('',#5256,0.999999999999917);
#1534=VECTOR('',#5257,1.);
#1535=VECTOR('',#5262,1.);
#1536=VECTOR('',#5267,1.00000000000065);
#1537=VECTOR('',#5268,1.);
#1538=VECTOR('',#5271,1.);
#1539=VECTOR('',#5278,1.);
#1540=VECTOR('',#5279,1.);
#1541=VECTOR('',#5280,1.);
#1542=VECTOR('',#5281,1.);
#1543=VECTOR('',#5284,10.);
#1544=VECTOR('',#5285,1.);
#1545=VECTOR('',#5286,10.);
#1546=VECTOR('',#5289,10.);
#1547=VECTOR('',#5290,1.);
#1548=VECTOR('',#5293,10.);
#1549=VECTOR('',#5294,1.);
#1550=VECTOR('',#5297,1.);
#1551=VECTOR('',#5300,1.);
#1552=VECTOR('',#5301,1.);
#1553=VECTOR('',#5302,1.);
#1554=VECTOR('',#5305,1.);
#1555=VECTOR('',#5306,1.);
#1556=VECTOR('',#5309,1.);
#1557=VECTOR('',#5310,1.);
#1558=VECTOR('',#5313,1.);
#1559=VECTOR('',#5316,1.);
#1560=VECTOR('',#5317,10.);
#1561=VECTOR('',#5318,10.);
#1562=VECTOR('',#5321,1.);
#1563=VECTOR('',#5322,10.);
#1564=VECTOR('',#5325,1.);
#1565=VECTOR('',#5326,10.);
#1566=VECTOR('',#5329,1.);
#1567=VECTOR('',#5334,1.);
#1568=VECTOR('',#5335,1.);
#1569=VECTOR('',#5336,1.);
#1570=VECTOR('',#5337,1.);
#1571=VECTOR('',#5340,10.);
#1572=VECTOR('',#5341,1.);
#1573=VECTOR('',#5342,10.);
#1574=VECTOR('',#5345,10.);
#1575=VECTOR('',#5346,1.);
#1576=VECTOR('',#5349,10.);
#1577=VECTOR('',#5350,1.);
#1578=VECTOR('',#5353,1.);
#1579=VECTOR('',#5356,1.);
#1580=VECTOR('',#5357,1.);
#1581=VECTOR('',#5358,1.);
#1582=VECTOR('',#5361,1.);
#1583=VECTOR('',#5362,1.);
#1584=VECTOR('',#5365,1.);
#1585=VECTOR('',#5366,1.);
#1586=VECTOR('',#5369,1.);
#1587=VECTOR('',#5372,1.);
#1588=VECTOR('',#5373,10.);
#1589=VECTOR('',#5374,10.);
#1590=VECTOR('',#5377,1.);
#1591=VECTOR('',#5378,10.);
#1592=VECTOR('',#5381,1.);
#1593=VECTOR('',#5382,10.);
#1594=VECTOR('',#5385,1.);
#1595=VECTOR('',#5390,1.);
#1596=VECTOR('',#5391,1.);
#1597=VECTOR('',#5392,1.);
#1598=VECTOR('',#5393,1.);
#1599=VECTOR('',#5396,10.);
#1600=VECTOR('',#5397,1.);
#1601=VECTOR('',#5398,10.);
#1602=VECTOR('',#5401,10.);
#1603=VECTOR('',#5402,1.);
#1604=VECTOR('',#5405,10.);
#1605=VECTOR('',#5406,1.);
#1606=VECTOR('',#5409,1.);
#1607=VECTOR('',#5412,1.);
#1608=VECTOR('',#5413,1.);
#1609=VECTOR('',#5414,1.);
#1610=VECTOR('',#5417,1.);
#1611=VECTOR('',#5418,1.);
#1612=VECTOR('',#5421,1.);
#1613=VECTOR('',#5422,1.);
#1614=VECTOR('',#5425,1.);
#1615=VECTOR('',#5428,1.);
#1616=VECTOR('',#5429,10.);
#1617=VECTOR('',#5430,10.);
#1618=VECTOR('',#5433,1.);
#1619=VECTOR('',#5434,10.);
#1620=VECTOR('',#5437,1.);
#1621=VECTOR('',#5438,10.);
#1622=VECTOR('',#5441,1.);
#1623=VERTEX_POINT('',#5463);
#1624=VERTEX_POINT('',#5464);
#1625=VERTEX_POINT('',#5466);
#1626=VERTEX_POINT('',#5468);
#1627=VERTEX_POINT('',#5472);
#1628=VERTEX_POINT('',#5474);
#1629=VERTEX_POINT('',#5477);
#1630=VERTEX_POINT('',#5478);
#1631=VERTEX_POINT('',#5480);
#1632=VERTEX_POINT('',#5482);
#1633=VERTEX_POINT('',#5486);
#1634=VERTEX_POINT('',#5490);
#1635=VERTEX_POINT('',#5493);
#1636=VERTEX_POINT('',#5494);
#1637=VERTEX_POINT('',#5496);
#1638=VERTEX_POINT('',#5498);
#1639=VERTEX_POINT('',#5505);
#1640=VERTEX_POINT('',#5507);
#1641=VERTEX_POINT('',#5509);
#1642=VERTEX_POINT('',#5511);
#1643=VERTEX_POINT('',#5513);
#1644=VERTEX_POINT('',#5515);
#1645=VERTEX_POINT('',#5519);
#1646=VERTEX_POINT('',#5523);
#1647=VERTEX_POINT('',#5525);
#1648=VERTEX_POINT('',#5527);
#1649=VERTEX_POINT('',#5529);
#1650=VERTEX_POINT('',#5531);
#1651=VERTEX_POINT('',#5537);
#1652=VERTEX_POINT('',#5539);
#1653=VERTEX_POINT('',#5543);
#1654=VERTEX_POINT('',#5547);
#1655=VERTEX_POINT('',#5553);
#1656=VERTEX_POINT('',#5555);
#1657=VERTEX_POINT('',#5557);
#1658=VERTEX_POINT('',#5559);
#1659=VERTEX_POINT('',#5563);
#1660=VERTEX_POINT('',#5564);
#1661=VERTEX_POINT('',#5567);
#1662=VERTEX_POINT('',#5569);
#1663=VERTEX_POINT('',#5571);
#1664=VERTEX_POINT('',#5575);
#1665=VERTEX_POINT('',#5577);
#1666=VERTEX_POINT('',#5579);
#1667=VERTEX_POINT('',#5583);
#1668=VERTEX_POINT('',#5585);
#1669=VERTEX_POINT('',#5587);
#1670=VERTEX_POINT('',#5589);
#1671=VERTEX_POINT('',#5591);
#1672=VERTEX_POINT('',#5595);
#1673=VERTEX_POINT('',#5597);
#1674=VERTEX_POINT('',#5599);
#1675=VERTEX_POINT('',#5603);
#1676=VERTEX_POINT('',#5604);
#1677=VERTEX_POINT('',#5607);
#1678=VERTEX_POINT('',#5609);
#1679=VERTEX_POINT('',#5611);
#1680=VERTEX_POINT('',#5615);
#1681=VERTEX_POINT('',#5616);
#1682=VERTEX_POINT('',#5618);
#1683=VERTEX_POINT('',#5623);
#1684=VERTEX_POINT('',#5624);
#1685=VERTEX_POINT('',#5626);
#1686=VERTEX_POINT('',#5629);
#1687=VERTEX_POINT('',#5633);
#1688=VERTEX_POINT('',#5634);
#1689=VERTEX_POINT('',#5636);
#1690=VERTEX_POINT('',#5638);
#1691=VERTEX_POINT('',#5642);
#1692=VERTEX_POINT('',#5646);
#1693=VERTEX_POINT('',#5652);
#1694=VERTEX_POINT('',#5654);
#1695=VERTEX_POINT('',#5658);
#1696=VERTEX_POINT('',#5659);
#1697=VERTEX_POINT('',#5662);
#1698=VERTEX_POINT('',#5667);
#1699=VERTEX_POINT('',#5671);
#1700=VERTEX_POINT('',#5675);
#1701=VERTEX_POINT('',#5676);
#1702=VERTEX_POINT('',#5679);
#1703=VERTEX_POINT('',#5684);
#1704=VERTEX_POINT('',#5689);
#1705=VERTEX_POINT('',#5691);
#1706=VERTEX_POINT('',#5694);
#1707=VERTEX_POINT('',#5698);
#1708=VERTEX_POINT('',#5702);
#1709=VERTEX_POINT('',#5703);
#1710=VERTEX_POINT('',#5706);
#1711=VERTEX_POINT('',#5711);
#1712=VERTEX_POINT('',#5715);
#1713=VERTEX_POINT('',#5718);
#1714=VERTEX_POINT('',#5720);
#1715=VERTEX_POINT('',#5747);
#1716=VERTEX_POINT('',#5748);
#1717=VERTEX_POINT('',#5750);
#1718=VERTEX_POINT('',#5752);
#1719=VERTEX_POINT('',#5754);
#1720=VERTEX_POINT('',#5758);
#1721=VERTEX_POINT('',#5760);
#1722=VERTEX_POINT('',#5762);
#1723=VERTEX_POINT('',#5766);
#1724=VERTEX_POINT('',#5768);
#1725=VERTEX_POINT('',#5772);
#1726=VERTEX_POINT('',#5774);
#1727=VERTEX_POINT('',#5776);
#1728=VERTEX_POINT('',#5778);
#1729=VERTEX_POINT('',#5780);
#1730=VERTEX_POINT('',#5782);
#1731=VERTEX_POINT('',#5784);
#1732=VERTEX_POINT('',#5786);
#1733=VERTEX_POINT('',#5788);
#1734=VERTEX_POINT('',#5790);
#1735=VERTEX_POINT('',#5792);
#1736=VERTEX_POINT('',#5794);
#1737=VERTEX_POINT('',#5796);
#1738=VERTEX_POINT('',#5798);
#1739=VERTEX_POINT('',#5801);
#1740=VERTEX_POINT('',#5802);
#1741=VERTEX_POINT('',#5804);
#1742=VERTEX_POINT('',#5806);
#1743=VERTEX_POINT('',#5808);
#1744=VERTEX_POINT('',#5810);
#1745=VERTEX_POINT('',#5812);
#1746=VERTEX_POINT('',#5814);
#1747=VERTEX_POINT('',#5816);
#1748=VERTEX_POINT('',#5818);
#1749=VERTEX_POINT('',#5822);
#1750=VERTEX_POINT('',#5824);
#1751=VERTEX_POINT('',#5826);
#1752=VERTEX_POINT('',#5828);
#1753=VERTEX_POINT('',#5830);
#1754=VERTEX_POINT('',#5832);
#1755=VERTEX_POINT('',#5834);
#1756=VERTEX_POINT('',#5836);
#1757=VERTEX_POINT('',#5838);
#1758=VERTEX_POINT('',#5840);
#1759=VERTEX_POINT('',#5842);
#1760=VERTEX_POINT('',#5844);
#1761=VERTEX_POINT('',#5846);
#1762=VERTEX_POINT('',#5848);
#1763=VERTEX_POINT('',#5850);
#1764=VERTEX_POINT('',#5852);
#1765=VERTEX_POINT('',#5854);
#1766=VERTEX_POINT('',#5856);
#1767=VERTEX_POINT('',#5858);
#1768=VERTEX_POINT('',#5860);
#1769=VERTEX_POINT('',#5862);
#1770=VERTEX_POINT('',#5865);
#1771=VERTEX_POINT('',#5866);
#1772=VERTEX_POINT('',#5868);
#1773=VERTEX_POINT('',#5870);
#1774=VERTEX_POINT('',#5872);
#1775=VERTEX_POINT('',#5874);
#1776=VERTEX_POINT('',#5876);
#1777=VERTEX_POINT('',#5878);
#1778=VERTEX_POINT('',#5880);
#1779=VERTEX_POINT('',#5882);
#1780=VERTEX_POINT('',#5884);
#1781=VERTEX_POINT('',#5886);
#1782=VERTEX_POINT('',#5888);
#1783=VERTEX_POINT('',#5890);
#1784=VERTEX_POINT('',#5892);
#1785=VERTEX_POINT('',#5894);
#1786=VERTEX_POINT('',#5896);
#1787=VERTEX_POINT('',#5898);
#1788=VERTEX_POINT('',#5902);
#1789=VERTEX_POINT('',#5904);
#1790=VERTEX_POINT('',#5908);
#1791=VERTEX_POINT('',#5912);
#1792=VERTEX_POINT('',#5914);
#1793=VERTEX_POINT('',#5921);
#1794=VERTEX_POINT('',#5922);
#1795=VERTEX_POINT('',#5961);
#1796=VERTEX_POINT('',#5972);
#1797=VERTEX_POINT('',#5983);
#1798=VERTEX_POINT('',#5985);
#1799=VERTEX_POINT('',#5989);
#1800=VERTEX_POINT('',#5994);
#1801=VERTEX_POINT('',#5996);
#1802=VERTEX_POINT('',#6000);
#1803=VERTEX_POINT('',#6002);
#1804=VERTEX_POINT('',#6004);
#1805=VERTEX_POINT('',#6008);
#1806=VERTEX_POINT('',#6009);
#1807=VERTEX_POINT('',#6017);
#1808=VERTEX_POINT('',#6019);
#1809=VERTEX_POINT('',#6021);
#1810=VERTEX_POINT('',#6025);
#1811=VERTEX_POINT('',#6030);
#1812=VERTEX_POINT('',#6034);
#1813=VERTEX_POINT('',#6038);
#1814=VERTEX_POINT('',#6040);
#1815=VERTEX_POINT('',#6044);
#1816=VERTEX_POINT('',#6048);
#1817=VERTEX_POINT('',#6053);
#1818=VERTEX_POINT('',#6055);
#1819=VERTEX_POINT('',#6061);
#1820=VERTEX_POINT('',#6062);
#1821=VERTEX_POINT('',#6076);
#1822=VERTEX_POINT('',#6080);
#1823=VERTEX_POINT('',#6094);
#1824=VERTEX_POINT('',#6095);
#1825=VERTEX_POINT('',#6097);
#1826=VERTEX_POINT('',#6099);
#1827=VERTEX_POINT('',#6103);
#1828=VERTEX_POINT('',#6105);
#1829=VERTEX_POINT('',#6107);
#1830=VERTEX_POINT('',#6109);
#1831=VERTEX_POINT('',#6111);
#1832=VERTEX_POINT('',#6113);
#1833=VERTEX_POINT('',#6115);
#1834=VERTEX_POINT('',#6117);
#1835=VERTEX_POINT('',#6121);
#1836=VERTEX_POINT('',#6125);
#1837=VERTEX_POINT('',#6131);
#1838=VERTEX_POINT('',#6133);
#1839=VERTEX_POINT('',#6135);
#1840=VERTEX_POINT('',#6137);
#1841=VERTEX_POINT('',#6141);
#1842=VERTEX_POINT('',#6145);
#1843=VERTEX_POINT('',#6147);
#1844=VERTEX_POINT('',#6151);
#1845=VERTEX_POINT('',#6153);
#1846=VERTEX_POINT('',#6157);
#1847=VERTEX_POINT('',#6161);
#1848=VERTEX_POINT('',#6165);
#1849=VERTEX_POINT('',#6167);
#1850=VERTEX_POINT('',#6169);
#1851=VERTEX_POINT('',#6175);
#1852=VERTEX_POINT('',#6177);
#1853=VERTEX_POINT('',#6181);
#1854=VERTEX_POINT('',#6185);
#1855=VERTEX_POINT('',#6193);
#1856=VERTEX_POINT('',#6200);
#1857=VERTEX_POINT('',#6201);
#1858=VERTEX_POINT('',#6203);
#1859=VERTEX_POINT('',#6205);
#1860=VERTEX_POINT('',#6209);
#1861=VERTEX_POINT('',#6211);
#1862=VERTEX_POINT('',#6213);
#1863=VERTEX_POINT('',#6215);
#1864=VERTEX_POINT('',#6217);
#1865=VERTEX_POINT('',#6219);
#1866=VERTEX_POINT('',#6221);
#1867=VERTEX_POINT('',#6223);
#1868=VERTEX_POINT('',#6227);
#1869=VERTEX_POINT('',#6231);
#1870=VERTEX_POINT('',#6237);
#1871=VERTEX_POINT('',#6239);
#1872=VERTEX_POINT('',#6241);
#1873=VERTEX_POINT('',#6243);
#1874=VERTEX_POINT('',#6247);
#1875=VERTEX_POINT('',#6251);
#1876=VERTEX_POINT('',#6253);
#1877=VERTEX_POINT('',#6257);
#1878=VERTEX_POINT('',#6259);
#1879=VERTEX_POINT('',#6263);
#1880=VERTEX_POINT('',#6267);
#1881=VERTEX_POINT('',#6271);
#1882=VERTEX_POINT('',#6273);
#1883=VERTEX_POINT('',#6275);
#1884=VERTEX_POINT('',#6281);
#1885=VERTEX_POINT('',#6283);
#1886=VERTEX_POINT('',#6287);
#1887=VERTEX_POINT('',#6291);
#1888=VERTEX_POINT('',#6299);
#1889=VERTEX_POINT('',#6306);
#1890=VERTEX_POINT('',#6307);
#1891=VERTEX_POINT('',#6309);
#1892=VERTEX_POINT('',#6311);
#1893=VERTEX_POINT('',#6315);
#1894=VERTEX_POINT('',#6317);
#1895=VERTEX_POINT('',#6319);
#1896=VERTEX_POINT('',#6321);
#1897=VERTEX_POINT('',#6323);
#1898=VERTEX_POINT('',#6325);
#1899=VERTEX_POINT('',#6327);
#1900=VERTEX_POINT('',#6329);
#1901=VERTEX_POINT('',#6333);
#1902=VERTEX_POINT('',#6337);
#1903=VERTEX_POINT('',#6343);
#1904=VERTEX_POINT('',#6345);
#1905=VERTEX_POINT('',#6347);
#1906=VERTEX_POINT('',#6349);
#1907=VERTEX_POINT('',#6353);
#1908=VERTEX_POINT('',#6357);
#1909=VERTEX_POINT('',#6359);
#1910=VERTEX_POINT('',#6363);
#1911=VERTEX_POINT('',#6365);
#1912=VERTEX_POINT('',#6369);
#1913=VERTEX_POINT('',#6373);
#1914=VERTEX_POINT('',#6377);
#1915=VERTEX_POINT('',#6379);
#1916=VERTEX_POINT('',#6381);
#1917=VERTEX_POINT('',#6387);
#1918=VERTEX_POINT('',#6389);
#1919=VERTEX_POINT('',#6393);
#1920=VERTEX_POINT('',#6397);
#1921=VERTEX_POINT('',#6405);
#1922=VERTEX_POINT('',#6413);
#1923=VERTEX_POINT('',#6414);
#1924=VERTEX_POINT('',#6416);
#1925=VERTEX_POINT('',#6418);
#1926=VERTEX_POINT('',#6422);
#1927=VERTEX_POINT('',#6424);
#1928=VERTEX_POINT('',#6428);
#1929=VERTEX_POINT('',#6432);
#1930=VERTEX_POINT('',#6438);
#1931=VERTEX_POINT('',#6440);
#1932=VERTEX_POINT('',#6444);
#1933=VERTEX_POINT('',#6448);
#1934=VERTEX_POINT('',#6454);
#1935=VERTEX_POINT('',#6455);
#1936=VERTEX_POINT('',#6460);
#1937=VERTEX_POINT('',#6464);
#1938=VERTEX_POINT('',#6471);
#1939=VERTEX_POINT('',#6472);
#1940=VERTEX_POINT('',#6474);
#1941=VERTEX_POINT('',#6476);
#1942=VERTEX_POINT('',#6480);
#1943=VERTEX_POINT('',#6482);
#1944=VERTEX_POINT('',#6486);
#1945=VERTEX_POINT('',#6490);
#1946=VERTEX_POINT('',#6496);
#1947=VERTEX_POINT('',#6498);
#1948=VERTEX_POINT('',#6502);
#1949=VERTEX_POINT('',#6506);
#1950=VERTEX_POINT('',#6512);
#1951=VERTEX_POINT('',#6513);
#1952=VERTEX_POINT('',#6518);
#1953=VERTEX_POINT('',#6522);
#1954=VERTEX_POINT('',#6529);
#1955=VERTEX_POINT('',#6530);
#1956=VERTEX_POINT('',#6532);
#1957=VERTEX_POINT('',#6534);
#1958=VERTEX_POINT('',#6538);
#1959=VERTEX_POINT('',#6540);
#1960=VERTEX_POINT('',#6544);
#1961=VERTEX_POINT('',#6548);
#1962=VERTEX_POINT('',#6554);
#1963=VERTEX_POINT('',#6556);
#1964=VERTEX_POINT('',#6560);
#1965=VERTEX_POINT('',#6564);
#1966=VERTEX_POINT('',#6570);
#1967=VERTEX_POINT('',#6571);
#1968=VERTEX_POINT('',#6576);
#1969=VERTEX_POINT('',#6580);
#1970=EDGE_CURVE('',#1623,#1624,#519,.T.);
#1971=EDGE_CURVE('',#1623,#1625,#520,.T.);
#1972=EDGE_CURVE('',#1625,#1626,#521,.T.);
#1973=EDGE_CURVE('',#1624,#1626,#522,.T.);
#1974=EDGE_CURVE('',#1624,#1627,#523,.T.);
#1975=EDGE_CURVE('',#1627,#1628,#524,.T.);
#1976=EDGE_CURVE('',#1628,#1623,#525,.T.);
#1977=EDGE_CURVE('',#1629,#1630,#526,.T.);
#1978=EDGE_CURVE('',#1631,#1629,#527,.T.);
#1979=EDGE_CURVE('',#1632,#1631,#528,.T.);
#1980=EDGE_CURVE('',#1630,#1632,#529,.T.);
#1981=EDGE_CURVE('',#1626,#1633,#530,.T.);
#1982=EDGE_CURVE('',#1627,#1633,#531,.T.);
#1983=EDGE_CURVE('',#1634,#1625,#532,.T.);
#1984=EDGE_CURVE('',#1633,#1634,#533,.T.);
#1985=EDGE_CURVE('',#1635,#1636,#534,.T.);
#1986=EDGE_CURVE('',#1636,#1637,#535,.T.);
#1987=EDGE_CURVE('',#1637,#1638,#536,.T.);
#1988=EDGE_CURVE('',#1638,#1635,#537,.T.);
#1989=EDGE_CURVE('',#1628,#1634,#538,.T.);
#1990=EDGE_CURVE('',#1630,#1639,#539,.T.);
#1991=EDGE_CURVE('',#1640,#1639,#540,.T.);
#1992=EDGE_CURVE('',#1641,#1640,#541,.T.);
#1993=EDGE_CURVE('',#1642,#1641,#69,.T.);
#1994=EDGE_CURVE('',#1643,#1642,#542,.T.);
#1995=EDGE_CURVE('',#1644,#1643,#543,.T.);
#1996=EDGE_CURVE('',#1629,#1644,#544,.T.);
#1997=EDGE_CURVE('',#1632,#1645,#545,.T.);
#1998=EDGE_CURVE('',#1639,#1645,#546,.T.);
#1999=EDGE_CURVE('',#1631,#1646,#547,.T.);
#2000=EDGE_CURVE('',#1647,#1646,#548,.T.);
#2001=EDGE_CURVE('',#1648,#1647,#549,.T.);
#2002=EDGE_CURVE('',#1648,#1649,#70,.T.);
#2003=EDGE_CURVE('',#1650,#1649,#550,.T.);
#2004=EDGE_CURVE('',#1645,#1650,#551,.T.);
#2005=EDGE_CURVE('',#1646,#1644,#552,.T.);
#2006=EDGE_CURVE('',#1635,#1651,#553,.T.);
#2007=EDGE_CURVE('',#1651,#1652,#554,.T.);
#2008=EDGE_CURVE('',#1636,#1652,#555,.T.);
#2009=EDGE_CURVE('',#1638,#1653,#556,.T.);
#2010=EDGE_CURVE('',#1653,#1651,#557,.T.);
#2011=EDGE_CURVE('',#1637,#1654,#558,.T.);
#2012=EDGE_CURVE('',#1654,#1653,#559,.T.);
#2013=EDGE_CURVE('',#1652,#1654,#560,.T.);
#2014=EDGE_CURVE('',#1655,#1640,#561,.T.);
#2015=EDGE_CURVE('',#1650,#1656,#562,.T.);
#2016=EDGE_CURVE('',#1656,#1657,#563,.T.);
#2017=EDGE_CURVE('',#1657,#1658,#564,.T.);
#2018=EDGE_CURVE('',#1658,#1655,#565,.T.);
#2019=EDGE_CURVE('',#1659,#1660,#566,.T.);
#2020=EDGE_CURVE('',#1641,#1660,#567,.T.);
#2021=EDGE_CURVE('',#1661,#1655,#568,.T.);
#2022=EDGE_CURVE('',#1661,#1662,#569,.T.);
#2023=EDGE_CURVE('',#1663,#1662,#570,.T.);
#2024=EDGE_CURVE('',#1659,#1663,#571,.T.);
#2025=EDGE_CURVE('',#1660,#1664,#572,.T.);
#2026=EDGE_CURVE('',#1665,#1664,#71,.T.);
#2027=EDGE_CURVE('',#1666,#1665,#573,.T.);
#2028=EDGE_CURVE('',#1642,#1666,#574,.T.);
#2029=EDGE_CURVE('',#1666,#1667,#575,.T.);
#2030=EDGE_CURVE('',#1668,#1667,#576,.T.);
#2031=EDGE_CURVE('',#1669,#1668,#577,.T.);
#2032=EDGE_CURVE('',#1669,#1670,#578,.T.);
#2033=EDGE_CURVE('',#1671,#1670,#579,.T.);
#2034=EDGE_CURVE('',#1643,#1671,#580,.T.);
#2035=EDGE_CURVE('',#1671,#1672,#581,.T.);
#2036=EDGE_CURVE('',#1672,#1673,#582,.T.);
#2037=EDGE_CURVE('',#1673,#1674,#583,.T.);
#2038=EDGE_CURVE('',#1674,#1647,#584,.T.);
#2039=EDGE_CURVE('',#1675,#1676,#585,.T.);
#2040=EDGE_CURVE('',#1676,#1648,#586,.T.);
#2041=EDGE_CURVE('',#1677,#1674,#587,.T.);
#2042=EDGE_CURVE('',#1677,#1678,#588,.T.);
#2043=EDGE_CURVE('',#1679,#1678,#589,.T.);
#2044=EDGE_CURVE('',#1675,#1679,#590,.T.);
#2045=EDGE_CURVE('',#1680,#1681,#72,.T.);
#2046=EDGE_CURVE('',#1681,#1682,#591,.T.);
#2047=EDGE_CURVE('',#1682,#1649,#592,.T.);
#2048=EDGE_CURVE('',#1680,#1676,#593,.T.);
#2049=EDGE_CURVE('',#1683,#1684,#594,.T.);
#2050=EDGE_CURVE('',#1683,#1685,#595,.T.);
#2051=EDGE_CURVE('',#1656,#1685,#596,.T.);
#2052=EDGE_CURVE('',#1682,#1686,#597,.T.);
#2053=EDGE_CURVE('',#1684,#1686,#598,.T.);
#2054=EDGE_CURVE('',#1687,#1688,#599,.T.);
#2055=EDGE_CURVE('',#1688,#1689,#600,.T.);
#2056=EDGE_CURVE('',#1689,#1690,#601,.T.);
#2057=EDGE_CURVE('',#1690,#1687,#602,.T.);
#2058=EDGE_CURVE('',#1661,#1691,#603,.T.);
#2059=EDGE_CURVE('',#1691,#1658,#604,.T.);
#2060=EDGE_CURVE('',#1691,#1692,#605,.T.);
#2061=EDGE_CURVE('',#1692,#1657,#606,.T.);
#2062=EDGE_CURVE('',#1692,#1685,#607,.T.);
#2063=EDGE_CURVE('',#1659,#1693,#608,.T.);
#2064=EDGE_CURVE('',#1693,#1694,#609,.T.);
#2065=EDGE_CURVE('',#1660,#1694,#610,.T.);
#2066=EDGE_CURVE('',#1695,#1696,#611,.T.);
#2067=EDGE_CURVE('',#1696,#1684,#612,.T.);
#2068=EDGE_CURVE('',#1697,#1686,#613,.T.);
#2069=EDGE_CURVE('',#1693,#1697,#614,.T.);
#2070=EDGE_CURVE('',#1663,#1695,#615,.T.);
#2071=EDGE_CURVE('',#1662,#1698,#616,.T.);
#2072=EDGE_CURVE('',#1695,#1698,#617,.T.);
#2073=EDGE_CURVE('',#1699,#1683,#618,.T.);
#2074=EDGE_CURVE('',#1698,#1699,#619,.T.);
#2075=EDGE_CURVE('',#1700,#1701,#620,.T.);
#2076=EDGE_CURVE('',#1664,#1700,#621,.T.);
#2077=EDGE_CURVE('',#1694,#1702,#622,.T.);
#2078=EDGE_CURVE('',#1702,#1682,#623,.T.);
#2079=EDGE_CURVE('',#1701,#1681,#624,.T.);
#2080=EDGE_CURVE('',#1687,#1703,#625,.T.);
#2081=EDGE_CURVE('',#1703,#1665,#626,.T.);
#2082=EDGE_CURVE('',#1688,#1700,#627,.T.);
#2083=EDGE_CURVE('',#1676,#1704,#628,.T.);
#2084=EDGE_CURVE('',#1704,#1705,#629,.T.);
#2085=EDGE_CURVE('',#1705,#1666,#630,.T.);
#2086=EDGE_CURVE('',#1706,#1703,#631,.T.);
#2087=EDGE_CURVE('',#1680,#1706,#632,.T.);
#2088=EDGE_CURVE('',#1707,#1670,#633,.T.);
#2089=EDGE_CURVE('',#1707,#1672,#634,.T.);
#2090=EDGE_CURVE('',#1708,#1709,#635,.T.);
#2091=EDGE_CURVE('',#1678,#1708,#636,.T.);
#2092=EDGE_CURVE('',#1677,#1710,#637,.T.);
#2093=EDGE_CURVE('',#1710,#1707,#638,.T.);
#2094=EDGE_CURVE('',#1709,#1669,#639,.T.);
#2095=EDGE_CURVE('',#1711,#1668,#640,.T.);
#2096=EDGE_CURVE('',#1711,#1709,#641,.T.);
#2097=EDGE_CURVE('',#1679,#1712,#642,.T.);
#2098=EDGE_CURVE('',#1712,#1711,#643,.T.);
#2099=EDGE_CURVE('',#1713,#1667,#644,.T.);
#2100=EDGE_CURVE('',#1714,#1713,#645,.T.);
#2101=EDGE_CURVE('',#1675,#1714,#646,.T.);
#2102=EDGE_CURVE('',#1713,#1705,#647,.T.);
#2103=EDGE_CURVE('',#1710,#1673,#648,.T.);
#2104=EDGE_CURVE('',#1714,#1704,#649,.T.);
#2105=EDGE_CURVE('',#1712,#1708,#650,.T.);
#2106=EDGE_CURVE('',#1689,#1701,#651,.T.);
#2107=EDGE_CURVE('',#1690,#1706,#652,.T.);
#2108=EDGE_CURVE('',#1696,#1699,#653,.T.);
#2109=EDGE_CURVE('',#1697,#1702,#654,.T.);
#2110=EDGE_CURVE('',#1715,#1716,#655,.T.);
#2111=EDGE_CURVE('',#1715,#1717,#656,.T.);
#2112=EDGE_CURVE('',#1717,#1718,#657,.T.);
#2113=EDGE_CURVE('',#1719,#1718,#658,.T.);
#2114=EDGE_CURVE('',#1716,#1719,#659,.T.);
#2115=EDGE_CURVE('',#1716,#1720,#660,.T.);
#2116=EDGE_CURVE('',#1720,#1721,#661,.T.);
#2117=EDGE_CURVE('',#1722,#1721,#662,.T.);
#2118=EDGE_CURVE('',#1715,#1722,#663,.T.);
#2119=EDGE_CURVE('',#1717,#1723,#664,.T.);
#2120=EDGE_CURVE('',#1723,#1724,#665,.T.);
#2121=EDGE_CURVE('',#1718,#1724,#666,.T.);
#2122=EDGE_CURVE('',#1722,#1725,#667,.T.);
#2123=EDGE_CURVE('',#1725,#1726,#668,.T.);
#2124=EDGE_CURVE('',#1726,#1727,#669,.T.);
#2125=EDGE_CURVE('',#1727,#1728,#670,.T.);
#2126=EDGE_CURVE('',#1728,#1729,#671,.T.);
#2127=EDGE_CURVE('',#1729,#1730,#672,.T.);
#2128=EDGE_CURVE('',#1730,#1731,#673,.T.);
#2129=EDGE_CURVE('',#1731,#1732,#674,.T.);
#2130=EDGE_CURVE('',#1733,#1732,#675,.T.);
#2131=EDGE_CURVE('',#1734,#1733,#676,.T.);
#2132=EDGE_CURVE('',#1735,#1734,#677,.T.);
#2133=EDGE_CURVE('',#1736,#1735,#678,.T.);
#2134=EDGE_CURVE('',#1737,#1736,#679,.T.);
#2135=EDGE_CURVE('',#1738,#1737,#680,.T.);
#2136=EDGE_CURVE('',#1723,#1738,#681,.T.);
#2137=EDGE_CURVE('',#1739,#1740,#682,.T.);
#2138=EDGE_CURVE('',#1740,#1741,#683,.T.);
#2139=EDGE_CURVE('',#1741,#1742,#684,.T.);
#2140=EDGE_CURVE('',#1742,#1743,#685,.T.);
#2141=EDGE_CURVE('',#1743,#1744,#686,.T.);
#2142=EDGE_CURVE('',#1745,#1744,#687,.T.);
#2143=EDGE_CURVE('',#1746,#1745,#688,.T.);
#2144=EDGE_CURVE('',#1747,#1746,#689,.T.);
#2145=EDGE_CURVE('',#1748,#1747,#690,.T.);
#2146=EDGE_CURVE('',#1739,#1748,#691,.T.);
#2147=EDGE_CURVE('',#1719,#1749,#692,.T.);
#2148=EDGE_CURVE('',#1749,#1750,#693,.T.);
#2149=EDGE_CURVE('',#1750,#1751,#694,.T.);
#2150=EDGE_CURVE('',#1751,#1752,#695,.T.);
#2151=EDGE_CURVE('',#1752,#1753,#696,.T.);
#2152=EDGE_CURVE('',#1753,#1754,#697,.T.);
#2153=EDGE_CURVE('',#1754,#1755,#698,.T.);
#2154=EDGE_CURVE('',#1755,#1756,#699,.T.);
#2155=EDGE_CURVE('',#1756,#1757,#700,.T.);
#2156=EDGE_CURVE('',#1757,#1758,#701,.T.);
#2157=EDGE_CURVE('',#1758,#1759,#702,.T.);
#2158=EDGE_CURVE('',#1760,#1759,#703,.T.);
#2159=EDGE_CURVE('',#1761,#1760,#704,.T.);
#2160=EDGE_CURVE('',#1762,#1761,#705,.T.);
#2161=EDGE_CURVE('',#1763,#1762,#706,.T.);
#2162=EDGE_CURVE('',#1764,#1763,#707,.T.);
#2163=EDGE_CURVE('',#1765,#1764,#708,.T.);
#2164=EDGE_CURVE('',#1766,#1765,#709,.T.);
#2165=EDGE_CURVE('',#1767,#1766,#710,.T.);
#2166=EDGE_CURVE('',#1768,#1767,#711,.T.);
#2167=EDGE_CURVE('',#1769,#1768,#712,.T.);
#2168=EDGE_CURVE('',#1720,#1769,#713,.T.);
#2169=EDGE_CURVE('',#1770,#1771,#714,.T.);
#2170=EDGE_CURVE('',#1771,#1772,#715,.T.);
#2171=EDGE_CURVE('',#1773,#1772,#716,.T.);
#2172=EDGE_CURVE('',#1774,#1773,#717,.T.);
#2173=EDGE_CURVE('',#1774,#1775,#718,.T.);
#2174=EDGE_CURVE('',#1775,#1776,#719,.T.);
#2175=EDGE_CURVE('',#1777,#1776,#720,.T.);
#2176=EDGE_CURVE('',#1778,#1777,#721,.T.);
#2177=EDGE_CURVE('',#1778,#1779,#722,.T.);
#2178=EDGE_CURVE('',#1780,#1779,#723,.T.);
#2179=EDGE_CURVE('',#1780,#1781,#724,.T.);
#2180=EDGE_CURVE('',#1781,#1782,#725,.T.);
#2181=EDGE_CURVE('',#1783,#1782,#726,.T.);
#2182=EDGE_CURVE('',#1784,#1783,#727,.T.);
#2183=EDGE_CURVE('',#1784,#1785,#728,.T.);
#2184=EDGE_CURVE('',#1785,#1786,#729,.T.);
#2185=EDGE_CURVE('',#1787,#1786,#730,.T.);
#2186=EDGE_CURVE('',#1770,#1787,#731,.T.);
#2187=EDGE_CURVE('',#1718,#1788,#732,.T.);
#2188=EDGE_CURVE('',#1788,#1789,#733,.T.);
#2189=EDGE_CURVE('',#1719,#1789,#734,.T.);
#2190=EDGE_CURVE('',#1721,#1790,#735,.T.);
#2191=EDGE_CURVE('',#1725,#1790,#736,.T.);
#2192=EDGE_CURVE('',#1721,#1791,#737,.T.);
#2193=EDGE_CURVE('',#1720,#1792,#738,.T.);
#2194=EDGE_CURVE('',#1791,#1792,#739,.T.);
#2195=EDGE_CURVE('',#1738,#1750,#740,.T.);
#2196=EDGE_CURVE('',#1724,#1749,#741,.T.);
#2197=EDGE_CURVE('',#1793,#1794,#742,.T.);
#2198=EDGE_CURVE('',#1794,#1788,#743,.T.);
#2199=EDGE_CURVE('',#1793,#1724,#744,.T.);
#2200=EDGE_CURVE('',#1790,#1769,#745,.T.);
#2201=EDGE_CURVE('',#1726,#1768,#746,.T.);
#2202=EDGE_CURVE('',#1767,#1765,#747,.T.);
#2203=EDGE_CURVE('',#1727,#1764,#748,.T.);
#2204=EDGE_CURVE('',#1728,#1763,#749,.T.);
#2205=EDGE_CURVE('',#1729,#1762,#750,.T.);
#2206=EDGE_CURVE('',#1730,#1761,#751,.T.);
#2207=EDGE_CURVE('',#1731,#1760,#752,.T.);
#2208=EDGE_CURVE('',#1732,#1759,#753,.T.);
#2209=EDGE_CURVE('',#1733,#1758,#754,.T.);
#2210=EDGE_CURVE('',#1734,#1757,#755,.T.);
#2211=EDGE_CURVE('',#1735,#1756,#756,.T.);
#2212=EDGE_CURVE('',#1736,#1755,#757,.T.);
#2213=EDGE_CURVE('',#1737,#1754,#758,.T.);
#2214=EDGE_CURVE('',#1751,#1753,#759,.T.);
#2215=EDGE_CURVE('',#1739,#1770,#760,.T.);
#2216=EDGE_CURVE('',#1740,#1787,#761,.T.);
#2217=EDGE_CURVE('',#1786,#1784,#762,.T.);
#2218=EDGE_CURVE('',#1741,#1783,#763,.T.);
#2219=EDGE_CURVE('',#1782,#1795,#764,.T.);
#2220=EDGE_CURVE('',#1742,#1795,#765,.T.);
#2221=EDGE_CURVE('',#1795,#1780,#766,.T.);
#2222=EDGE_CURVE('',#1743,#1780,#767,.T.);
#2223=EDGE_CURVE('',#1744,#1779,#768,.T.);
#2224=EDGE_CURVE('',#1745,#1778,#769,.T.);
#2225=EDGE_CURVE('',#1746,#1796,#770,.T.);
#2226=EDGE_CURVE('',#1796,#1778,#771,.T.);
#2227=EDGE_CURVE('',#1747,#1775,#772,.T.);
#2228=EDGE_CURVE('',#1776,#1796,#773,.T.);
#2229=EDGE_CURVE('',#1748,#1771,#774,.T.);
#2230=EDGE_CURVE('',#1772,#1774,#775,.T.);
#2231=EDGE_CURVE('',#1789,#1797,#776,.T.);
#2232=EDGE_CURVE('',#1798,#1797,#777,.T.);
#2233=EDGE_CURVE('',#1749,#1798,#778,.T.);
#2234=EDGE_CURVE('',#1797,#1799,#779,.T.);
#2235=EDGE_CURVE('',#1752,#1799,#780,.T.);
#2236=EDGE_CURVE('',#1798,#1751,#781,.T.);
#2237=EDGE_CURVE('',#1799,#1800,#782,.T.);
#2238=EDGE_CURVE('',#1801,#1800,#783,.T.);
#2239=EDGE_CURVE('',#1753,#1801,#784,.T.);
#2240=EDGE_CURVE('',#1766,#1802,#785,.T.);
#2241=EDGE_CURVE('',#1765,#1803,#786,.T.);
#2242=EDGE_CURVE('',#1803,#1804,#787,.T.);
#2243=EDGE_CURVE('',#1802,#1804,#788,.T.);
#2244=EDGE_CURVE('',#1805,#1806,#789,.T.);
#2245=EDGE_CURVE('',#1805,#1767,#790,.T.);
#2246=EDGE_CURVE('',#1806,#1802,#791,.T.);
#2247=EDGE_CURVE('',#1769,#1805,#792,.T.);
#2248=EDGE_CURVE('',#1792,#1806,#793,.T.);
#2249=EDGE_CURVE('',#1773,#1807,#794,.T.);
#2250=EDGE_CURVE('',#1772,#1808,#795,.T.);
#2251=EDGE_CURVE('',#1808,#1809,#796,.T.);
#2252=EDGE_CURVE('',#1807,#1809,#797,.T.);
#2253=EDGE_CURVE('',#1776,#1810,#798,.T.);
#2254=EDGE_CURVE('',#1776,#1774,#799,.T.);
#2255=EDGE_CURVE('',#1810,#1807,#800,.T.);
#2256=EDGE_CURVE('',#1777,#1811,#801,.T.);
#2257=EDGE_CURVE('',#1811,#1810,#802,.T.);
#2258=EDGE_CURVE('',#1778,#1812,#803,.T.);
#2259=EDGE_CURVE('',#1812,#1811,#804,.T.);
#2260=EDGE_CURVE('',#1780,#1813,#805,.T.);
#2261=EDGE_CURVE('',#1813,#1814,#806,.T.);
#2262=EDGE_CURVE('',#1781,#1814,#807,.T.);
#2263=EDGE_CURVE('',#1814,#1815,#808,.T.);
#2264=EDGE_CURVE('',#1782,#1815,#809,.T.);
#2265=EDGE_CURVE('',#1815,#1816,#810,.T.);
#2266=EDGE_CURVE('',#1785,#1816,#811,.T.);
#2267=EDGE_CURVE('',#1782,#1784,#812,.T.);
#2268=EDGE_CURVE('',#1816,#1817,#813,.T.);
#2269=EDGE_CURVE('',#1818,#1817,#814,.T.);
#2270=EDGE_CURVE('',#1786,#1818,#815,.T.);
#2271=EDGE_CURVE('',#1794,#1800,#816,.T.);
#2272=EDGE_CURVE('',#1819,#1820,#817,.T.);
#2273=EDGE_CURVE('',#1819,#1790,#818,.T.);
#2274=EDGE_CURVE('',#1820,#1791,#819,.T.);
#2275=EDGE_CURVE('',#1820,#1804,#820,.T.);
#2276=EDGE_CURVE('',#1793,#1801,#821,.T.);
#2277=EDGE_CURVE('',#1819,#1803,#822,.T.);
#2278=EDGE_CURVE('',#1818,#1795,#823,.T.);
#2279=EDGE_CURVE('',#1795,#1821,#824,.T.);
#2280=EDGE_CURVE('',#1821,#1813,#825,.T.);
#2281=EDGE_CURVE('',#1796,#1822,#826,.T.);
#2282=EDGE_CURVE('',#1822,#1812,#827,.T.);
#2283=EDGE_CURVE('',#1808,#1796,#828,.T.);
#2284=EDGE_CURVE('',#1809,#1822,#829,.T.);
#2285=EDGE_CURVE('',#1817,#1821,#830,.T.);
#2286=EDGE_CURVE('',#1823,#1824,#831,.T.);
#2287=EDGE_CURVE('',#1824,#1825,#832,.T.);
#2288=EDGE_CURVE('',#1826,#1825,#833,.T.);
#2289=EDGE_CURVE('',#1823,#1826,#834,.T.);
#2290=EDGE_CURVE('',#1823,#1827,#835,.T.);
#2291=EDGE_CURVE('',#1828,#1827,#836,.T.);
#2292=EDGE_CURVE('',#1828,#1829,#837,.T.);
#2293=EDGE_CURVE('',#1829,#1830,#838,.T.);
#2294=EDGE_CURVE('',#1831,#1830,#839,.T.);
#2295=EDGE_CURVE('',#1831,#1832,#840,.T.);
#2296=EDGE_CURVE('',#1832,#1833,#841,.T.);
#2297=EDGE_CURVE('',#1833,#1834,#842,.T.);
#2298=EDGE_CURVE('',#1824,#1834,#843,.T.);
#2299=EDGE_CURVE('',#1826,#1835,#844,.T.);
#2300=EDGE_CURVE('',#1827,#1835,#845,.T.);
#2301=EDGE_CURVE('',#1834,#1836,#846,.T.);
#2302=EDGE_CURVE('',#1825,#1836,#847,.T.);
#2303=EDGE_CURVE('',#1835,#1836,#848,.T.);
#2304=EDGE_CURVE('',#1836,#1837,#849,.T.);
#2305=EDGE_CURVE('',#1833,#1838,#850,.T.);
#2306=EDGE_CURVE('',#1839,#1838,#851,.T.);
#2307=EDGE_CURVE('',#1840,#1839,#852,.T.);
#2308=EDGE_CURVE('',#1837,#1840,#853,.T.);
#2309=EDGE_CURVE('',#1832,#1841,#854,.T.);
#2310=EDGE_CURVE('',#1841,#1838,#855,.T.);
#2311=EDGE_CURVE('',#1831,#1842,#856,.T.);
#2312=EDGE_CURVE('',#1843,#1842,#857,.T.);
#2313=EDGE_CURVE('',#1841,#1843,#858,.T.);
#2314=EDGE_CURVE('',#1844,#1830,#859,.T.);
#2315=EDGE_CURVE('',#1845,#1844,#860,.T.);
#2316=EDGE_CURVE('',#1845,#1842,#861,.T.);
#2317=EDGE_CURVE('',#1846,#1829,#862,.T.);
#2318=EDGE_CURVE('',#1846,#1844,#863,.T.);
#2319=EDGE_CURVE('',#1828,#1847,#864,.T.);
#2320=EDGE_CURVE('',#1847,#1846,#865,.T.);
#2321=EDGE_CURVE('',#1835,#1848,#866,.T.);
#2322=EDGE_CURVE('',#1848,#1849,#867,.T.);
#2323=EDGE_CURVE('',#1849,#1850,#868,.T.);
#2324=EDGE_CURVE('',#1850,#1847,#869,.T.);
#2325=EDGE_CURVE('',#1848,#1837,#870,.T.);
#2326=EDGE_CURVE('',#1851,#1837,#871,.T.);
#2327=EDGE_CURVE('',#1852,#1840,#872,.T.);
#2328=EDGE_CURVE('',#1851,#1852,#873,.T.);
#2329=EDGE_CURVE('',#1853,#1849,#874,.T.);
#2330=EDGE_CURVE('',#1853,#1852,#875,.T.);
#2331=EDGE_CURVE('',#1843,#1839,#876,.T.);
#2332=EDGE_CURVE('',#1845,#1854,#877,.T.);
#2333=EDGE_CURVE('',#1850,#1854,#878,.T.);
#2334=EDGE_CURVE('',#1854,#1846,#879,.T.);
#2335=EDGE_CURVE('',#1855,#1848,#880,.T.);
#2336=EDGE_CURVE('',#1855,#1853,#881,.T.);
#2337=EDGE_CURVE('',#1855,#1851,#882,.T.);
#2338=EDGE_CURVE('',#1856,#1857,#883,.T.);
#2339=EDGE_CURVE('',#1857,#1858,#884,.T.);
#2340=EDGE_CURVE('',#1859,#1858,#885,.T.);
#2341=EDGE_CURVE('',#1856,#1859,#886,.T.);
#2342=EDGE_CURVE('',#1856,#1860,#887,.T.);
#2343=EDGE_CURVE('',#1861,#1860,#888,.T.);
#2344=EDGE_CURVE('',#1861,#1862,#889,.T.);
#2345=EDGE_CURVE('',#1862,#1863,#890,.T.);
#2346=EDGE_CURVE('',#1864,#1863,#891,.T.);
#2347=EDGE_CURVE('',#1864,#1865,#892,.T.);
#2348=EDGE_CURVE('',#1865,#1866,#893,.T.);
#2349=EDGE_CURVE('',#1866,#1867,#894,.T.);
#2350=EDGE_CURVE('',#1857,#1867,#895,.T.);
#2351=EDGE_CURVE('',#1859,#1868,#896,.T.);
#2352=EDGE_CURVE('',#1860,#1868,#897,.T.);
#2353=EDGE_CURVE('',#1867,#1869,#898,.T.);
#2354=EDGE_CURVE('',#1858,#1869,#899,.T.);
#2355=EDGE_CURVE('',#1868,#1869,#900,.T.);
#2356=EDGE_CURVE('',#1869,#1870,#901,.T.);
#2357=EDGE_CURVE('',#1866,#1871,#902,.T.);
#2358=EDGE_CURVE('',#1872,#1871,#903,.T.);
#2359=EDGE_CURVE('',#1873,#1872,#904,.T.);
#2360=EDGE_CURVE('',#1870,#1873,#905,.T.);
#2361=EDGE_CURVE('',#1865,#1874,#906,.T.);
#2362=EDGE_CURVE('',#1874,#1871,#907,.T.);
#2363=EDGE_CURVE('',#1864,#1875,#908,.T.);
#2364=EDGE_CURVE('',#1876,#1875,#909,.T.);
#2365=EDGE_CURVE('',#1874,#1876,#910,.T.);
#2366=EDGE_CURVE('',#1877,#1863,#911,.T.);
#2367=EDGE_CURVE('',#1878,#1877,#912,.T.);
#2368=EDGE_CURVE('',#1878,#1875,#913,.T.);
#2369=EDGE_CURVE('',#1879,#1862,#914,.T.);
#2370=EDGE_CURVE('',#1879,#1877,#915,.T.);
#2371=EDGE_CURVE('',#1861,#1880,#916,.T.);
#2372=EDGE_CURVE('',#1880,#1879,#917,.T.);
#2373=EDGE_CURVE('',#1868,#1881,#918,.T.);
#2374=EDGE_CURVE('',#1881,#1882,#919,.T.);
#2375=EDGE_CURVE('',#1882,#1883,#920,.T.);
#2376=EDGE_CURVE('',#1883,#1880,#921,.T.);
#2377=EDGE_CURVE('',#1881,#1870,#922,.T.);
#2378=EDGE_CURVE('',#1884,#1870,#923,.T.);
#2379=EDGE_CURVE('',#1885,#1873,#924,.T.);
#2380=EDGE_CURVE('',#1884,#1885,#925,.T.);
#2381=EDGE_CURVE('',#1886,#1882,#926,.T.);
#2382=EDGE_CURVE('',#1886,#1885,#927,.T.);
#2383=EDGE_CURVE('',#1876,#1872,#928,.T.);
#2384=EDGE_CURVE('',#1878,#1887,#929,.T.);
#2385=EDGE_CURVE('',#1883,#1887,#930,.T.);
#2386=EDGE_CURVE('',#1887,#1879,#931,.T.);
#2387=EDGE_CURVE('',#1888,#1881,#932,.T.);
#2388=EDGE_CURVE('',#1888,#1886,#933,.T.);
#2389=EDGE_CURVE('',#1888,#1884,#934,.T.);
#2390=EDGE_CURVE('',#1889,#1890,#935,.T.);
#2391=EDGE_CURVE('',#1890,#1891,#936,.T.);
#2392=EDGE_CURVE('',#1892,#1891,#937,.T.);
#2393=EDGE_CURVE('',#1889,#1892,#938,.T.);
#2394=EDGE_CURVE('',#1889,#1893,#939,.T.);
#2395=EDGE_CURVE('',#1894,#1893,#940,.T.);
#2396=EDGE_CURVE('',#1894,#1895,#941,.T.);
#2397=EDGE_CURVE('',#1895,#1896,#942,.T.);
#2398=EDGE_CURVE('',#1897,#1896,#943,.T.);
#2399=EDGE_CURVE('',#1897,#1898,#944,.T.);
#2400=EDGE_CURVE('',#1898,#1899,#945,.T.);
#2401=EDGE_CURVE('',#1899,#1900,#946,.T.);
#2402=EDGE_CURVE('',#1890,#1900,#947,.T.);
#2403=EDGE_CURVE('',#1892,#1901,#948,.T.);
#2404=EDGE_CURVE('',#1893,#1901,#949,.T.);
#2405=EDGE_CURVE('',#1900,#1902,#950,.T.);
#2406=EDGE_CURVE('',#1891,#1902,#951,.T.);
#2407=EDGE_CURVE('',#1901,#1902,#952,.T.);
#2408=EDGE_CURVE('',#1902,#1903,#953,.T.);
#2409=EDGE_CURVE('',#1899,#1904,#954,.T.);
#2410=EDGE_CURVE('',#1905,#1904,#955,.T.);
#2411=EDGE_CURVE('',#1906,#1905,#956,.T.);
#2412=EDGE_CURVE('',#1903,#1906,#957,.T.);
#2413=EDGE_CURVE('',#1898,#1907,#958,.T.);
#2414=EDGE_CURVE('',#1907,#1904,#959,.T.);
#2415=EDGE_CURVE('',#1897,#1908,#960,.T.);
#2416=EDGE_CURVE('',#1909,#1908,#961,.T.);
#2417=EDGE_CURVE('',#1907,#1909,#962,.T.);
#2418=EDGE_CURVE('',#1910,#1896,#963,.T.);
#2419=EDGE_CURVE('',#1911,#1910,#964,.T.);
#2420=EDGE_CURVE('',#1911,#1908,#965,.T.);
#2421=EDGE_CURVE('',#1912,#1895,#966,.T.);
#2422=EDGE_CURVE('',#1912,#1910,#967,.T.);
#2423=EDGE_CURVE('',#1894,#1913,#968,.T.);
#2424=EDGE_CURVE('',#1913,#1912,#969,.T.);
#2425=EDGE_CURVE('',#1901,#1914,#970,.T.);
#2426=EDGE_CURVE('',#1914,#1915,#971,.T.);
#2427=EDGE_CURVE('',#1915,#1916,#972,.T.);
#2428=EDGE_CURVE('',#1916,#1913,#973,.T.);
#2429=EDGE_CURVE('',#1914,#1903,#974,.T.);
#2430=EDGE_CURVE('',#1917,#1903,#975,.T.);
#2431=EDGE_CURVE('',#1918,#1906,#976,.T.);
#2432=EDGE_CURVE('',#1917,#1918,#977,.T.);
#2433=EDGE_CURVE('',#1919,#1915,#978,.T.);
#2434=EDGE_CURVE('',#1919,#1918,#979,.T.);
#2435=EDGE_CURVE('',#1909,#1905,#980,.T.);
#2436=EDGE_CURVE('',#1911,#1920,#981,.T.);
#2437=EDGE_CURVE('',#1916,#1920,#982,.T.);
#2438=EDGE_CURVE('',#1920,#1912,#983,.T.);
#2439=EDGE_CURVE('',#1921,#1914,#984,.T.);
#2440=EDGE_CURVE('',#1921,#1919,#985,.T.);
#2441=EDGE_CURVE('',#1921,#1917,#986,.T.);
#2442=EDGE_CURVE('',#1922,#1923,#987,.T.);
#2443=EDGE_CURVE('',#1924,#1922,#988,.T.);
#2444=EDGE_CURVE('',#1925,#1924,#989,.T.);
#2445=EDGE_CURVE('',#1923,#1925,#990,.T.);
#2446=EDGE_CURVE('',#1923,#1926,#991,.T.);
#2447=EDGE_CURVE('',#1927,#1926,#992,.T.);
#2448=EDGE_CURVE('',#1922,#1927,#993,.T.);
#2449=EDGE_CURVE('',#1925,#1928,#994,.T.);
#2450=EDGE_CURVE('',#1926,#1928,#995,.T.);
#2451=EDGE_CURVE('',#1924,#1929,#996,.T.);
#2452=EDGE_CURVE('',#1928,#1929,#997,.T.);
#2453=EDGE_CURVE('',#1929,#1927,#998,.T.);
#2454=EDGE_CURVE('',#1927,#1930,#999,.T.);
#2455=EDGE_CURVE('',#1926,#1931,#1000,.T.);
#2456=EDGE_CURVE('',#1930,#1931,#1001,.T.);
#2457=EDGE_CURVE('',#1928,#1932,#1002,.T.);
#2458=EDGE_CURVE('',#1931,#1932,#1003,.T.);
#2459=EDGE_CURVE('',#1929,#1933,#1004,.T.);
#2460=EDGE_CURVE('',#1932,#1933,#1005,.T.);
#2461=EDGE_CURVE('',#1933,#1930,#1006,.T.);
#2462=EDGE_CURVE('',#1934,#1935,#1007,.T.);
#2463=EDGE_CURVE('',#1934,#1930,#1008,.T.);
#2464=EDGE_CURVE('',#1935,#1931,#1009,.T.);
#2465=EDGE_CURVE('',#1935,#1936,#1010,.T.);
#2466=EDGE_CURVE('',#1936,#1932,#1011,.T.);
#2467=EDGE_CURVE('',#1936,#1937,#1012,.T.);
#2468=EDGE_CURVE('',#1937,#1933,#1013,.T.);
#2469=EDGE_CURVE('',#1937,#1934,#1014,.T.);
#2470=EDGE_CURVE('',#1938,#1939,#1015,.T.);
#2471=EDGE_CURVE('',#1940,#1938,#1016,.T.);
#2472=EDGE_CURVE('',#1941,#1940,#1017,.T.);
#2473=EDGE_CURVE('',#1939,#1941,#1018,.T.);
#2474=EDGE_CURVE('',#1939,#1942,#1019,.T.);
#2475=EDGE_CURVE('',#1943,#1942,#1020,.T.);
#2476=EDGE_CURVE('',#1938,#1943,#1021,.T.);
#2477=EDGE_CURVE('',#1941,#1944,#1022,.T.);
#2478=EDGE_CURVE('',#1942,#1944,#1023,.T.);
#2479=EDGE_CURVE('',#1940,#1945,#1024,.T.);
#2480=EDGE_CURVE('',#1944,#1945,#1025,.T.);
#2481=EDGE_CURVE('',#1945,#1943,#1026,.T.);
#2482=EDGE_CURVE('',#1943,#1946,#1027,.T.);
#2483=EDGE_CURVE('',#1942,#1947,#1028,.T.);
#2484=EDGE_CURVE('',#1946,#1947,#1029,.T.);
#2485=EDGE_CURVE('',#1944,#1948,#1030,.T.);
#2486=EDGE_CURVE('',#1947,#1948,#1031,.T.);
#2487=EDGE_CURVE('',#1945,#1949,#1032,.T.);
#2488=EDGE_CURVE('',#1948,#1949,#1033,.T.);
#2489=EDGE_CURVE('',#1949,#1946,#1034,.T.);
#2490=EDGE_CURVE('',#1950,#1951,#1035,.T.);
#2491=EDGE_CURVE('',#1950,#1946,#1036,.T.);
#2492=EDGE_CURVE('',#1951,#1947,#1037,.T.);
#2493=EDGE_CURVE('',#1951,#1952,#1038,.T.);
#2494=EDGE_CURVE('',#1952,#1948,#1039,.T.);
#2495=EDGE_CURVE('',#1952,#1953,#1040,.T.);
#2496=EDGE_CURVE('',#1953,#1949,#1041,.T.);
#2497=EDGE_CURVE('',#1953,#1950,#1042,.T.);
#2498=EDGE_CURVE('',#1954,#1955,#1043,.T.);
#2499=EDGE_CURVE('',#1956,#1954,#1044,.T.);
#2500=EDGE_CURVE('',#1957,#1956,#1045,.T.);
#2501=EDGE_CURVE('',#1955,#1957,#1046,.T.);
#2502=EDGE_CURVE('',#1955,#1958,#1047,.T.);
#2503=EDGE_CURVE('',#1959,#1958,#1048,.T.);
#2504=EDGE_CURVE('',#1954,#1959,#1049,.T.);
#2505=EDGE_CURVE('',#1957,#1960,#1050,.T.);
#2506=EDGE_CURVE('',#1958,#1960,#1051,.T.);
#2507=EDGE_CURVE('',#1956,#1961,#1052,.T.);
#2508=EDGE_CURVE('',#1960,#1961,#1053,.T.);
#2509=EDGE_CURVE('',#1961,#1959,#1054,.T.);
#2510=EDGE_CURVE('',#1959,#1962,#1055,.T.);
#2511=EDGE_CURVE('',#1958,#1963,#1056,.T.);
#2512=EDGE_CURVE('',#1962,#1963,#1057,.T.);
#2513=EDGE_CURVE('',#1960,#1964,#1058,.T.);
#2514=EDGE_CURVE('',#1963,#1964,#1059,.T.);
#2515=EDGE_CURVE('',#1961,#1965,#1060,.T.);
#2516=EDGE_CURVE('',#1964,#1965,#1061,.T.);
#2517=EDGE_CURVE('',#1965,#1962,#1062,.T.);
#2518=EDGE_CURVE('',#1966,#1967,#1063,.T.);
#2519=EDGE_CURVE('',#1966,#1962,#1064,.T.);
#2520=EDGE_CURVE('',#1967,#1963,#1065,.T.);
#2521=EDGE_CURVE('',#1967,#1968,#1066,.T.);
#2522=EDGE_CURVE('',#1968,#1964,#1067,.T.);
#2523=EDGE_CURVE('',#1968,#1969,#1068,.T.);
#2524=EDGE_CURVE('',#1969,#1965,#1069,.T.);
#2525=EDGE_CURVE('',#1969,#1966,#1070,.T.);
#2526=ORIENTED_EDGE('',*,*,#1970,.F.);
#2527=ORIENTED_EDGE('',*,*,#1971,.T.);
#2528=ORIENTED_EDGE('',*,*,#1972,.T.);
#2529=ORIENTED_EDGE('',*,*,#1973,.F.);
#2530=ORIENTED_EDGE('',*,*,#1970,.T.);
#2531=ORIENTED_EDGE('',*,*,#1974,.T.);
#2532=ORIENTED_EDGE('',*,*,#1975,.T.);
#2533=ORIENTED_EDGE('',*,*,#1976,.T.);
#2534=ORIENTED_EDGE('',*,*,#1977,.F.);
#2535=ORIENTED_EDGE('',*,*,#1978,.F.);
#2536=ORIENTED_EDGE('',*,*,#1979,.F.);
#2537=ORIENTED_EDGE('',*,*,#1980,.F.);
#2538=ORIENTED_EDGE('',*,*,#1974,.F.);
#2539=ORIENTED_EDGE('',*,*,#1973,.T.);
#2540=ORIENTED_EDGE('',*,*,#1981,.T.);
#2541=ORIENTED_EDGE('',*,*,#1982,.F.);
#2542=ORIENTED_EDGE('',*,*,#1972,.F.);
#2543=ORIENTED_EDGE('',*,*,#1983,.F.);
#2544=ORIENTED_EDGE('',*,*,#1984,.F.);
#2545=ORIENTED_EDGE('',*,*,#1981,.F.);
#2546=ORIENTED_EDGE('',*,*,#1985,.T.);
#2547=ORIENTED_EDGE('',*,*,#1986,.T.);
#2548=ORIENTED_EDGE('',*,*,#1987,.T.);
#2549=ORIENTED_EDGE('',*,*,#1988,.T.);
#2550=ORIENTED_EDGE('',*,*,#1976,.F.);
#2551=ORIENTED_EDGE('',*,*,#1989,.T.);
#2552=ORIENTED_EDGE('',*,*,#1983,.T.);
#2553=ORIENTED_EDGE('',*,*,#1971,.F.);
#2554=ORIENTED_EDGE('',*,*,#1975,.F.);
#2555=ORIENTED_EDGE('',*,*,#1982,.T.);
#2556=ORIENTED_EDGE('',*,*,#1984,.T.);
#2557=ORIENTED_EDGE('',*,*,#1989,.F.);
#2558=ORIENTED_EDGE('',*,*,#1977,.T.);
#2559=ORIENTED_EDGE('',*,*,#1990,.T.);
#2560=ORIENTED_EDGE('',*,*,#1991,.F.);
#2561=ORIENTED_EDGE('',*,*,#1992,.F.);
#2562=ORIENTED_EDGE('',*,*,#1993,.F.);
#2563=ORIENTED_EDGE('',*,*,#1994,.F.);
#2564=ORIENTED_EDGE('',*,*,#1995,.F.);
#2565=ORIENTED_EDGE('',*,*,#1996,.F.);
#2566=ORIENTED_EDGE('',*,*,#1990,.F.);
#2567=ORIENTED_EDGE('',*,*,#1980,.T.);
#2568=ORIENTED_EDGE('',*,*,#1997,.T.);
#2569=ORIENTED_EDGE('',*,*,#1998,.F.);
#2570=ORIENTED_EDGE('',*,*,#1979,.T.);
#2571=ORIENTED_EDGE('',*,*,#1999,.T.);
#2572=ORIENTED_EDGE('',*,*,#2000,.F.);
#2573=ORIENTED_EDGE('',*,*,#2001,.F.);
#2574=ORIENTED_EDGE('',*,*,#2002,.T.);
#2575=ORIENTED_EDGE('',*,*,#2003,.F.);
#2576=ORIENTED_EDGE('',*,*,#2004,.F.);
#2577=ORIENTED_EDGE('',*,*,#1997,.F.);
#2578=ORIENTED_EDGE('',*,*,#1999,.F.);
#2579=ORIENTED_EDGE('',*,*,#1978,.T.);
#2580=ORIENTED_EDGE('',*,*,#1996,.T.);
#2581=ORIENTED_EDGE('',*,*,#2005,.F.);
#2582=ORIENTED_EDGE('',*,*,#2006,.T.);
#2583=ORIENTED_EDGE('',*,*,#2007,.T.);
#2584=ORIENTED_EDGE('',*,*,#2008,.F.);
#2585=ORIENTED_EDGE('',*,*,#1985,.F.);
#2586=ORIENTED_EDGE('',*,*,#2009,.T.);
#2587=ORIENTED_EDGE('',*,*,#2010,.T.);
#2588=ORIENTED_EDGE('',*,*,#2006,.F.);
#2589=ORIENTED_EDGE('',*,*,#1988,.F.);
#2590=ORIENTED_EDGE('',*,*,#2011,.T.);
#2591=ORIENTED_EDGE('',*,*,#2012,.T.);
#2592=ORIENTED_EDGE('',*,*,#2009,.F.);
#2593=ORIENTED_EDGE('',*,*,#1987,.F.);
#2594=ORIENTED_EDGE('',*,*,#2008,.T.);
#2595=ORIENTED_EDGE('',*,*,#2013,.T.);
#2596=ORIENTED_EDGE('',*,*,#2011,.F.);
#2597=ORIENTED_EDGE('',*,*,#1986,.F.);
#2598=ORIENTED_EDGE('',*,*,#2014,.T.);
#2599=ORIENTED_EDGE('',*,*,#1991,.T.);
#2600=ORIENTED_EDGE('',*,*,#1998,.T.);
#2601=ORIENTED_EDGE('',*,*,#2004,.T.);
#2602=ORIENTED_EDGE('',*,*,#2015,.T.);
#2603=ORIENTED_EDGE('',*,*,#2016,.T.);
#2604=ORIENTED_EDGE('',*,*,#2017,.T.);
#2605=ORIENTED_EDGE('',*,*,#2018,.T.);
#2606=ORIENTED_EDGE('',*,*,#2019,.T.);
#2607=ORIENTED_EDGE('',*,*,#2020,.F.);
#2608=ORIENTED_EDGE('',*,*,#1992,.T.);
#2609=ORIENTED_EDGE('',*,*,#2014,.F.);
#2610=ORIENTED_EDGE('',*,*,#2021,.F.);
#2611=ORIENTED_EDGE('',*,*,#2022,.T.);
#2612=ORIENTED_EDGE('',*,*,#2023,.F.);
#2613=ORIENTED_EDGE('',*,*,#2024,.F.);
#2614=ORIENTED_EDGE('',*,*,#1993,.T.);
#2615=ORIENTED_EDGE('',*,*,#2020,.T.);
#2616=ORIENTED_EDGE('',*,*,#2025,.T.);
#2617=ORIENTED_EDGE('',*,*,#2026,.F.);
#2618=ORIENTED_EDGE('',*,*,#2027,.F.);
#2619=ORIENTED_EDGE('',*,*,#2028,.F.);
#2620=ORIENTED_EDGE('',*,*,#1994,.T.);
#2621=ORIENTED_EDGE('',*,*,#2028,.T.);
#2622=ORIENTED_EDGE('',*,*,#2029,.T.);
#2623=ORIENTED_EDGE('',*,*,#2030,.F.);
#2624=ORIENTED_EDGE('',*,*,#2031,.F.);
#2625=ORIENTED_EDGE('',*,*,#2032,.T.);
#2626=ORIENTED_EDGE('',*,*,#2033,.F.);
#2627=ORIENTED_EDGE('',*,*,#2034,.F.);
#2628=ORIENTED_EDGE('',*,*,#2005,.T.);
#2629=ORIENTED_EDGE('',*,*,#1995,.T.);
#2630=ORIENTED_EDGE('',*,*,#2034,.T.);
#2631=ORIENTED_EDGE('',*,*,#2035,.T.);
#2632=ORIENTED_EDGE('',*,*,#2036,.T.);
#2633=ORIENTED_EDGE('',*,*,#2037,.T.);
#2634=ORIENTED_EDGE('',*,*,#2038,.T.);
#2635=ORIENTED_EDGE('',*,*,#2000,.T.);
#2636=ORIENTED_EDGE('',*,*,#2039,.T.);
#2637=ORIENTED_EDGE('',*,*,#2040,.T.);
#2638=ORIENTED_EDGE('',*,*,#2001,.T.);
#2639=ORIENTED_EDGE('',*,*,#2038,.F.);
#2640=ORIENTED_EDGE('',*,*,#2041,.F.);
#2641=ORIENTED_EDGE('',*,*,#2042,.T.);
#2642=ORIENTED_EDGE('',*,*,#2043,.F.);
#2643=ORIENTED_EDGE('',*,*,#2044,.F.);
#2644=ORIENTED_EDGE('',*,*,#2045,.T.);
#2645=ORIENTED_EDGE('',*,*,#2046,.T.);
#2646=ORIENTED_EDGE('',*,*,#2047,.T.);
#2647=ORIENTED_EDGE('',*,*,#2002,.F.);
#2648=ORIENTED_EDGE('',*,*,#2040,.F.);
#2649=ORIENTED_EDGE('',*,*,#2048,.F.);
#2650=ORIENTED_EDGE('',*,*,#2049,.F.);
#2651=ORIENTED_EDGE('',*,*,#2050,.T.);
#2652=ORIENTED_EDGE('',*,*,#2051,.F.);
#2653=ORIENTED_EDGE('',*,*,#2015,.F.);
#2654=ORIENTED_EDGE('',*,*,#2003,.T.);
#2655=ORIENTED_EDGE('',*,*,#2047,.F.);
#2656=ORIENTED_EDGE('',*,*,#2052,.T.);
#2657=ORIENTED_EDGE('',*,*,#2053,.F.);
#2658=ORIENTED_EDGE('',*,*,#2054,.T.);
#2659=ORIENTED_EDGE('',*,*,#2055,.T.);
#2660=ORIENTED_EDGE('',*,*,#2056,.T.);
#2661=ORIENTED_EDGE('',*,*,#2057,.T.);
#2662=ORIENTED_EDGE('',*,*,#2007,.F.);
#2663=ORIENTED_EDGE('',*,*,#2010,.F.);
#2664=ORIENTED_EDGE('',*,*,#2012,.F.);
#2665=ORIENTED_EDGE('',*,*,#2013,.F.);
#2666=ORIENTED_EDGE('',*,*,#2058,.F.);
#2667=ORIENTED_EDGE('',*,*,#2021,.T.);
#2668=ORIENTED_EDGE('',*,*,#2018,.F.);
#2669=ORIENTED_EDGE('',*,*,#2059,.F.);
#2670=ORIENTED_EDGE('',*,*,#2060,.F.);
#2671=ORIENTED_EDGE('',*,*,#2059,.T.);
#2672=ORIENTED_EDGE('',*,*,#2017,.F.);
#2673=ORIENTED_EDGE('',*,*,#2061,.F.);
#2674=ORIENTED_EDGE('',*,*,#2062,.F.);
#2675=ORIENTED_EDGE('',*,*,#2061,.T.);
#2676=ORIENTED_EDGE('',*,*,#2016,.F.);
#2677=ORIENTED_EDGE('',*,*,#2051,.T.);
#2678=ORIENTED_EDGE('',*,*,#2063,.T.);
#2679=ORIENTED_EDGE('',*,*,#2064,.T.);
#2680=ORIENTED_EDGE('',*,*,#2065,.F.);
#2681=ORIENTED_EDGE('',*,*,#2019,.F.);
#2682=ORIENTED_EDGE('',*,*,#2066,.T.);
#2683=ORIENTED_EDGE('',*,*,#2067,.T.);
#2684=ORIENTED_EDGE('',*,*,#2053,.T.);
#2685=ORIENTED_EDGE('',*,*,#2068,.F.);
#2686=ORIENTED_EDGE('',*,*,#2069,.F.);
#2687=ORIENTED_EDGE('',*,*,#2063,.F.);
#2688=ORIENTED_EDGE('',*,*,#2024,.T.);
#2689=ORIENTED_EDGE('',*,*,#2070,.T.);
#2690=ORIENTED_EDGE('',*,*,#2070,.F.);
#2691=ORIENTED_EDGE('',*,*,#2023,.T.);
#2692=ORIENTED_EDGE('',*,*,#2071,.T.);
#2693=ORIENTED_EDGE('',*,*,#2072,.F.);
#2694=ORIENTED_EDGE('',*,*,#2022,.F.);
#2695=ORIENTED_EDGE('',*,*,#2058,.T.);
#2696=ORIENTED_EDGE('',*,*,#2060,.T.);
#2697=ORIENTED_EDGE('',*,*,#2062,.T.);
#2698=ORIENTED_EDGE('',*,*,#2050,.F.);
#2699=ORIENTED_EDGE('',*,*,#2073,.F.);
#2700=ORIENTED_EDGE('',*,*,#2074,.F.);
#2701=ORIENTED_EDGE('',*,*,#2071,.F.);
#2702=ORIENTED_EDGE('',*,*,#2075,.F.);
#2703=ORIENTED_EDGE('',*,*,#2076,.F.);
#2704=ORIENTED_EDGE('',*,*,#2025,.F.);
#2705=ORIENTED_EDGE('',*,*,#2065,.T.);
#2706=ORIENTED_EDGE('',*,*,#2077,.T.);
#2707=ORIENTED_EDGE('',*,*,#2078,.T.);
#2708=ORIENTED_EDGE('',*,*,#2046,.F.);
#2709=ORIENTED_EDGE('',*,*,#2079,.F.);
#2710=ORIENTED_EDGE('',*,*,#2054,.F.);
#2711=ORIENTED_EDGE('',*,*,#2080,.T.);
#2712=ORIENTED_EDGE('',*,*,#2081,.T.);
#2713=ORIENTED_EDGE('',*,*,#2026,.T.);
#2714=ORIENTED_EDGE('',*,*,#2076,.T.);
#2715=ORIENTED_EDGE('',*,*,#2082,.F.);
#2716=ORIENTED_EDGE('',*,*,#2048,.T.);
#2717=ORIENTED_EDGE('',*,*,#2083,.T.);
#2718=ORIENTED_EDGE('',*,*,#2084,.T.);
#2719=ORIENTED_EDGE('',*,*,#2085,.T.);
#2720=ORIENTED_EDGE('',*,*,#2027,.T.);
#2721=ORIENTED_EDGE('',*,*,#2081,.F.);
#2722=ORIENTED_EDGE('',*,*,#2086,.F.);
#2723=ORIENTED_EDGE('',*,*,#2087,.F.);
#2724=ORIENTED_EDGE('',*,*,#2088,.F.);
#2725=ORIENTED_EDGE('',*,*,#2089,.T.);
#2726=ORIENTED_EDGE('',*,*,#2035,.F.);
#2727=ORIENTED_EDGE('',*,*,#2033,.T.);
#2728=ORIENTED_EDGE('',*,*,#2090,.F.);
#2729=ORIENTED_EDGE('',*,*,#2091,.F.);
#2730=ORIENTED_EDGE('',*,*,#2042,.F.);
#2731=ORIENTED_EDGE('',*,*,#2092,.T.);
#2732=ORIENTED_EDGE('',*,*,#2093,.T.);
#2733=ORIENTED_EDGE('',*,*,#2088,.T.);
#2734=ORIENTED_EDGE('',*,*,#2032,.F.);
#2735=ORIENTED_EDGE('',*,*,#2094,.F.);
#2736=ORIENTED_EDGE('',*,*,#2095,.F.);
#2737=ORIENTED_EDGE('',*,*,#2096,.T.);
#2738=ORIENTED_EDGE('',*,*,#2094,.T.);
#2739=ORIENTED_EDGE('',*,*,#2031,.T.);
#2740=ORIENTED_EDGE('',*,*,#2044,.T.);
#2741=ORIENTED_EDGE('',*,*,#2097,.T.);
#2742=ORIENTED_EDGE('',*,*,#2098,.T.);
#2743=ORIENTED_EDGE('',*,*,#2095,.T.);
#2744=ORIENTED_EDGE('',*,*,#2030,.T.);
#2745=ORIENTED_EDGE('',*,*,#2099,.F.);
#2746=ORIENTED_EDGE('',*,*,#2100,.F.);
#2747=ORIENTED_EDGE('',*,*,#2101,.F.);
#2748=ORIENTED_EDGE('',*,*,#2099,.T.);
#2749=ORIENTED_EDGE('',*,*,#2029,.F.);
#2750=ORIENTED_EDGE('',*,*,#2085,.F.);
#2751=ORIENTED_EDGE('',*,*,#2102,.F.);
#2752=ORIENTED_EDGE('',*,*,#2092,.F.);
#2753=ORIENTED_EDGE('',*,*,#2041,.T.);
#2754=ORIENTED_EDGE('',*,*,#2037,.F.);
#2755=ORIENTED_EDGE('',*,*,#2103,.F.);
#2756=ORIENTED_EDGE('',*,*,#2093,.F.);
#2757=ORIENTED_EDGE('',*,*,#2103,.T.);
#2758=ORIENTED_EDGE('',*,*,#2036,.F.);
#2759=ORIENTED_EDGE('',*,*,#2089,.F.);
#2760=ORIENTED_EDGE('',*,*,#2101,.T.);
#2761=ORIENTED_EDGE('',*,*,#2104,.T.);
#2762=ORIENTED_EDGE('',*,*,#2083,.F.);
#2763=ORIENTED_EDGE('',*,*,#2039,.F.);
#2764=ORIENTED_EDGE('',*,*,#2097,.F.);
#2765=ORIENTED_EDGE('',*,*,#2043,.T.);
#2766=ORIENTED_EDGE('',*,*,#2091,.T.);
#2767=ORIENTED_EDGE('',*,*,#2105,.F.);
#2768=ORIENTED_EDGE('',*,*,#2056,.F.);
#2769=ORIENTED_EDGE('',*,*,#2106,.T.);
#2770=ORIENTED_EDGE('',*,*,#2079,.T.);
#2771=ORIENTED_EDGE('',*,*,#2045,.F.);
#2772=ORIENTED_EDGE('',*,*,#2087,.T.);
#2773=ORIENTED_EDGE('',*,*,#2107,.F.);
#2774=ORIENTED_EDGE('',*,*,#2067,.F.);
#2775=ORIENTED_EDGE('',*,*,#2108,.T.);
#2776=ORIENTED_EDGE('',*,*,#2073,.T.);
#2777=ORIENTED_EDGE('',*,*,#2049,.T.);
#2778=ORIENTED_EDGE('',*,*,#2068,.T.);
#2779=ORIENTED_EDGE('',*,*,#2052,.F.);
#2780=ORIENTED_EDGE('',*,*,#2078,.F.);
#2781=ORIENTED_EDGE('',*,*,#2109,.F.);
#2782=ORIENTED_EDGE('',*,*,#2055,.F.);
#2783=ORIENTED_EDGE('',*,*,#2082,.T.);
#2784=ORIENTED_EDGE('',*,*,#2075,.T.);
#2785=ORIENTED_EDGE('',*,*,#2106,.F.);
#2786=ORIENTED_EDGE('',*,*,#2057,.F.);
#2787=ORIENTED_EDGE('',*,*,#2107,.T.);
#2788=ORIENTED_EDGE('',*,*,#2086,.T.);
#2789=ORIENTED_EDGE('',*,*,#2080,.F.);
#2790=ORIENTED_EDGE('',*,*,#2064,.F.);
#2791=ORIENTED_EDGE('',*,*,#2069,.T.);
#2792=ORIENTED_EDGE('',*,*,#2109,.T.);
#2793=ORIENTED_EDGE('',*,*,#2077,.F.);
#2794=ORIENTED_EDGE('',*,*,#2066,.F.);
#2795=ORIENTED_EDGE('',*,*,#2072,.T.);
#2796=ORIENTED_EDGE('',*,*,#2074,.T.);
#2797=ORIENTED_EDGE('',*,*,#2108,.F.);
#2798=ORIENTED_EDGE('',*,*,#2104,.F.);
#2799=ORIENTED_EDGE('',*,*,#2100,.T.);
#2800=ORIENTED_EDGE('',*,*,#2102,.T.);
#2801=ORIENTED_EDGE('',*,*,#2084,.F.);
#2802=ORIENTED_EDGE('',*,*,#2098,.F.);
#2803=ORIENTED_EDGE('',*,*,#2105,.T.);
#2804=ORIENTED_EDGE('',*,*,#2090,.T.);
#2805=ORIENTED_EDGE('',*,*,#2096,.F.);
#2806=ORIENTED_EDGE('',*,*,#2110,.F.);
#2807=ORIENTED_EDGE('',*,*,#2111,.T.);
#2808=ORIENTED_EDGE('',*,*,#2112,.T.);
#2809=ORIENTED_EDGE('',*,*,#2113,.F.);
#2810=ORIENTED_EDGE('',*,*,#2114,.F.);
#2811=ORIENTED_EDGE('',*,*,#2110,.T.);
#2812=ORIENTED_EDGE('',*,*,#2115,.T.);
#2813=ORIENTED_EDGE('',*,*,#2116,.T.);
#2814=ORIENTED_EDGE('',*,*,#2117,.F.);
#2815=ORIENTED_EDGE('',*,*,#2118,.F.);
#2816=ORIENTED_EDGE('',*,*,#2112,.F.);
#2817=ORIENTED_EDGE('',*,*,#2119,.T.);
#2818=ORIENTED_EDGE('',*,*,#2120,.T.);
#2819=ORIENTED_EDGE('',*,*,#2121,.F.);
#2820=ORIENTED_EDGE('',*,*,#2111,.F.);
#2821=ORIENTED_EDGE('',*,*,#2118,.T.);
#2822=ORIENTED_EDGE('',*,*,#2122,.T.);
#2823=ORIENTED_EDGE('',*,*,#2123,.T.);
#2824=ORIENTED_EDGE('',*,*,#2124,.T.);
#2825=ORIENTED_EDGE('',*,*,#2125,.T.);
#2826=ORIENTED_EDGE('',*,*,#2126,.T.);
#2827=ORIENTED_EDGE('',*,*,#2127,.T.);
#2828=ORIENTED_EDGE('',*,*,#2128,.T.);
#2829=ORIENTED_EDGE('',*,*,#2129,.T.);
#2830=ORIENTED_EDGE('',*,*,#2130,.F.);
#2831=ORIENTED_EDGE('',*,*,#2131,.F.);
#2832=ORIENTED_EDGE('',*,*,#2132,.F.);
#2833=ORIENTED_EDGE('',*,*,#2133,.F.);
#2834=ORIENTED_EDGE('',*,*,#2134,.F.);
#2835=ORIENTED_EDGE('',*,*,#2135,.F.);
#2836=ORIENTED_EDGE('',*,*,#2136,.F.);
#2837=ORIENTED_EDGE('',*,*,#2119,.F.);
#2838=ORIENTED_EDGE('',*,*,#2137,.T.);
#2839=ORIENTED_EDGE('',*,*,#2138,.T.);
#2840=ORIENTED_EDGE('',*,*,#2139,.T.);
#2841=ORIENTED_EDGE('',*,*,#2140,.T.);
#2842=ORIENTED_EDGE('',*,*,#2141,.T.);
#2843=ORIENTED_EDGE('',*,*,#2142,.F.);
#2844=ORIENTED_EDGE('',*,*,#2143,.F.);
#2845=ORIENTED_EDGE('',*,*,#2144,.F.);
#2846=ORIENTED_EDGE('',*,*,#2145,.F.);
#2847=ORIENTED_EDGE('',*,*,#2146,.F.);
#2848=ORIENTED_EDGE('',*,*,#2114,.T.);
#2849=ORIENTED_EDGE('',*,*,#2147,.T.);
#2850=ORIENTED_EDGE('',*,*,#2148,.T.);
#2851=ORIENTED_EDGE('',*,*,#2149,.T.);
#2852=ORIENTED_EDGE('',*,*,#2150,.T.);
#2853=ORIENTED_EDGE('',*,*,#2151,.T.);
#2854=ORIENTED_EDGE('',*,*,#2152,.T.);
#2855=ORIENTED_EDGE('',*,*,#2153,.T.);
#2856=ORIENTED_EDGE('',*,*,#2154,.T.);
#2857=ORIENTED_EDGE('',*,*,#2155,.T.);
#2858=ORIENTED_EDGE('',*,*,#2156,.T.);
#2859=ORIENTED_EDGE('',*,*,#2157,.T.);
#2860=ORIENTED_EDGE('',*,*,#2158,.F.);
#2861=ORIENTED_EDGE('',*,*,#2159,.F.);
#2862=ORIENTED_EDGE('',*,*,#2160,.F.);
#2863=ORIENTED_EDGE('',*,*,#2161,.F.);
#2864=ORIENTED_EDGE('',*,*,#2162,.F.);
#2865=ORIENTED_EDGE('',*,*,#2163,.F.);
#2866=ORIENTED_EDGE('',*,*,#2164,.F.);
#2867=ORIENTED_EDGE('',*,*,#2165,.F.);
#2868=ORIENTED_EDGE('',*,*,#2166,.F.);
#2869=ORIENTED_EDGE('',*,*,#2167,.F.);
#2870=ORIENTED_EDGE('',*,*,#2168,.F.);
#2871=ORIENTED_EDGE('',*,*,#2115,.F.);
#2872=ORIENTED_EDGE('',*,*,#2169,.T.);
#2873=ORIENTED_EDGE('',*,*,#2170,.T.);
#2874=ORIENTED_EDGE('',*,*,#2171,.F.);
#2875=ORIENTED_EDGE('',*,*,#2172,.F.);
#2876=ORIENTED_EDGE('',*,*,#2173,.T.);
#2877=ORIENTED_EDGE('',*,*,#2174,.T.);
#2878=ORIENTED_EDGE('',*,*,#2175,.F.);
#2879=ORIENTED_EDGE('',*,*,#2176,.F.);
#2880=ORIENTED_EDGE('',*,*,#2177,.T.);
#2881=ORIENTED_EDGE('',*,*,#2178,.F.);
#2882=ORIENTED_EDGE('',*,*,#2179,.T.);
#2883=ORIENTED_EDGE('',*,*,#2180,.T.);
#2884=ORIENTED_EDGE('',*,*,#2181,.F.);
#2885=ORIENTED_EDGE('',*,*,#2182,.F.);
#2886=ORIENTED_EDGE('',*,*,#2183,.T.);
#2887=ORIENTED_EDGE('',*,*,#2184,.T.);
#2888=ORIENTED_EDGE('',*,*,#2185,.F.);
#2889=ORIENTED_EDGE('',*,*,#2186,.F.);
#2890=ORIENTED_EDGE('',*,*,#2187,.T.);
#2891=ORIENTED_EDGE('',*,*,#2188,.T.);
#2892=ORIENTED_EDGE('',*,*,#2189,.F.);
#2893=ORIENTED_EDGE('',*,*,#2113,.T.);
#2894=ORIENTED_EDGE('',*,*,#2117,.T.);
#2895=ORIENTED_EDGE('',*,*,#2190,.T.);
#2896=ORIENTED_EDGE('',*,*,#2191,.F.);
#2897=ORIENTED_EDGE('',*,*,#2122,.F.);
#2898=ORIENTED_EDGE('',*,*,#2192,.F.);
#2899=ORIENTED_EDGE('',*,*,#2116,.F.);
#2900=ORIENTED_EDGE('',*,*,#2193,.T.);
#2901=ORIENTED_EDGE('',*,*,#2194,.F.);
#2902=ORIENTED_EDGE('',*,*,#2120,.F.);
#2903=ORIENTED_EDGE('',*,*,#2136,.T.);
#2904=ORIENTED_EDGE('',*,*,#2195,.T.);
#2905=ORIENTED_EDGE('',*,*,#2148,.F.);
#2906=ORIENTED_EDGE('',*,*,#2196,.F.);
#2907=ORIENTED_EDGE('',*,*,#2197,.T.);
#2908=ORIENTED_EDGE('',*,*,#2198,.T.);
#2909=ORIENTED_EDGE('',*,*,#2187,.F.);
#2910=ORIENTED_EDGE('',*,*,#2121,.T.);
#2911=ORIENTED_EDGE('',*,*,#2199,.F.);
#2912=ORIENTED_EDGE('',*,*,#2191,.T.);
#2913=ORIENTED_EDGE('',*,*,#2200,.T.);
#2914=ORIENTED_EDGE('',*,*,#2167,.T.);
#2915=ORIENTED_EDGE('',*,*,#2201,.F.);
#2916=ORIENTED_EDGE('',*,*,#2123,.F.);
#2917=ORIENTED_EDGE('',*,*,#2201,.T.);
#2918=ORIENTED_EDGE('',*,*,#2166,.T.);
#2919=ORIENTED_EDGE('',*,*,#2202,.T.);
#2920=ORIENTED_EDGE('',*,*,#2163,.T.);
#2921=ORIENTED_EDGE('',*,*,#2203,.F.);
#2922=ORIENTED_EDGE('',*,*,#2124,.F.);
#2923=ORIENTED_EDGE('',*,*,#2203,.T.);
#2924=ORIENTED_EDGE('',*,*,#2162,.T.);
#2925=ORIENTED_EDGE('',*,*,#2204,.F.);
#2926=ORIENTED_EDGE('',*,*,#2125,.F.);
#2927=ORIENTED_EDGE('',*,*,#2204,.T.);
#2928=ORIENTED_EDGE('',*,*,#2161,.T.);
#2929=ORIENTED_EDGE('',*,*,#2205,.F.);
#2930=ORIENTED_EDGE('',*,*,#2126,.F.);
#2931=ORIENTED_EDGE('',*,*,#2205,.T.);
#2932=ORIENTED_EDGE('',*,*,#2160,.T.);
#2933=ORIENTED_EDGE('',*,*,#2206,.F.);
#2934=ORIENTED_EDGE('',*,*,#2127,.F.);
#2935=ORIENTED_EDGE('',*,*,#2206,.T.);
#2936=ORIENTED_EDGE('',*,*,#2159,.T.);
#2937=ORIENTED_EDGE('',*,*,#2207,.F.);
#2938=ORIENTED_EDGE('',*,*,#2128,.F.);
#2939=ORIENTED_EDGE('',*,*,#2207,.T.);
#2940=ORIENTED_EDGE('',*,*,#2158,.T.);
#2941=ORIENTED_EDGE('',*,*,#2208,.F.);
#2942=ORIENTED_EDGE('',*,*,#2129,.F.);
#2943=ORIENTED_EDGE('',*,*,#2209,.F.);
#2944=ORIENTED_EDGE('',*,*,#2130,.T.);
#2945=ORIENTED_EDGE('',*,*,#2208,.T.);
#2946=ORIENTED_EDGE('',*,*,#2157,.F.);
#2947=ORIENTED_EDGE('',*,*,#2210,.F.);
#2948=ORIENTED_EDGE('',*,*,#2131,.T.);
#2949=ORIENTED_EDGE('',*,*,#2209,.T.);
#2950=ORIENTED_EDGE('',*,*,#2156,.F.);
#2951=ORIENTED_EDGE('',*,*,#2211,.F.);
#2952=ORIENTED_EDGE('',*,*,#2132,.T.);
#2953=ORIENTED_EDGE('',*,*,#2210,.T.);
#2954=ORIENTED_EDGE('',*,*,#2155,.F.);
#2955=ORIENTED_EDGE('',*,*,#2212,.F.);
#2956=ORIENTED_EDGE('',*,*,#2133,.T.);
#2957=ORIENTED_EDGE('',*,*,#2211,.T.);
#2958=ORIENTED_EDGE('',*,*,#2154,.F.);
#2959=ORIENTED_EDGE('',*,*,#2213,.F.);
#2960=ORIENTED_EDGE('',*,*,#2134,.T.);
#2961=ORIENTED_EDGE('',*,*,#2212,.T.);
#2962=ORIENTED_EDGE('',*,*,#2153,.F.);
#2963=ORIENTED_EDGE('',*,*,#2195,.F.);
#2964=ORIENTED_EDGE('',*,*,#2135,.T.);
#2965=ORIENTED_EDGE('',*,*,#2213,.T.);
#2966=ORIENTED_EDGE('',*,*,#2152,.F.);
#2967=ORIENTED_EDGE('',*,*,#2214,.F.);
#2968=ORIENTED_EDGE('',*,*,#2149,.F.);
#2969=ORIENTED_EDGE('',*,*,#2215,.T.);
#2970=ORIENTED_EDGE('',*,*,#2186,.T.);
#2971=ORIENTED_EDGE('',*,*,#2216,.F.);
#2972=ORIENTED_EDGE('',*,*,#2137,.F.);
#2973=ORIENTED_EDGE('',*,*,#2216,.T.);
#2974=ORIENTED_EDGE('',*,*,#2185,.T.);
#2975=ORIENTED_EDGE('',*,*,#2217,.T.);
#2976=ORIENTED_EDGE('',*,*,#2182,.T.);
#2977=ORIENTED_EDGE('',*,*,#2218,.F.);
#2978=ORIENTED_EDGE('',*,*,#2138,.F.);
#2979=ORIENTED_EDGE('',*,*,#2218,.T.);
#2980=ORIENTED_EDGE('',*,*,#2181,.T.);
#2981=ORIENTED_EDGE('',*,*,#2219,.T.);
#2982=ORIENTED_EDGE('',*,*,#2220,.F.);
#2983=ORIENTED_EDGE('',*,*,#2139,.F.);
#2984=ORIENTED_EDGE('',*,*,#2220,.T.);
#2985=ORIENTED_EDGE('',*,*,#2221,.T.);
#2986=ORIENTED_EDGE('',*,*,#2222,.F.);
#2987=ORIENTED_EDGE('',*,*,#2140,.F.);
#2988=ORIENTED_EDGE('',*,*,#2222,.T.);
#2989=ORIENTED_EDGE('',*,*,#2178,.T.);
#2990=ORIENTED_EDGE('',*,*,#2223,.F.);
#2991=ORIENTED_EDGE('',*,*,#2141,.F.);
#2992=ORIENTED_EDGE('',*,*,#2224,.F.);
#2993=ORIENTED_EDGE('',*,*,#2142,.T.);
#2994=ORIENTED_EDGE('',*,*,#2223,.T.);
#2995=ORIENTED_EDGE('',*,*,#2177,.F.);
#2996=ORIENTED_EDGE('',*,*,#2225,.F.);
#2997=ORIENTED_EDGE('',*,*,#2143,.T.);
#2998=ORIENTED_EDGE('',*,*,#2224,.T.);
#2999=ORIENTED_EDGE('',*,*,#2226,.F.);
#3000=ORIENTED_EDGE('',*,*,#2227,.F.);
#3001=ORIENTED_EDGE('',*,*,#2144,.T.);
#3002=ORIENTED_EDGE('',*,*,#2225,.T.);
#3003=ORIENTED_EDGE('',*,*,#2228,.F.);
#3004=ORIENTED_EDGE('',*,*,#2174,.F.);
#3005=ORIENTED_EDGE('',*,*,#2229,.F.);
#3006=ORIENTED_EDGE('',*,*,#2145,.T.);
#3007=ORIENTED_EDGE('',*,*,#2227,.T.);
#3008=ORIENTED_EDGE('',*,*,#2173,.F.);
#3009=ORIENTED_EDGE('',*,*,#2230,.F.);
#3010=ORIENTED_EDGE('',*,*,#2170,.F.);
#3011=ORIENTED_EDGE('',*,*,#2215,.F.);
#3012=ORIENTED_EDGE('',*,*,#2146,.T.);
#3013=ORIENTED_EDGE('',*,*,#2229,.T.);
#3014=ORIENTED_EDGE('',*,*,#2169,.F.);
#3015=ORIENTED_EDGE('',*,*,#2189,.T.);
#3016=ORIENTED_EDGE('',*,*,#2231,.T.);
#3017=ORIENTED_EDGE('',*,*,#2232,.F.);
#3018=ORIENTED_EDGE('',*,*,#2233,.F.);
#3019=ORIENTED_EDGE('',*,*,#2147,.F.);
#3020=ORIENTED_EDGE('',*,*,#2232,.T.);
#3021=ORIENTED_EDGE('',*,*,#2234,.T.);
#3022=ORIENTED_EDGE('',*,*,#2235,.F.);
#3023=ORIENTED_EDGE('',*,*,#2150,.F.);
#3024=ORIENTED_EDGE('',*,*,#2236,.F.);
#3025=ORIENTED_EDGE('',*,*,#2235,.T.);
#3026=ORIENTED_EDGE('',*,*,#2237,.T.);
#3027=ORIENTED_EDGE('',*,*,#2238,.F.);
#3028=ORIENTED_EDGE('',*,*,#2239,.F.);
#3029=ORIENTED_EDGE('',*,*,#2151,.F.);
#3030=ORIENTED_EDGE('',*,*,#2240,.F.);
#3031=ORIENTED_EDGE('',*,*,#2164,.T.);
#3032=ORIENTED_EDGE('',*,*,#2241,.T.);
#3033=ORIENTED_EDGE('',*,*,#2242,.T.);
#3034=ORIENTED_EDGE('',*,*,#2243,.F.);
#3035=ORIENTED_EDGE('',*,*,#2244,.F.);
#3036=ORIENTED_EDGE('',*,*,#2245,.T.);
#3037=ORIENTED_EDGE('',*,*,#2165,.T.);
#3038=ORIENTED_EDGE('',*,*,#2240,.T.);
#3039=ORIENTED_EDGE('',*,*,#2246,.F.);
#3040=ORIENTED_EDGE('',*,*,#2193,.F.);
#3041=ORIENTED_EDGE('',*,*,#2168,.T.);
#3042=ORIENTED_EDGE('',*,*,#2247,.T.);
#3043=ORIENTED_EDGE('',*,*,#2244,.T.);
#3044=ORIENTED_EDGE('',*,*,#2248,.F.);
#3045=ORIENTED_EDGE('',*,*,#2249,.F.);
#3046=ORIENTED_EDGE('',*,*,#2171,.T.);
#3047=ORIENTED_EDGE('',*,*,#2250,.T.);
#3048=ORIENTED_EDGE('',*,*,#2251,.T.);
#3049=ORIENTED_EDGE('',*,*,#2252,.F.);
#3050=ORIENTED_EDGE('',*,*,#2253,.F.);
#3051=ORIENTED_EDGE('',*,*,#2254,.T.);
#3052=ORIENTED_EDGE('',*,*,#2172,.T.);
#3053=ORIENTED_EDGE('',*,*,#2249,.T.);
#3054=ORIENTED_EDGE('',*,*,#2255,.F.);
#3055=ORIENTED_EDGE('',*,*,#2256,.F.);
#3056=ORIENTED_EDGE('',*,*,#2175,.T.);
#3057=ORIENTED_EDGE('',*,*,#2253,.T.);
#3058=ORIENTED_EDGE('',*,*,#2257,.F.);
#3059=ORIENTED_EDGE('',*,*,#2258,.F.);
#3060=ORIENTED_EDGE('',*,*,#2176,.T.);
#3061=ORIENTED_EDGE('',*,*,#2256,.T.);
#3062=ORIENTED_EDGE('',*,*,#2259,.F.);
#3063=ORIENTED_EDGE('',*,*,#2260,.T.);
#3064=ORIENTED_EDGE('',*,*,#2261,.T.);
#3065=ORIENTED_EDGE('',*,*,#2262,.F.);
#3066=ORIENTED_EDGE('',*,*,#2179,.F.);
#3067=ORIENTED_EDGE('',*,*,#2262,.T.);
#3068=ORIENTED_EDGE('',*,*,#2263,.T.);
#3069=ORIENTED_EDGE('',*,*,#2264,.F.);
#3070=ORIENTED_EDGE('',*,*,#2180,.F.);
#3071=ORIENTED_EDGE('',*,*,#2264,.T.);
#3072=ORIENTED_EDGE('',*,*,#2265,.T.);
#3073=ORIENTED_EDGE('',*,*,#2266,.F.);
#3074=ORIENTED_EDGE('',*,*,#2183,.F.);
#3075=ORIENTED_EDGE('',*,*,#2267,.F.);
#3076=ORIENTED_EDGE('',*,*,#2266,.T.);
#3077=ORIENTED_EDGE('',*,*,#2268,.T.);
#3078=ORIENTED_EDGE('',*,*,#2269,.F.);
#3079=ORIENTED_EDGE('',*,*,#2270,.F.);
#3080=ORIENTED_EDGE('',*,*,#2184,.F.);
#3081=ORIENTED_EDGE('',*,*,#2198,.F.);
#3082=ORIENTED_EDGE('',*,*,#2271,.T.);
#3083=ORIENTED_EDGE('',*,*,#2237,.F.);
#3084=ORIENTED_EDGE('',*,*,#2234,.F.);
#3085=ORIENTED_EDGE('',*,*,#2231,.F.);
#3086=ORIENTED_EDGE('',*,*,#2188,.F.);
#3087=ORIENTED_EDGE('',*,*,#2272,.F.);
#3088=ORIENTED_EDGE('',*,*,#2273,.T.);
#3089=ORIENTED_EDGE('',*,*,#2190,.F.);
#3090=ORIENTED_EDGE('',*,*,#2192,.T.);
#3091=ORIENTED_EDGE('',*,*,#2274,.F.);
#3092=ORIENTED_EDGE('',*,*,#2274,.T.);
#3093=ORIENTED_EDGE('',*,*,#2194,.T.);
#3094=ORIENTED_EDGE('',*,*,#2248,.T.);
#3095=ORIENTED_EDGE('',*,*,#2246,.T.);
#3096=ORIENTED_EDGE('',*,*,#2243,.T.);
#3097=ORIENTED_EDGE('',*,*,#2275,.F.);
#3098=ORIENTED_EDGE('',*,*,#2276,.F.);
#3099=ORIENTED_EDGE('',*,*,#2199,.T.);
#3100=ORIENTED_EDGE('',*,*,#2196,.T.);
#3101=ORIENTED_EDGE('',*,*,#2233,.T.);
#3102=ORIENTED_EDGE('',*,*,#2236,.T.);
#3103=ORIENTED_EDGE('',*,*,#2214,.T.);
#3104=ORIENTED_EDGE('',*,*,#2239,.T.);
#3105=ORIENTED_EDGE('',*,*,#2197,.F.);
#3106=ORIENTED_EDGE('',*,*,#2276,.T.);
#3107=ORIENTED_EDGE('',*,*,#2238,.T.);
#3108=ORIENTED_EDGE('',*,*,#2271,.F.);
#3109=ORIENTED_EDGE('',*,*,#2277,.T.);
#3110=ORIENTED_EDGE('',*,*,#2241,.F.);
#3111=ORIENTED_EDGE('',*,*,#2202,.F.);
#3112=ORIENTED_EDGE('',*,*,#2245,.F.);
#3113=ORIENTED_EDGE('',*,*,#2247,.F.);
#3114=ORIENTED_EDGE('',*,*,#2200,.F.);
#3115=ORIENTED_EDGE('',*,*,#2273,.F.);
#3116=ORIENTED_EDGE('',*,*,#2278,.T.);
#3117=ORIENTED_EDGE('',*,*,#2219,.F.);
#3118=ORIENTED_EDGE('',*,*,#2267,.T.);
#3119=ORIENTED_EDGE('',*,*,#2217,.F.);
#3120=ORIENTED_EDGE('',*,*,#2270,.T.);
#3121=ORIENTED_EDGE('',*,*,#2279,.T.);
#3122=ORIENTED_EDGE('',*,*,#2280,.T.);
#3123=ORIENTED_EDGE('',*,*,#2260,.F.);
#3124=ORIENTED_EDGE('',*,*,#2221,.F.);
#3125=ORIENTED_EDGE('',*,*,#2281,.F.);
#3126=ORIENTED_EDGE('',*,*,#2226,.T.);
#3127=ORIENTED_EDGE('',*,*,#2258,.T.);
#3128=ORIENTED_EDGE('',*,*,#2282,.F.);
#3129=ORIENTED_EDGE('',*,*,#2283,.F.);
#3130=ORIENTED_EDGE('',*,*,#2250,.F.);
#3131=ORIENTED_EDGE('',*,*,#2230,.T.);
#3132=ORIENTED_EDGE('',*,*,#2254,.F.);
#3133=ORIENTED_EDGE('',*,*,#2228,.T.);
#3134=ORIENTED_EDGE('',*,*,#2272,.T.);
#3135=ORIENTED_EDGE('',*,*,#2275,.T.);
#3136=ORIENTED_EDGE('',*,*,#2242,.F.);
#3137=ORIENTED_EDGE('',*,*,#2277,.F.);
#3138=ORIENTED_EDGE('',*,*,#2251,.F.);
#3139=ORIENTED_EDGE('',*,*,#2283,.T.);
#3140=ORIENTED_EDGE('',*,*,#2281,.T.);
#3141=ORIENTED_EDGE('',*,*,#2284,.F.);
#3142=ORIENTED_EDGE('',*,*,#2259,.T.);
#3143=ORIENTED_EDGE('',*,*,#2257,.T.);
#3144=ORIENTED_EDGE('',*,*,#2255,.T.);
#3145=ORIENTED_EDGE('',*,*,#2252,.T.);
#3146=ORIENTED_EDGE('',*,*,#2284,.T.);
#3147=ORIENTED_EDGE('',*,*,#2282,.T.);
#3148=ORIENTED_EDGE('',*,*,#2261,.F.);
#3149=ORIENTED_EDGE('',*,*,#2280,.F.);
#3150=ORIENTED_EDGE('',*,*,#2285,.F.);
#3151=ORIENTED_EDGE('',*,*,#2268,.F.);
#3152=ORIENTED_EDGE('',*,*,#2265,.F.);
#3153=ORIENTED_EDGE('',*,*,#2263,.F.);
#3154=ORIENTED_EDGE('',*,*,#2269,.T.);
#3155=ORIENTED_EDGE('',*,*,#2285,.T.);
#3156=ORIENTED_EDGE('',*,*,#2279,.F.);
#3157=ORIENTED_EDGE('',*,*,#2278,.F.);
#3158=ORIENTED_EDGE('',*,*,#2286,.T.);
#3159=ORIENTED_EDGE('',*,*,#2287,.T.);
#3160=ORIENTED_EDGE('',*,*,#2288,.F.);
#3161=ORIENTED_EDGE('',*,*,#2289,.F.);
#3162=ORIENTED_EDGE('',*,*,#2286,.F.);
#3163=ORIENTED_EDGE('',*,*,#2290,.T.);
#3164=ORIENTED_EDGE('',*,*,#2291,.F.);
#3165=ORIENTED_EDGE('',*,*,#2292,.T.);
#3166=ORIENTED_EDGE('',*,*,#2293,.T.);
#3167=ORIENTED_EDGE('',*,*,#2294,.F.);
#3168=ORIENTED_EDGE('',*,*,#2295,.T.);
#3169=ORIENTED_EDGE('',*,*,#2296,.T.);
#3170=ORIENTED_EDGE('',*,*,#2297,.T.);
#3171=ORIENTED_EDGE('',*,*,#2298,.F.);
#3172=ORIENTED_EDGE('',*,*,#2290,.F.);
#3173=ORIENTED_EDGE('',*,*,#2289,.T.);
#3174=ORIENTED_EDGE('',*,*,#2299,.T.);
#3175=ORIENTED_EDGE('',*,*,#2300,.F.);
#3176=ORIENTED_EDGE('',*,*,#2298,.T.);
#3177=ORIENTED_EDGE('',*,*,#2301,.T.);
#3178=ORIENTED_EDGE('',*,*,#2302,.F.);
#3179=ORIENTED_EDGE('',*,*,#2287,.F.);
#3180=ORIENTED_EDGE('',*,*,#2299,.F.);
#3181=ORIENTED_EDGE('',*,*,#2288,.T.);
#3182=ORIENTED_EDGE('',*,*,#2302,.T.);
#3183=ORIENTED_EDGE('',*,*,#2303,.F.);
#3184=ORIENTED_EDGE('',*,*,#2304,.F.);
#3185=ORIENTED_EDGE('',*,*,#2301,.F.);
#3186=ORIENTED_EDGE('',*,*,#2297,.F.);
#3187=ORIENTED_EDGE('',*,*,#2305,.T.);
#3188=ORIENTED_EDGE('',*,*,#2306,.F.);
#3189=ORIENTED_EDGE('',*,*,#2307,.F.);
#3190=ORIENTED_EDGE('',*,*,#2308,.F.);
#3191=ORIENTED_EDGE('',*,*,#2309,.T.);
#3192=ORIENTED_EDGE('',*,*,#2310,.T.);
#3193=ORIENTED_EDGE('',*,*,#2305,.F.);
#3194=ORIENTED_EDGE('',*,*,#2296,.F.);
#3195=ORIENTED_EDGE('',*,*,#2309,.F.);
#3196=ORIENTED_EDGE('',*,*,#2295,.F.);
#3197=ORIENTED_EDGE('',*,*,#2311,.T.);
#3198=ORIENTED_EDGE('',*,*,#2312,.F.);
#3199=ORIENTED_EDGE('',*,*,#2313,.F.);
#3200=ORIENTED_EDGE('',*,*,#2294,.T.);
#3201=ORIENTED_EDGE('',*,*,#2314,.F.);
#3202=ORIENTED_EDGE('',*,*,#2315,.F.);
#3203=ORIENTED_EDGE('',*,*,#2316,.T.);
#3204=ORIENTED_EDGE('',*,*,#2311,.F.);
#3205=ORIENTED_EDGE('',*,*,#2317,.F.);
#3206=ORIENTED_EDGE('',*,*,#2318,.T.);
#3207=ORIENTED_EDGE('',*,*,#2314,.T.);
#3208=ORIENTED_EDGE('',*,*,#2293,.F.);
#3209=ORIENTED_EDGE('',*,*,#2319,.T.);
#3210=ORIENTED_EDGE('',*,*,#2320,.T.);
#3211=ORIENTED_EDGE('',*,*,#2317,.T.);
#3212=ORIENTED_EDGE('',*,*,#2292,.F.);
#3213=ORIENTED_EDGE('',*,*,#2321,.T.);
#3214=ORIENTED_EDGE('',*,*,#2322,.T.);
#3215=ORIENTED_EDGE('',*,*,#2323,.T.);
#3216=ORIENTED_EDGE('',*,*,#2324,.T.);
#3217=ORIENTED_EDGE('',*,*,#2319,.F.);
#3218=ORIENTED_EDGE('',*,*,#2291,.T.);
#3219=ORIENTED_EDGE('',*,*,#2300,.T.);
#3220=ORIENTED_EDGE('',*,*,#2321,.F.);
#3221=ORIENTED_EDGE('',*,*,#2303,.T.);
#3222=ORIENTED_EDGE('',*,*,#2304,.T.);
#3223=ORIENTED_EDGE('',*,*,#2325,.F.);
#3224=ORIENTED_EDGE('',*,*,#2326,.T.);
#3225=ORIENTED_EDGE('',*,*,#2308,.T.);
#3226=ORIENTED_EDGE('',*,*,#2327,.F.);
#3227=ORIENTED_EDGE('',*,*,#2328,.F.);
#3228=ORIENTED_EDGE('',*,*,#2329,.F.);
#3229=ORIENTED_EDGE('',*,*,#2330,.T.);
#3230=ORIENTED_EDGE('',*,*,#2327,.T.);
#3231=ORIENTED_EDGE('',*,*,#2307,.T.);
#3232=ORIENTED_EDGE('',*,*,#2331,.F.);
#3233=ORIENTED_EDGE('',*,*,#2312,.T.);
#3234=ORIENTED_EDGE('',*,*,#2316,.F.);
#3235=ORIENTED_EDGE('',*,*,#2332,.T.);
#3236=ORIENTED_EDGE('',*,*,#2333,.F.);
#3237=ORIENTED_EDGE('',*,*,#2323,.F.);
#3238=ORIENTED_EDGE('',*,*,#2313,.T.);
#3239=ORIENTED_EDGE('',*,*,#2331,.T.);
#3240=ORIENTED_EDGE('',*,*,#2306,.T.);
#3241=ORIENTED_EDGE('',*,*,#2310,.F.);
#3242=ORIENTED_EDGE('',*,*,#2334,.F.);
#3243=ORIENTED_EDGE('',*,*,#2332,.F.);
#3244=ORIENTED_EDGE('',*,*,#2315,.T.);
#3245=ORIENTED_EDGE('',*,*,#2318,.F.);
#3246=ORIENTED_EDGE('',*,*,#2324,.F.);
#3247=ORIENTED_EDGE('',*,*,#2333,.T.);
#3248=ORIENTED_EDGE('',*,*,#2334,.T.);
#3249=ORIENTED_EDGE('',*,*,#2320,.F.);
#3250=ORIENTED_EDGE('',*,*,#2335,.F.);
#3251=ORIENTED_EDGE('',*,*,#2336,.T.);
#3252=ORIENTED_EDGE('',*,*,#2329,.T.);
#3253=ORIENTED_EDGE('',*,*,#2322,.F.);
#3254=ORIENTED_EDGE('',*,*,#2335,.T.);
#3255=ORIENTED_EDGE('',*,*,#2325,.T.);
#3256=ORIENTED_EDGE('',*,*,#2326,.F.);
#3257=ORIENTED_EDGE('',*,*,#2337,.F.);
#3258=ORIENTED_EDGE('',*,*,#2330,.F.);
#3259=ORIENTED_EDGE('',*,*,#2336,.F.);
#3260=ORIENTED_EDGE('',*,*,#2337,.T.);
#3261=ORIENTED_EDGE('',*,*,#2328,.T.);
#3262=ORIENTED_EDGE('',*,*,#2338,.T.);
#3263=ORIENTED_EDGE('',*,*,#2339,.T.);
#3264=ORIENTED_EDGE('',*,*,#2340,.F.);
#3265=ORIENTED_EDGE('',*,*,#2341,.F.);
#3266=ORIENTED_EDGE('',*,*,#2338,.F.);
#3267=ORIENTED_EDGE('',*,*,#2342,.T.);
#3268=ORIENTED_EDGE('',*,*,#2343,.F.);
#3269=ORIENTED_EDGE('',*,*,#2344,.T.);
#3270=ORIENTED_EDGE('',*,*,#2345,.T.);
#3271=ORIENTED_EDGE('',*,*,#2346,.F.);
#3272=ORIENTED_EDGE('',*,*,#2347,.T.);
#3273=ORIENTED_EDGE('',*,*,#2348,.T.);
#3274=ORIENTED_EDGE('',*,*,#2349,.T.);
#3275=ORIENTED_EDGE('',*,*,#2350,.F.);
#3276=ORIENTED_EDGE('',*,*,#2342,.F.);
#3277=ORIENTED_EDGE('',*,*,#2341,.T.);
#3278=ORIENTED_EDGE('',*,*,#2351,.T.);
#3279=ORIENTED_EDGE('',*,*,#2352,.F.);
#3280=ORIENTED_EDGE('',*,*,#2350,.T.);
#3281=ORIENTED_EDGE('',*,*,#2353,.T.);
#3282=ORIENTED_EDGE('',*,*,#2354,.F.);
#3283=ORIENTED_EDGE('',*,*,#2339,.F.);
#3284=ORIENTED_EDGE('',*,*,#2351,.F.);
#3285=ORIENTED_EDGE('',*,*,#2340,.T.);
#3286=ORIENTED_EDGE('',*,*,#2354,.T.);
#3287=ORIENTED_EDGE('',*,*,#2355,.F.);
#3288=ORIENTED_EDGE('',*,*,#2356,.F.);
#3289=ORIENTED_EDGE('',*,*,#2353,.F.);
#3290=ORIENTED_EDGE('',*,*,#2349,.F.);
#3291=ORIENTED_EDGE('',*,*,#2357,.T.);
#3292=ORIENTED_EDGE('',*,*,#2358,.F.);
#3293=ORIENTED_EDGE('',*,*,#2359,.F.);
#3294=ORIENTED_EDGE('',*,*,#2360,.F.);
#3295=ORIENTED_EDGE('',*,*,#2361,.T.);
#3296=ORIENTED_EDGE('',*,*,#2362,.T.);
#3297=ORIENTED_EDGE('',*,*,#2357,.F.);
#3298=ORIENTED_EDGE('',*,*,#2348,.F.);
#3299=ORIENTED_EDGE('',*,*,#2361,.F.);
#3300=ORIENTED_EDGE('',*,*,#2347,.F.);
#3301=ORIENTED_EDGE('',*,*,#2363,.T.);
#3302=ORIENTED_EDGE('',*,*,#2364,.F.);
#3303=ORIENTED_EDGE('',*,*,#2365,.F.);
#3304=ORIENTED_EDGE('',*,*,#2346,.T.);
#3305=ORIENTED_EDGE('',*,*,#2366,.F.);
#3306=ORIENTED_EDGE('',*,*,#2367,.F.);
#3307=ORIENTED_EDGE('',*,*,#2368,.T.);
#3308=ORIENTED_EDGE('',*,*,#2363,.F.);
#3309=ORIENTED_EDGE('',*,*,#2369,.F.);
#3310=ORIENTED_EDGE('',*,*,#2370,.T.);
#3311=ORIENTED_EDGE('',*,*,#2366,.T.);
#3312=ORIENTED_EDGE('',*,*,#2345,.F.);
#3313=ORIENTED_EDGE('',*,*,#2371,.T.);
#3314=ORIENTED_EDGE('',*,*,#2372,.T.);
#3315=ORIENTED_EDGE('',*,*,#2369,.T.);
#3316=ORIENTED_EDGE('',*,*,#2344,.F.);
#3317=ORIENTED_EDGE('',*,*,#2373,.T.);
#3318=ORIENTED_EDGE('',*,*,#2374,.T.);
#3319=ORIENTED_EDGE('',*,*,#2375,.T.);
#3320=ORIENTED_EDGE('',*,*,#2376,.T.);
#3321=ORIENTED_EDGE('',*,*,#2371,.F.);
#3322=ORIENTED_EDGE('',*,*,#2343,.T.);
#3323=ORIENTED_EDGE('',*,*,#2352,.T.);
#3324=ORIENTED_EDGE('',*,*,#2373,.F.);
#3325=ORIENTED_EDGE('',*,*,#2355,.T.);
#3326=ORIENTED_EDGE('',*,*,#2356,.T.);
#3327=ORIENTED_EDGE('',*,*,#2377,.F.);
#3328=ORIENTED_EDGE('',*,*,#2378,.T.);
#3329=ORIENTED_EDGE('',*,*,#2360,.T.);
#3330=ORIENTED_EDGE('',*,*,#2379,.F.);
#3331=ORIENTED_EDGE('',*,*,#2380,.F.);
#3332=ORIENTED_EDGE('',*,*,#2381,.F.);
#3333=ORIENTED_EDGE('',*,*,#2382,.T.);
#3334=ORIENTED_EDGE('',*,*,#2379,.T.);
#3335=ORIENTED_EDGE('',*,*,#2359,.T.);
#3336=ORIENTED_EDGE('',*,*,#2383,.F.);
#3337=ORIENTED_EDGE('',*,*,#2364,.T.);
#3338=ORIENTED_EDGE('',*,*,#2368,.F.);
#3339=ORIENTED_EDGE('',*,*,#2384,.T.);
#3340=ORIENTED_EDGE('',*,*,#2385,.F.);
#3341=ORIENTED_EDGE('',*,*,#2375,.F.);
#3342=ORIENTED_EDGE('',*,*,#2365,.T.);
#3343=ORIENTED_EDGE('',*,*,#2383,.T.);
#3344=ORIENTED_EDGE('',*,*,#2358,.T.);
#3345=ORIENTED_EDGE('',*,*,#2362,.F.);
#3346=ORIENTED_EDGE('',*,*,#2386,.F.);
#3347=ORIENTED_EDGE('',*,*,#2384,.F.);
#3348=ORIENTED_EDGE('',*,*,#2367,.T.);
#3349=ORIENTED_EDGE('',*,*,#2370,.F.);
#3350=ORIENTED_EDGE('',*,*,#2376,.F.);
#3351=ORIENTED_EDGE('',*,*,#2385,.T.);
#3352=ORIENTED_EDGE('',*,*,#2386,.T.);
#3353=ORIENTED_EDGE('',*,*,#2372,.F.);
#3354=ORIENTED_EDGE('',*,*,#2387,.F.);
#3355=ORIENTED_EDGE('',*,*,#2388,.T.);
#3356=ORIENTED_EDGE('',*,*,#2381,.T.);
#3357=ORIENTED_EDGE('',*,*,#2374,.F.);
#3358=ORIENTED_EDGE('',*,*,#2387,.T.);
#3359=ORIENTED_EDGE('',*,*,#2377,.T.);
#3360=ORIENTED_EDGE('',*,*,#2378,.F.);
#3361=ORIENTED_EDGE('',*,*,#2389,.F.);
#3362=ORIENTED_EDGE('',*,*,#2382,.F.);
#3363=ORIENTED_EDGE('',*,*,#2388,.F.);
#3364=ORIENTED_EDGE('',*,*,#2389,.T.);
#3365=ORIENTED_EDGE('',*,*,#2380,.T.);
#3366=ORIENTED_EDGE('',*,*,#2390,.T.);
#3367=ORIENTED_EDGE('',*,*,#2391,.T.);
#3368=ORIENTED_EDGE('',*,*,#2392,.F.);
#3369=ORIENTED_EDGE('',*,*,#2393,.F.);
#3370=ORIENTED_EDGE('',*,*,#2390,.F.);
#3371=ORIENTED_EDGE('',*,*,#2394,.T.);
#3372=ORIENTED_EDGE('',*,*,#2395,.F.);
#3373=ORIENTED_EDGE('',*,*,#2396,.T.);
#3374=ORIENTED_EDGE('',*,*,#2397,.T.);
#3375=ORIENTED_EDGE('',*,*,#2398,.F.);
#3376=ORIENTED_EDGE('',*,*,#2399,.T.);
#3377=ORIENTED_EDGE('',*,*,#2400,.T.);
#3378=ORIENTED_EDGE('',*,*,#2401,.T.);
#3379=ORIENTED_EDGE('',*,*,#2402,.F.);
#3380=ORIENTED_EDGE('',*,*,#2394,.F.);
#3381=ORIENTED_EDGE('',*,*,#2393,.T.);
#3382=ORIENTED_EDGE('',*,*,#2403,.T.);
#3383=ORIENTED_EDGE('',*,*,#2404,.F.);
#3384=ORIENTED_EDGE('',*,*,#2402,.T.);
#3385=ORIENTED_EDGE('',*,*,#2405,.T.);
#3386=ORIENTED_EDGE('',*,*,#2406,.F.);
#3387=ORIENTED_EDGE('',*,*,#2391,.F.);
#3388=ORIENTED_EDGE('',*,*,#2403,.F.);
#3389=ORIENTED_EDGE('',*,*,#2392,.T.);
#3390=ORIENTED_EDGE('',*,*,#2406,.T.);
#3391=ORIENTED_EDGE('',*,*,#2407,.F.);
#3392=ORIENTED_EDGE('',*,*,#2408,.F.);
#3393=ORIENTED_EDGE('',*,*,#2405,.F.);
#3394=ORIENTED_EDGE('',*,*,#2401,.F.);
#3395=ORIENTED_EDGE('',*,*,#2409,.T.);
#3396=ORIENTED_EDGE('',*,*,#2410,.F.);
#3397=ORIENTED_EDGE('',*,*,#2411,.F.);
#3398=ORIENTED_EDGE('',*,*,#2412,.F.);
#3399=ORIENTED_EDGE('',*,*,#2413,.T.);
#3400=ORIENTED_EDGE('',*,*,#2414,.T.);
#3401=ORIENTED_EDGE('',*,*,#2409,.F.);
#3402=ORIENTED_EDGE('',*,*,#2400,.F.);
#3403=ORIENTED_EDGE('',*,*,#2413,.F.);
#3404=ORIENTED_EDGE('',*,*,#2399,.F.);
#3405=ORIENTED_EDGE('',*,*,#2415,.T.);
#3406=ORIENTED_EDGE('',*,*,#2416,.F.);
#3407=ORIENTED_EDGE('',*,*,#2417,.F.);
#3408=ORIENTED_EDGE('',*,*,#2398,.T.);
#3409=ORIENTED_EDGE('',*,*,#2418,.F.);
#3410=ORIENTED_EDGE('',*,*,#2419,.F.);
#3411=ORIENTED_EDGE('',*,*,#2420,.T.);
#3412=ORIENTED_EDGE('',*,*,#2415,.F.);
#3413=ORIENTED_EDGE('',*,*,#2421,.F.);
#3414=ORIENTED_EDGE('',*,*,#2422,.T.);
#3415=ORIENTED_EDGE('',*,*,#2418,.T.);
#3416=ORIENTED_EDGE('',*,*,#2397,.F.);
#3417=ORIENTED_EDGE('',*,*,#2423,.T.);
#3418=ORIENTED_EDGE('',*,*,#2424,.T.);
#3419=ORIENTED_EDGE('',*,*,#2421,.T.);
#3420=ORIENTED_EDGE('',*,*,#2396,.F.);
#3421=ORIENTED_EDGE('',*,*,#2425,.T.);
#3422=ORIENTED_EDGE('',*,*,#2426,.T.);
#3423=ORIENTED_EDGE('',*,*,#2427,.T.);
#3424=ORIENTED_EDGE('',*,*,#2428,.T.);
#3425=ORIENTED_EDGE('',*,*,#2423,.F.);
#3426=ORIENTED_EDGE('',*,*,#2395,.T.);
#3427=ORIENTED_EDGE('',*,*,#2404,.T.);
#3428=ORIENTED_EDGE('',*,*,#2425,.F.);
#3429=ORIENTED_EDGE('',*,*,#2407,.T.);
#3430=ORIENTED_EDGE('',*,*,#2408,.T.);
#3431=ORIENTED_EDGE('',*,*,#2429,.F.);
#3432=ORIENTED_EDGE('',*,*,#2430,.T.);
#3433=ORIENTED_EDGE('',*,*,#2412,.T.);
#3434=ORIENTED_EDGE('',*,*,#2431,.F.);
#3435=ORIENTED_EDGE('',*,*,#2432,.F.);
#3436=ORIENTED_EDGE('',*,*,#2433,.F.);
#3437=ORIENTED_EDGE('',*,*,#2434,.T.);
#3438=ORIENTED_EDGE('',*,*,#2431,.T.);
#3439=ORIENTED_EDGE('',*,*,#2411,.T.);
#3440=ORIENTED_EDGE('',*,*,#2435,.F.);
#3441=ORIENTED_EDGE('',*,*,#2416,.T.);
#3442=ORIENTED_EDGE('',*,*,#2420,.F.);
#3443=ORIENTED_EDGE('',*,*,#2436,.T.);
#3444=ORIENTED_EDGE('',*,*,#2437,.F.);
#3445=ORIENTED_EDGE('',*,*,#2427,.F.);
#3446=ORIENTED_EDGE('',*,*,#2417,.T.);
#3447=ORIENTED_EDGE('',*,*,#2435,.T.);
#3448=ORIENTED_EDGE('',*,*,#2410,.T.);
#3449=ORIENTED_EDGE('',*,*,#2414,.F.);
#3450=ORIENTED_EDGE('',*,*,#2438,.F.);
#3451=ORIENTED_EDGE('',*,*,#2436,.F.);
#3452=ORIENTED_EDGE('',*,*,#2419,.T.);
#3453=ORIENTED_EDGE('',*,*,#2422,.F.);
#3454=ORIENTED_EDGE('',*,*,#2428,.F.);
#3455=ORIENTED_EDGE('',*,*,#2437,.T.);
#3456=ORIENTED_EDGE('',*,*,#2438,.T.);
#3457=ORIENTED_EDGE('',*,*,#2424,.F.);
#3458=ORIENTED_EDGE('',*,*,#2439,.F.);
#3459=ORIENTED_EDGE('',*,*,#2440,.T.);
#3460=ORIENTED_EDGE('',*,*,#2433,.T.);
#3461=ORIENTED_EDGE('',*,*,#2426,.F.);
#3462=ORIENTED_EDGE('',*,*,#2439,.T.);
#3463=ORIENTED_EDGE('',*,*,#2429,.T.);
#3464=ORIENTED_EDGE('',*,*,#2430,.F.);
#3465=ORIENTED_EDGE('',*,*,#2441,.F.);
#3466=ORIENTED_EDGE('',*,*,#2434,.F.);
#3467=ORIENTED_EDGE('',*,*,#2440,.F.);
#3468=ORIENTED_EDGE('',*,*,#2441,.T.);
#3469=ORIENTED_EDGE('',*,*,#2432,.T.);
#3470=ORIENTED_EDGE('',*,*,#2442,.F.);
#3471=ORIENTED_EDGE('',*,*,#2443,.F.);
#3472=ORIENTED_EDGE('',*,*,#2444,.F.);
#3473=ORIENTED_EDGE('',*,*,#2445,.F.);
#3474=ORIENTED_EDGE('',*,*,#2442,.T.);
#3475=ORIENTED_EDGE('',*,*,#2446,.T.);
#3476=ORIENTED_EDGE('',*,*,#2447,.F.);
#3477=ORIENTED_EDGE('',*,*,#2448,.F.);
#3478=ORIENTED_EDGE('',*,*,#2445,.T.);
#3479=ORIENTED_EDGE('',*,*,#2449,.T.);
#3480=ORIENTED_EDGE('',*,*,#2450,.F.);
#3481=ORIENTED_EDGE('',*,*,#2446,.F.);
#3482=ORIENTED_EDGE('',*,*,#2444,.T.);
#3483=ORIENTED_EDGE('',*,*,#2451,.T.);
#3484=ORIENTED_EDGE('',*,*,#2452,.F.);
#3485=ORIENTED_EDGE('',*,*,#2449,.F.);
#3486=ORIENTED_EDGE('',*,*,#2443,.T.);
#3487=ORIENTED_EDGE('',*,*,#2448,.T.);
#3488=ORIENTED_EDGE('',*,*,#2453,.F.);
#3489=ORIENTED_EDGE('',*,*,#2451,.F.);
#3490=ORIENTED_EDGE('',*,*,#2454,.F.);
#3491=ORIENTED_EDGE('',*,*,#2447,.T.);
#3492=ORIENTED_EDGE('',*,*,#2455,.T.);
#3493=ORIENTED_EDGE('',*,*,#2456,.F.);
#3494=ORIENTED_EDGE('',*,*,#2455,.F.);
#3495=ORIENTED_EDGE('',*,*,#2450,.T.);
#3496=ORIENTED_EDGE('',*,*,#2457,.T.);
#3497=ORIENTED_EDGE('',*,*,#2458,.F.);
#3498=ORIENTED_EDGE('',*,*,#2457,.F.);
#3499=ORIENTED_EDGE('',*,*,#2452,.T.);
#3500=ORIENTED_EDGE('',*,*,#2459,.T.);
#3501=ORIENTED_EDGE('',*,*,#2460,.F.);
#3502=ORIENTED_EDGE('',*,*,#2459,.F.);
#3503=ORIENTED_EDGE('',*,*,#2453,.T.);
#3504=ORIENTED_EDGE('',*,*,#2454,.T.);
#3505=ORIENTED_EDGE('',*,*,#2461,.F.);
#3506=ORIENTED_EDGE('',*,*,#2462,.F.);
#3507=ORIENTED_EDGE('',*,*,#2463,.T.);
#3508=ORIENTED_EDGE('',*,*,#2456,.T.);
#3509=ORIENTED_EDGE('',*,*,#2464,.F.);
#3510=ORIENTED_EDGE('',*,*,#2465,.F.);
#3511=ORIENTED_EDGE('',*,*,#2464,.T.);
#3512=ORIENTED_EDGE('',*,*,#2458,.T.);
#3513=ORIENTED_EDGE('',*,*,#2466,.F.);
#3514=ORIENTED_EDGE('',*,*,#2467,.F.);
#3515=ORIENTED_EDGE('',*,*,#2466,.T.);
#3516=ORIENTED_EDGE('',*,*,#2460,.T.);
#3517=ORIENTED_EDGE('',*,*,#2468,.F.);
#3518=ORIENTED_EDGE('',*,*,#2469,.F.);
#3519=ORIENTED_EDGE('',*,*,#2468,.T.);
#3520=ORIENTED_EDGE('',*,*,#2461,.T.);
#3521=ORIENTED_EDGE('',*,*,#2463,.F.);
#3522=ORIENTED_EDGE('',*,*,#2462,.T.);
#3523=ORIENTED_EDGE('',*,*,#2465,.T.);
#3524=ORIENTED_EDGE('',*,*,#2467,.T.);
#3525=ORIENTED_EDGE('',*,*,#2469,.T.);
#3526=ORIENTED_EDGE('',*,*,#2470,.F.);
#3527=ORIENTED_EDGE('',*,*,#2471,.F.);
#3528=ORIENTED_EDGE('',*,*,#2472,.F.);
#3529=ORIENTED_EDGE('',*,*,#2473,.F.);
#3530=ORIENTED_EDGE('',*,*,#2470,.T.);
#3531=ORIENTED_EDGE('',*,*,#2474,.T.);
#3532=ORIENTED_EDGE('',*,*,#2475,.F.);
#3533=ORIENTED_EDGE('',*,*,#2476,.F.);
#3534=ORIENTED_EDGE('',*,*,#2473,.T.);
#3535=ORIENTED_EDGE('',*,*,#2477,.T.);
#3536=ORIENTED_EDGE('',*,*,#2478,.F.);
#3537=ORIENTED_EDGE('',*,*,#2474,.F.);
#3538=ORIENTED_EDGE('',*,*,#2472,.T.);
#3539=ORIENTED_EDGE('',*,*,#2479,.T.);
#3540=ORIENTED_EDGE('',*,*,#2480,.F.);
#3541=ORIENTED_EDGE('',*,*,#2477,.F.);
#3542=ORIENTED_EDGE('',*,*,#2471,.T.);
#3543=ORIENTED_EDGE('',*,*,#2476,.T.);
#3544=ORIENTED_EDGE('',*,*,#2481,.F.);
#3545=ORIENTED_EDGE('',*,*,#2479,.F.);
#3546=ORIENTED_EDGE('',*,*,#2482,.F.);
#3547=ORIENTED_EDGE('',*,*,#2475,.T.);
#3548=ORIENTED_EDGE('',*,*,#2483,.T.);
#3549=ORIENTED_EDGE('',*,*,#2484,.F.);
#3550=ORIENTED_EDGE('',*,*,#2483,.F.);
#3551=ORIENTED_EDGE('',*,*,#2478,.T.);
#3552=ORIENTED_EDGE('',*,*,#2485,.T.);
#3553=ORIENTED_EDGE('',*,*,#2486,.F.);
#3554=ORIENTED_EDGE('',*,*,#2485,.F.);
#3555=ORIENTED_EDGE('',*,*,#2480,.T.);
#3556=ORIENTED_EDGE('',*,*,#2487,.T.);
#3557=ORIENTED_EDGE('',*,*,#2488,.F.);
#3558=ORIENTED_EDGE('',*,*,#2487,.F.);
#3559=ORIENTED_EDGE('',*,*,#2481,.T.);
#3560=ORIENTED_EDGE('',*,*,#2482,.T.);
#3561=ORIENTED_EDGE('',*,*,#2489,.F.);
#3562=ORIENTED_EDGE('',*,*,#2490,.F.);
#3563=ORIENTED_EDGE('',*,*,#2491,.T.);
#3564=ORIENTED_EDGE('',*,*,#2484,.T.);
#3565=ORIENTED_EDGE('',*,*,#2492,.F.);
#3566=ORIENTED_EDGE('',*,*,#2493,.F.);
#3567=ORIENTED_EDGE('',*,*,#2492,.T.);
#3568=ORIENTED_EDGE('',*,*,#2486,.T.);
#3569=ORIENTED_EDGE('',*,*,#2494,.F.);
#3570=ORIENTED_EDGE('',*,*,#2495,.F.);
#3571=ORIENTED_EDGE('',*,*,#2494,.T.);
#3572=ORIENTED_EDGE('',*,*,#2488,.T.);
#3573=ORIENTED_EDGE('',*,*,#2496,.F.);
#3574=ORIENTED_EDGE('',*,*,#2497,.F.);
#3575=ORIENTED_EDGE('',*,*,#2496,.T.);
#3576=ORIENTED_EDGE('',*,*,#2489,.T.);
#3577=ORIENTED_EDGE('',*,*,#2491,.F.);
#3578=ORIENTED_EDGE('',*,*,#2490,.T.);
#3579=ORIENTED_EDGE('',*,*,#2493,.T.);
#3580=ORIENTED_EDGE('',*,*,#2495,.T.);
#3581=ORIENTED_EDGE('',*,*,#2497,.T.);
#3582=ORIENTED_EDGE('',*,*,#2498,.F.);
#3583=ORIENTED_EDGE('',*,*,#2499,.F.);
#3584=ORIENTED_EDGE('',*,*,#2500,.F.);
#3585=ORIENTED_EDGE('',*,*,#2501,.F.);
#3586=ORIENTED_EDGE('',*,*,#2498,.T.);
#3587=ORIENTED_EDGE('',*,*,#2502,.T.);
#3588=ORIENTED_EDGE('',*,*,#2503,.F.);
#3589=ORIENTED_EDGE('',*,*,#2504,.F.);
#3590=ORIENTED_EDGE('',*,*,#2501,.T.);
#3591=ORIENTED_EDGE('',*,*,#2505,.T.);
#3592=ORIENTED_EDGE('',*,*,#2506,.F.);
#3593=ORIENTED_EDGE('',*,*,#2502,.F.);
#3594=ORIENTED_EDGE('',*,*,#2500,.T.);
#3595=ORIENTED_EDGE('',*,*,#2507,.T.);
#3596=ORIENTED_EDGE('',*,*,#2508,.F.);
#3597=ORIENTED_EDGE('',*,*,#2505,.F.);
#3598=ORIENTED_EDGE('',*,*,#2499,.T.);
#3599=ORIENTED_EDGE('',*,*,#2504,.T.);
#3600=ORIENTED_EDGE('',*,*,#2509,.F.);
#3601=ORIENTED_EDGE('',*,*,#2507,.F.);
#3602=ORIENTED_EDGE('',*,*,#2510,.F.);
#3603=ORIENTED_EDGE('',*,*,#2503,.T.);
#3604=ORIENTED_EDGE('',*,*,#2511,.T.);
#3605=ORIENTED_EDGE('',*,*,#2512,.F.);
#3606=ORIENTED_EDGE('',*,*,#2511,.F.);
#3607=ORIENTED_EDGE('',*,*,#2506,.T.);
#3608=ORIENTED_EDGE('',*,*,#2513,.T.);
#3609=ORIENTED_EDGE('',*,*,#2514,.F.);
#3610=ORIENTED_EDGE('',*,*,#2513,.F.);
#3611=ORIENTED_EDGE('',*,*,#2508,.T.);
#3612=ORIENTED_EDGE('',*,*,#2515,.T.);
#3613=ORIENTED_EDGE('',*,*,#2516,.F.);
#3614=ORIENTED_EDGE('',*,*,#2515,.F.);
#3615=ORIENTED_EDGE('',*,*,#2509,.T.);
#3616=ORIENTED_EDGE('',*,*,#2510,.T.);
#3617=ORIENTED_EDGE('',*,*,#2517,.F.);
#3618=ORIENTED_EDGE('',*,*,#2518,.F.);
#3619=ORIENTED_EDGE('',*,*,#2519,.T.);
#3620=ORIENTED_EDGE('',*,*,#2512,.T.);
#3621=ORIENTED_EDGE('',*,*,#2520,.F.);
#3622=ORIENTED_EDGE('',*,*,#2521,.F.);
#3623=ORIENTED_EDGE('',*,*,#2520,.T.);
#3624=ORIENTED_EDGE('',*,*,#2514,.T.);
#3625=ORIENTED_EDGE('',*,*,#2522,.F.);
#3626=ORIENTED_EDGE('',*,*,#2523,.F.);
#3627=ORIENTED_EDGE('',*,*,#2522,.T.);
#3628=ORIENTED_EDGE('',*,*,#2516,.T.);
#3629=ORIENTED_EDGE('',*,*,#2524,.F.);
#3630=ORIENTED_EDGE('',*,*,#2525,.F.);
#3631=ORIENTED_EDGE('',*,*,#2524,.T.);
#3632=ORIENTED_EDGE('',*,*,#2517,.T.);
#3633=ORIENTED_EDGE('',*,*,#2519,.F.);
#3634=ORIENTED_EDGE('',*,*,#2518,.T.);
#3635=ORIENTED_EDGE('',*,*,#2521,.T.);
#3636=ORIENTED_EDGE('',*,*,#2523,.T.);
#3637=ORIENTED_EDGE('',*,*,#2525,.T.);
#3638=PLANE('',#4205);
#3639=PLANE('',#4206);
#3640=PLANE('',#4207);
#3641=PLANE('',#4208);
#3642=PLANE('',#4209);
#3643=PLANE('',#4210);
#3644=PLANE('',#4211);
#3645=PLANE('',#4213);
#3646=PLANE('',#4214);
#3647=PLANE('',#4216);
#3648=PLANE('',#4217);
#3649=PLANE('',#4218);
#3650=PLANE('',#4219);
#3651=PLANE('',#4220);
#3652=PLANE('',#4221);
#3653=PLANE('',#4222);
#3654=PLANE('',#4225);
#3655=PLANE('',#4226);
#3656=PLANE('',#4227);
#3657=PLANE('',#4230);
#3658=PLANE('',#4231);
#3659=PLANE('',#4232);
#3660=PLANE('',#4233);
#3661=PLANE('',#4234);
#3662=PLANE('',#4235);
#3663=PLANE('',#4236);
#3664=PLANE('',#4237);
#3665=PLANE('',#4238);
#3666=PLANE('',#4239);
#3667=PLANE('',#4240);
#3668=PLANE('',#4241);
#3669=PLANE('',#4242);
#3670=PLANE('',#4243);
#3671=PLANE('',#4244);
#3672=PLANE('',#4245);
#3673=PLANE('',#4246);
#3674=PLANE('',#4247);
#3675=PLANE('',#4248);
#3676=PLANE('',#4249);
#3677=PLANE('',#4250);
#3678=PLANE('',#4251);
#3679=PLANE('',#4252);
#3680=PLANE('',#4253);
#3681=PLANE('',#4254);
#3682=PLANE('',#4255);
#3683=PLANE('',#4256);
#3684=PLANE('',#4257);
#3685=PLANE('',#4258);
#3686=PLANE('',#4259);
#3687=PLANE('',#4261);
#3688=PLANE('',#4262);
#3689=PLANE('',#4263);
#3690=PLANE('',#4264);
#3691=PLANE('',#4265);
#3692=PLANE('',#4266);
#3693=PLANE('',#4267);
#3694=PLANE('',#4268);
#3695=PLANE('',#4269);
#3696=PLANE('',#4270);
#3697=PLANE('',#4271);
#3698=PLANE('',#4272);
#3699=PLANE('',#4273);
#3700=PLANE('',#4274);
#3701=PLANE('',#4275);
#3702=PLANE('',#4276);
#3703=PLANE('',#4277);
#3704=PLANE('',#4278);
#3705=PLANE('',#4279);
#3706=PLANE('',#4280);
#3707=PLANE('',#4281);
#3708=PLANE('',#4282);
#3709=PLANE('',#4283);
#3710=PLANE('',#4284);
#3711=PLANE('',#4285);
#3712=PLANE('',#4286);
#3713=PLANE('',#4287);
#3714=PLANE('',#4288);
#3715=PLANE('',#4289);
#3716=PLANE('',#4290);
#3717=PLANE('',#4291);
#3718=PLANE('',#4292);
#3719=PLANE('',#4293);
#3720=PLANE('',#4294);
#3721=PLANE('',#4295);
#3722=PLANE('',#4296);
#3723=PLANE('',#4297);
#3724=PLANE('',#4298);
#3725=PLANE('',#4299);
#3726=PLANE('',#4300);
#3727=PLANE('',#4301);
#3728=PLANE('',#4302);
#3729=PLANE('',#4303);
#3730=PLANE('',#4304);
#3731=PLANE('',#4305);
#3732=PLANE('',#4306);
#3733=PLANE('',#4307);
#3734=PLANE('',#4308);
#3735=PLANE('',#4309);
#3736=PLANE('',#4310);
#3737=PLANE('',#4311);
#3738=PLANE('',#4312);
#3739=PLANE('',#4313);
#3740=PLANE('',#4314);
#3741=PLANE('',#4315);
#3742=PLANE('',#4316);
#3743=PLANE('',#4317);
#3744=PLANE('',#4318);
#3745=PLANE('',#4319);
#3746=PLANE('',#4320);
#3747=PLANE('',#4321);
#3748=PLANE('',#4322);
#3749=PLANE('',#4324);
#3750=PLANE('',#4325);
#3751=PLANE('',#4326);
#3752=PLANE('',#4327);
#3753=PLANE('',#4328);
#3754=PLANE('',#4329);
#3755=PLANE('',#4330);
#3756=PLANE('',#4331);
#3757=PLANE('',#4332);
#3758=PLANE('',#4333);
#3759=PLANE('',#4334);
#3760=PLANE('',#4335);
#3761=PLANE('',#4336);
#3762=PLANE('',#4337);
#3763=PLANE('',#4338);
#3764=PLANE('',#4339);
#3765=PLANE('',#4340);
#3766=PLANE('',#4341);
#3767=PLANE('',#4342);
#3768=PLANE('',#4343);
#3769=PLANE('',#4344);
#3770=PLANE('',#4345);
#3771=PLANE('',#4346);
#3772=PLANE('',#4347);
#3773=PLANE('',#4348);
#3774=PLANE('',#4349);
#3775=PLANE('',#4350);
#3776=PLANE('',#4351);
#3777=PLANE('',#4352);
#3778=PLANE('',#4353);
#3779=PLANE('',#4354);
#3780=PLANE('',#4355);
#3781=PLANE('',#4356);
#3782=PLANE('',#4357);
#3783=PLANE('',#4358);
#3784=PLANE('',#4359);
#3785=PLANE('',#4360);
#3786=PLANE('',#4361);
#3787=PLANE('',#4362);
#3788=PLANE('',#4363);
#3789=PLANE('',#4364);
#3790=PLANE('',#4365);
#3791=PLANE('',#4366);
#3792=PLANE('',#4367);
#3793=PLANE('',#4368);
#3794=PLANE('',#4369);
#3795=PLANE('',#4370);
#3796=PLANE('',#4371);
#3797=PLANE('',#4372);
#3798=PLANE('',#4373);
#3799=PLANE('',#4374);
#3800=PLANE('',#4375);
#3801=PLANE('',#4376);
#3802=PLANE('',#4377);
#3803=PLANE('',#4378);
#3804=PLANE('',#4379);
#3805=PLANE('',#4380);
#3806=PLANE('',#4381);
#3807=PLANE('',#4382);
#3808=PLANE('',#4383);
#3809=PLANE('',#4384);
#3810=PLANE('',#4385);
#3811=PLANE('',#4386);
#3812=PLANE('',#4388);
#3813=PLANE('',#4389);
#3814=PLANE('',#4390);
#3815=PLANE('',#4391);
#3816=PLANE('',#4392);
#3817=PLANE('',#4393);
#3818=PLANE('',#4394);
#3819=PLANE('',#4395);
#3820=PLANE('',#4396);
#3821=PLANE('',#4397);
#3822=PLANE('',#4398);
#3823=PLANE('',#4399);
#3824=PLANE('',#4400);
#3825=PLANE('',#4401);
#3826=PLANE('',#4402);
#3827=PLANE('',#4403);
#3828=PLANE('',#4404);
#3829=PLANE('',#4405);
#3830=PLANE('',#4406);
#3831=PLANE('',#4407);
#3832=PLANE('',#4408);
#3833=PLANE('',#4409);
#3834=PLANE('',#4410);
#3835=PLANE('',#4411);
#3836=PLANE('',#4412);
#3837=PLANE('',#4413);
#3838=PLANE('',#4414);
#3839=PLANE('',#4415);
#3840=PLANE('',#4416);
#3841=PLANE('',#4417);
#3842=PLANE('',#4418);
#3843=PLANE('',#4419);
#3844=PLANE('',#4420);
#3845=PLANE('',#4421);
#3846=PLANE('',#4422);
#3847=PLANE('',#4423);
#3848=PLANE('',#4424);
#3849=PLANE('',#4425);
#3850=PLANE('',#4426);
#3851=PLANE('',#4427);
#3852=PLANE('',#4428);
#3853=PLANE('',#4429);
#3854=ADVANCED_FACE('',(#78),#3638,.T.);
#3855=ADVANCED_FACE('',(#79,#73),#3639,.T.);
#3856=ADVANCED_FACE('',(#80),#3640,.T.);
#3857=ADVANCED_FACE('',(#81,#74),#3641,.F.);
#3858=ADVANCED_FACE('',(#82),#3642,.T.);
#3859=ADVANCED_FACE('',(#83),#3643,.T.);
#3860=ADVANCED_FACE('',(#84),#3644,.F.);
#3861=ADVANCED_FACE('',(#85),#3645,.F.);
#3862=ADVANCED_FACE('',(#86),#3646,.F.);
#3863=ADVANCED_FACE('',(#87),#3647,.F.);
#3864=ADVANCED_FACE('',(#88),#3648,.T.);
#3865=ADVANCED_FACE('',(#89),#3649,.T.);
#3866=ADVANCED_FACE('',(#90),#3650,.T.);
#3867=ADVANCED_FACE('',(#91),#3651,.T.);
#3868=ADVANCED_FACE('',(#92),#3652,.T.);
#3869=ADVANCED_FACE('',(#93),#3653,.T.);
#3870=ADVANCED_FACE('',(#94),#67,.F.);
#3871=ADVANCED_FACE('',(#95),#3654,.T.);
#3872=ADVANCED_FACE('',(#96),#3655,.T.);
#3873=ADVANCED_FACE('',(#97),#3656,.T.);
#3874=ADVANCED_FACE('',(#98),#68,.F.);
#3875=ADVANCED_FACE('',(#99),#3657,.T.);
#3876=ADVANCED_FACE('',(#100,#75),#3658,.T.);
#3877=ADVANCED_FACE('',(#101),#3659,.T.);
#3878=ADVANCED_FACE('',(#102),#3660,.T.);
#3879=ADVANCED_FACE('',(#103),#3661,.T.);
#3880=ADVANCED_FACE('',(#104),#3662,.F.);
#3881=ADVANCED_FACE('',(#105),#3663,.T.);
#3882=ADVANCED_FACE('',(#106),#3664,.T.);
#3883=ADVANCED_FACE('',(#107),#3665,.F.);
#3884=ADVANCED_FACE('',(#108),#3666,.F.);
#3885=ADVANCED_FACE('',(#109),#3667,.T.);
#3886=ADVANCED_FACE('',(#110),#3668,.F.);
#3887=ADVANCED_FACE('',(#111),#3669,.T.);
#3888=ADVANCED_FACE('',(#112),#3670,.F.);
#3889=ADVANCED_FACE('',(#113),#3671,.T.);
#3890=ADVANCED_FACE('',(#114),#3672,.T.);
#3891=ADVANCED_FACE('',(#115),#3673,.F.);
#3892=ADVANCED_FACE('',(#116),#3674,.T.);
#3893=ADVANCED_FACE('',(#117),#3675,.T.);
#3894=ADVANCED_FACE('',(#118),#3676,.F.);
#3895=ADVANCED_FACE('',(#119),#3677,.T.);
#3896=ADVANCED_FACE('',(#120),#3678,.T.);
#3897=ADVANCED_FACE('',(#121),#3679,.T.);
#3898=ADVANCED_FACE('',(#122),#3680,.F.);
#3899=ADVANCED_FACE('',(#123),#3681,.T.);
#3900=ADVANCED_FACE('',(#124),#3682,.T.);
#3901=ADVANCED_FACE('',(#125),#3683,.F.);
#3902=ADVANCED_FACE('',(#126),#3684,.T.);
#3903=ADVANCED_FACE('',(#127),#3685,.F.);
#3904=ADVANCED_FACE('',(#128),#3686,.T.);
#3905=ADVANCED_FACE('',(#129),#3687,.F.);
#3906=ADVANCED_FACE('',(#130),#3688,.T.);
#3907=ADVANCED_FACE('',(#131),#3689,.F.);
#3908=ADVANCED_FACE('',(#132,#76),#3690,.T.);
#3909=ADVANCED_FACE('',(#133,#77),#3691,.F.);
#3910=ADVANCED_FACE('',(#134),#3692,.T.);
#3911=ADVANCED_FACE('',(#135),#3693,.T.);
#3912=ADVANCED_FACE('',(#136),#3694,.F.);
#3913=ADVANCED_FACE('',(#137),#3695,.F.);
#3914=ADVANCED_FACE('',(#138),#3696,.T.);
#3915=ADVANCED_FACE('',(#139),#3697,.T.);
#3916=ADVANCED_FACE('',(#140),#3698,.T.);
#3917=ADVANCED_FACE('',(#141),#3699,.T.);
#3918=ADVANCED_FACE('',(#142),#3700,.T.);
#3919=ADVANCED_FACE('',(#143),#3701,.T.);
#3920=ADVANCED_FACE('',(#144),#3702,.T.);
#3921=ADVANCED_FACE('',(#145),#3703,.T.);
#3922=ADVANCED_FACE('',(#146),#3704,.F.);
#3923=ADVANCED_FACE('',(#147),#3705,.F.);
#3924=ADVANCED_FACE('',(#148),#3706,.F.);
#3925=ADVANCED_FACE('',(#149),#3707,.F.);
#3926=ADVANCED_FACE('',(#150),#3708,.F.);
#3927=ADVANCED_FACE('',(#151),#3709,.F.);
#3928=ADVANCED_FACE('',(#152),#3710,.T.);
#3929=ADVANCED_FACE('',(#153),#3711,.T.);
#3930=ADVANCED_FACE('',(#154),#3712,.T.);
#3931=ADVANCED_FACE('',(#155),#3713,.T.);
#3932=ADVANCED_FACE('',(#156),#3714,.T.);
#3933=ADVANCED_FACE('',(#157),#3715,.F.);
#3934=ADVANCED_FACE('',(#158),#3716,.F.);
#3935=ADVANCED_FACE('',(#159),#3717,.F.);
#3936=ADVANCED_FACE('',(#160),#3718,.F.);
#3937=ADVANCED_FACE('',(#161),#3719,.F.);
#3938=ADVANCED_FACE('',(#162),#3720,.T.);
#3939=ADVANCED_FACE('',(#163),#3721,.T.);
#3940=ADVANCED_FACE('',(#164),#3722,.T.);
#3941=ADVANCED_FACE('',(#165),#3723,.F.);
#3942=ADVANCED_FACE('',(#166),#3724,.F.);
#3943=ADVANCED_FACE('',(#167),#3725,.F.);
#3944=ADVANCED_FACE('',(#168),#3726,.F.);
#3945=ADVANCED_FACE('',(#169),#3727,.F.);
#3946=ADVANCED_FACE('',(#170),#3728,.F.);
#3947=ADVANCED_FACE('',(#171),#3729,.F.);
#3948=ADVANCED_FACE('',(#172),#3730,.T.);
#3949=ADVANCED_FACE('',(#173),#3731,.T.);
#3950=ADVANCED_FACE('',(#174),#3732,.T.);
#3951=ADVANCED_FACE('',(#175),#3733,.T.);
#3952=ADVANCED_FACE('',(#176),#3734,.F.);
#3953=ADVANCED_FACE('',(#177),#3735,.F.);
#3954=ADVANCED_FACE('',(#178),#3736,.T.);
#3955=ADVANCED_FACE('',(#179),#3737,.T.);
#3956=ADVANCED_FACE('',(#180),#3738,.F.);
#3957=ADVANCED_FACE('',(#181),#3739,.F.);
#3958=ADVANCED_FACE('',(#182),#3740,.T.);
#3959=ADVANCED_FACE('',(#183),#3741,.T.);
#3960=ADVANCED_FACE('',(#184),#3742,.F.);
#3961=ADVANCED_FACE('',(#185),#3743,.F.);
#3962=ADVANCED_FACE('',(#186),#3744,.T.);
#3963=ADVANCED_FACE('',(#187),#3745,.F.);
#3964=ADVANCED_FACE('',(#188),#3746,.T.);
#3965=ADVANCED_FACE('',(#189),#3747,.F.);
#3966=ADVANCED_FACE('',(#190),#3748,.T.);
#3967=ADVANCED_FACE('',(#191),#3749,.T.);
#3968=ADVANCED_FACE('',(#192),#3750,.T.);
#3969=ADVANCED_FACE('',(#193),#3751,.T.);
#3970=ADVANCED_FACE('',(#194),#3752,.F.);
#3971=ADVANCED_FACE('',(#195),#3753,.T.);
#3972=ADVANCED_FACE('',(#196),#3754,.F.);
#3973=ADVANCED_FACE('',(#197),#3755,.F.);
#3974=ADVANCED_FACE('',(#198),#3756,.T.);
#3975=ADVANCED_FACE('',(#199),#3757,.F.);
#3976=ADVANCED_FACE('',(#200),#3758,.T.);
#3977=ADVANCED_FACE('',(#201),#3759,.F.);
#3978=ADVANCED_FACE('',(#202),#3760,.T.);
#3979=ADVANCED_FACE('',(#203),#3761,.T.);
#3980=ADVANCED_FACE('',(#204),#3762,.F.);
#3981=ADVANCED_FACE('',(#205),#3763,.T.);
#3982=ADVANCED_FACE('',(#206),#3764,.T.);
#3983=ADVANCED_FACE('',(#207),#3765,.T.);
#3984=ADVANCED_FACE('',(#208),#3766,.T.);
#3985=ADVANCED_FACE('',(#209),#3767,.T.);
#3986=ADVANCED_FACE('',(#210),#3768,.T.);
#3987=ADVANCED_FACE('',(#211),#3769,.T.);
#3988=ADVANCED_FACE('',(#212),#3770,.T.);
#3989=ADVANCED_FACE('',(#213),#3771,.T.);
#3990=ADVANCED_FACE('',(#214),#3772,.T.);
#3991=ADVANCED_FACE('',(#215),#3773,.F.);
#3992=ADVANCED_FACE('',(#216),#3774,.T.);
#3993=ADVANCED_FACE('',(#217),#3775,.F.);
#3994=ADVANCED_FACE('',(#218),#3776,.F.);
#3995=ADVANCED_FACE('',(#219),#3777,.T.);
#3996=ADVANCED_FACE('',(#220),#3778,.F.);
#3997=ADVANCED_FACE('',(#221),#3779,.T.);
#3998=ADVANCED_FACE('',(#222),#3780,.F.);
#3999=ADVANCED_FACE('',(#223),#3781,.T.);
#4000=ADVANCED_FACE('',(#224),#3782,.T.);
#4001=ADVANCED_FACE('',(#225),#3783,.F.);
#4002=ADVANCED_FACE('',(#226),#3784,.T.);
#4003=ADVANCED_FACE('',(#227),#3785,.T.);
#4004=ADVANCED_FACE('',(#228),#3786,.T.);
#4005=ADVANCED_FACE('',(#229),#3787,.T.);
#4006=ADVANCED_FACE('',(#230),#3788,.T.);
#4007=ADVANCED_FACE('',(#231),#3789,.T.);
#4008=ADVANCED_FACE('',(#232),#3790,.T.);
#4009=ADVANCED_FACE('',(#233),#3791,.T.);
#4010=ADVANCED_FACE('',(#234),#3792,.T.);
#4011=ADVANCED_FACE('',(#235),#3793,.T.);
#4012=ADVANCED_FACE('',(#236),#3794,.F.);
#4013=ADVANCED_FACE('',(#237),#3795,.T.);
#4014=ADVANCED_FACE('',(#238),#3796,.F.);
#4015=ADVANCED_FACE('',(#239),#3797,.F.);
#4016=ADVANCED_FACE('',(#240),#3798,.T.);
#4017=ADVANCED_FACE('',(#241),#3799,.F.);
#4018=ADVANCED_FACE('',(#242),#3800,.T.);
#4019=ADVANCED_FACE('',(#243),#3801,.F.);
#4020=ADVANCED_FACE('',(#244),#3802,.T.);
#4021=ADVANCED_FACE('',(#245),#3803,.T.);
#4022=ADVANCED_FACE('',(#246),#3804,.F.);
#4023=ADVANCED_FACE('',(#247),#3805,.T.);
#4024=ADVANCED_FACE('',(#248),#3806,.T.);
#4025=ADVANCED_FACE('',(#249),#3807,.T.);
#4026=ADVANCED_FACE('',(#250),#3808,.T.);
#4027=ADVANCED_FACE('',(#251),#3809,.T.);
#4028=ADVANCED_FACE('',(#252),#3810,.T.);
#4029=ADVANCED_FACE('',(#253),#3811,.T.);
#4030=ADVANCED_FACE('',(#254),#3812,.F.);
#4031=ADVANCED_FACE('',(#255),#3813,.T.);
#4032=ADVANCED_FACE('',(#256),#3814,.T.);
#4033=ADVANCED_FACE('',(#257),#3815,.T.);
#4034=ADVANCED_FACE('',(#258),#3816,.T.);
#4035=ADVANCED_FACE('',(#259),#3817,.F.);
#4036=ADVANCED_FACE('',(#260),#3818,.F.);
#4037=ADVANCED_FACE('',(#261),#3819,.F.);
#4038=ADVANCED_FACE('',(#262),#3820,.F.);
#4039=ADVANCED_FACE('',(#263),#3821,.F.);
#4040=ADVANCED_FACE('',(#264),#3822,.F.);
#4041=ADVANCED_FACE('',(#265),#3823,.F.);
#4042=ADVANCED_FACE('',(#266),#3824,.F.);
#4043=ADVANCED_FACE('',(#267),#3825,.F.);
#4044=ADVANCED_FACE('',(#268),#3826,.F.);
#4045=ADVANCED_FACE('',(#269),#3827,.T.);
#4046=ADVANCED_FACE('',(#270),#3828,.T.);
#4047=ADVANCED_FACE('',(#271),#3829,.T.);
#4048=ADVANCED_FACE('',(#272),#3830,.T.);
#4049=ADVANCED_FACE('',(#273),#3831,.F.);
#4050=ADVANCED_FACE('',(#274),#3832,.F.);
#4051=ADVANCED_FACE('',(#275),#3833,.F.);
#4052=ADVANCED_FACE('',(#276),#3834,.F.);
#4053=ADVANCED_FACE('',(#277),#3835,.F.);
#4054=ADVANCED_FACE('',(#278),#3836,.F.);
#4055=ADVANCED_FACE('',(#279),#3837,.F.);
#4056=ADVANCED_FACE('',(#280),#3838,.F.);
#4057=ADVANCED_FACE('',(#281),#3839,.F.);
#4058=ADVANCED_FACE('',(#282),#3840,.F.);
#4059=ADVANCED_FACE('',(#283),#3841,.T.);
#4060=ADVANCED_FACE('',(#284),#3842,.T.);
#4061=ADVANCED_FACE('',(#285),#3843,.T.);
#4062=ADVANCED_FACE('',(#286),#3844,.T.);
#4063=ADVANCED_FACE('',(#287),#3845,.F.);
#4064=ADVANCED_FACE('',(#288),#3846,.F.);
#4065=ADVANCED_FACE('',(#289),#3847,.F.);
#4066=ADVANCED_FACE('',(#290),#3848,.F.);
#4067=ADVANCED_FACE('',(#291),#3849,.F.);
#4068=ADVANCED_FACE('',(#292),#3850,.F.);
#4069=ADVANCED_FACE('',(#293),#3851,.F.);
#4070=ADVANCED_FACE('',(#294),#3852,.F.);
#4071=ADVANCED_FACE('',(#295),#3853,.F.);
#4072=CLOSED_SHELL('',(#3854,#3855,#3856,#3857,#3858,#3859,#3860,#3861,
#3862,#3863,#3864,#3865,#3866,#3867,#3868,#3869,#3870,#3871,#3872,#3873,
#3874,#3875,#3876,#3877,#3878,#3879,#3880,#3881,#3882,#3883,#3884,#3885,
#3886,#3887,#3888,#3889,#3890,#3891,#3892,#3893,#3894,#3895,#3896,#3897,
#3898,#3899,#3900,#3901,#3902,#3903,#3904));
#4073=CLOSED_SHELL('',(#3905,#3906,#3907,#3908,#3909,#3910,#3911,#3912,
#3913,#3914,#3915,#3916,#3917,#3918,#3919,#3920,#3921,#3922,#3923,#3924,
#3925,#3926,#3927,#3928,#3929,#3930,#3931,#3932,#3933,#3934,#3935,#3936,
#3937,#3938,#3939,#3940,#3941,#3942,#3943,#3944,#3945,#3946,#3947,#3948,
#3949,#3950,#3951,#3952,#3953,#3954,#3955,#3956,#3957,#3958,#3959,#3960,
#3961,#3962,#3963,#3964,#3965,#3966));
#4074=CLOSED_SHELL('',(#3967,#3968,#3969,#3970,#3971,#3972,#3973,#3974,
#3975,#3976,#3977,#3978,#3979,#3980,#3981,#3982,#3983,#3984,#3985,#3986,
#3987));
#4075=CLOSED_SHELL('',(#3988,#3989,#3990,#3991,#3992,#3993,#3994,#3995,
#3996,#3997,#3998,#3999,#4000,#4001,#4002,#4003,#4004,#4005,#4006,#4007,
#4008));
#4076=CLOSED_SHELL('',(#4009,#4010,#4011,#4012,#4013,#4014,#4015,#4016,
#4017,#4018,#4019,#4020,#4021,#4022,#4023,#4024,#4025,#4026,#4027,#4028,
#4029));
#4077=CLOSED_SHELL('',(#4030,#4031,#4032,#4033,#4034,#4035,#4036,#4037,
#4038,#4039,#4040,#4041,#4042,#4043));
#4078=CLOSED_SHELL('',(#4044,#4045,#4046,#4047,#4048,#4049,#4050,#4051,
#4052,#4053,#4054,#4055,#4056,#4057));
#4079=CLOSED_SHELL('',(#4058,#4059,#4060,#4061,#4062,#4063,#4064,#4065,
#4066,#4067,#4068,#4069,#4070,#4071));
#4080=DERIVED_UNIT_ELEMENT(#4089,1.);
#4081=DERIVED_UNIT_ELEMENT(#6607,-3.);
#4082=DERIVED_UNIT_ELEMENT(#4089,1.);
#4083=DERIVED_UNIT_ELEMENT(#6607,-3.);
#4084=DERIVED_UNIT_ELEMENT(#4089,1.);
#4085=DERIVED_UNIT_ELEMENT(#6607,-3.);
#4086=DERIVED_UNIT_ELEMENT(#4089,1.);
#4087=DERIVED_UNIT_ELEMENT(#6607,-3.);
#4088=DIMENSIONAL_EXPONENTS(0.,1.,0.,0.,0.,0.,0.);
#4089=(
CONVERSION_BASED_UNIT('gram',#4091)
MASS_UNIT()
NAMED_UNIT(#4088)
);
#4090=(
MASS_UNIT()
NAMED_UNIT(*)
SI_UNIT(.KILO.,.GRAM.)
);
#4091=MASS_MEASURE_WITH_UNIT(MASS_MEASURE(0.001),#4090);
#4092=DERIVED_UNIT((#4080,#4081));
#4093=DERIVED_UNIT((#4082,#4083));
#4094=DERIVED_UNIT((#4084,#4085));
#4095=DERIVED_UNIT((#4086,#4087));
#4096=MEASURE_REPRESENTATION_ITEM('density measure',
POSITIVE_RATIO_MEASURE(1.),#4092);
#4097=MEASURE_REPRESENTATION_ITEM('density measure',
POSITIVE_RATIO_MEASURE(1.),#4093);
#4098=MEASURE_REPRESENTATION_ITEM('density measure',
POSITIVE_RATIO_MEASURE(1.),#4094);
#4099=MEASURE_REPRESENTATION_ITEM('density measure',
POSITIVE_RATIO_MEASURE(1.),#4095);
#4100=PROPERTY_DEFINITION_REPRESENTATION(#4120,#4108);
#4101=PROPERTY_DEFINITION_REPRESENTATION(#4121,#4109);
#4102=PROPERTY_DEFINITION_REPRESENTATION(#4122,#4110);
#4103=PROPERTY_DEFINITION_REPRESENTATION(#4123,#4111);
#4104=PROPERTY_DEFINITION_REPRESENTATION(#4124,#4112);
#4105=PROPERTY_DEFINITION_REPRESENTATION(#4125,#4113);
#4106=PROPERTY_DEFINITION_REPRESENTATION(#4126,#4114);
#4107=PROPERTY_DEFINITION_REPRESENTATION(#4127,#4115);
#4108=REPRESENTATION('material name',(#4116),#6601);
#4109=REPRESENTATION('density',(#4096),#6601);
#4110=REPRESENTATION('material name',(#4117),#6602);
#4111=REPRESENTATION('density',(#4097),#6602);
#4112=REPRESENTATION('material name',(#4118),#6603);
#4113=REPRESENTATION('density',(#4098),#6603);
#4114=REPRESENTATION('material name',(#4119),#6604);
#4115=REPRESENTATION('density',(#4099),#6604);
#4116=DESCRIPTIVE_REPRESENTATION_ITEM('Generic','Generic');
#4117=DESCRIPTIVE_REPRESENTATION_ITEM('Generic','Generic');
#4118=DESCRIPTIVE_REPRESENTATION_ITEM('Generic','Generic');
#4119=DESCRIPTIVE_REPRESENTATION_ITEM('Generic','Generic');
#4120=PROPERTY_DEFINITION('material property','material name',#6635);
#4121=PROPERTY_DEFINITION('material property','density of part',#6635);
#4122=PROPERTY_DEFINITION('material property','material name',#6636);
#4123=PROPERTY_DEFINITION('material property','density of part',#6636);
#4124=PROPERTY_DEFINITION('material property','material name',#6637);
#4125=PROPERTY_DEFINITION('material property','density of part',#6637);
#4126=PROPERTY_DEFINITION('material property','material name',#6638);
#4127=PROPERTY_DEFINITION('material property','density of part',#6638);
#4128=PRESENTATION_STYLE_ASSIGNMENT((#4133));
#4129=PRESENTATION_STYLE_ASSIGNMENT((#4134));
#4130=PRESENTATION_STYLE_ASSIGNMENT((#4135));
#4131=PRESENTATION_STYLE_ASSIGNMENT((#4136));
#4132=PRESENTATION_STYLE_ASSIGNMENT((#4137));
#4133=SURFACE_STYLE_USAGE(.BOTH.,#4148);
#4134=SURFACE_STYLE_USAGE(.BOTH.,#4149);
#4135=SURFACE_STYLE_USAGE(.BOTH.,#4150);
#4136=SURFACE_STYLE_USAGE(.BOTH.,#4151);
#4137=SURFACE_STYLE_USAGE(.BOTH.,#4152);
#4138=SURFACE_STYLE_RENDERING_WITH_PROPERTIES($,#4168,(#4143));
#4139=SURFACE_STYLE_RENDERING_WITH_PROPERTIES($,#4169,(#4144));
#4140=SURFACE_STYLE_RENDERING_WITH_PROPERTIES($,#4170,(#4145));
#4141=SURFACE_STYLE_RENDERING_WITH_PROPERTIES($,#4171,(#4146));
#4142=SURFACE_STYLE_RENDERING_WITH_PROPERTIES($,#4172,(#4147));
#4143=SURFACE_STYLE_TRANSPARENT(0.);
#4144=SURFACE_STYLE_TRANSPARENT(0.);
#4145=SURFACE_STYLE_TRANSPARENT(0.);
#4146=SURFACE_STYLE_TRANSPARENT(0.);
#4147=SURFACE_STYLE_TRANSPARENT(0.);
#4148=SURFACE_SIDE_STYLE('',(#4153,#4138));
#4149=SURFACE_SIDE_STYLE('',(#4154,#4139));
#4150=SURFACE_SIDE_STYLE('',(#4155,#4140));
#4151=SURFACE_SIDE_STYLE('',(#4156,#4141));
#4152=SURFACE_SIDE_STYLE('',(#4157,#4142));
#4153=SURFACE_STYLE_FILL_AREA(#4158);
#4154=SURFACE_STYLE_FILL_AREA(#4159);
#4155=SURFACE_STYLE_FILL_AREA(#4160);
#4156=SURFACE_STYLE_FILL_AREA(#4161);
#4157=SURFACE_STYLE_FILL_AREA(#4162);
#4158=FILL_AREA_STYLE('',(#4163));
#4159=FILL_AREA_STYLE('',(#4164));
#4160=FILL_AREA_STYLE('',(#4165));
#4161=FILL_AREA_STYLE('',(#4166));
#4162=FILL_AREA_STYLE('',(#4167));
#4163=FILL_AREA_STYLE_COLOUR('',#4168);
#4164=FILL_AREA_STYLE_COLOUR('',#4169);
#4165=FILL_AREA_STYLE_COLOUR('',#4170);
#4166=FILL_AREA_STYLE_COLOUR('',#4171);
#4167=FILL_AREA_STYLE_COLOUR('',#4172);
#4168=COLOUR_RGB('',0.749019607843137,0.749019607843137,0.749019607843137);
#4169=COLOUR_RGB('',0.333333333333333,0.333333333333333,0.333333333333333);
#4170=COLOUR_RGB('',1.,1.,0.498039215686275);
#4171=COLOUR_RGB('',0.333333333333333,0.333333333333333,0.333333333333333);
#4172=COLOUR_RGB('',1.,1.,0.498039215686275);
#4173=DATE_TIME_ROLE('creation_date');
#4174=DATE_TIME_ROLE('creation_date');
#4175=DATE_TIME_ROLE('creation_date');
#4176=DATE_TIME_ROLE('creation_date');
#4177=DATE_TIME_ROLE('creation_date');
#4178=APPLIED_DATE_AND_TIME_ASSIGNMENT(#4183,#4173,(#6634));
#4179=APPLIED_DATE_AND_TIME_ASSIGNMENT(#4184,#4174,(#6635));
#4180=APPLIED_DATE_AND_TIME_ASSIGNMENT(#4185,#4175,(#6636));
#4181=APPLIED_DATE_AND_TIME_ASSIGNMENT(#4186,#4176,(#6637));
#4182=APPLIED_DATE_AND_TIME_ASSIGNMENT(#4187,#4177,(#6638));
#4183=DATE_AND_TIME(#4188,#4193);
#4184=DATE_AND_TIME(#4189,#4194);
#4185=DATE_AND_TIME(#4190,#4195);
#4186=DATE_AND_TIME(#4191,#4196);
#4187=DATE_AND_TIME(#4192,#4197);
#4188=CALENDAR_DATE(2020,18,5);
#4189=CALENDAR_DATE(2026,27,4);
#4190=CALENDAR_DATE(2026,27,4);
#4191=CALENDAR_DATE(2026,27,4);
#4192=CALENDAR_DATE(2026,27,4);
#4193=LOCAL_TIME(10,49,41.,#4198);
#4194=LOCAL_TIME(0,0,0.,#4199);
#4195=LOCAL_TIME(0,0,0.,#4200);
#4196=LOCAL_TIME(0,0,0.,#4201);
#4197=LOCAL_TIME(0,0,0.,#4202);
#4198=COORDINATED_UNIVERSAL_TIME_OFFSET(0,0,.BEHIND.);
#4199=COORDINATED_UNIVERSAL_TIME_OFFSET(0,0,.BEHIND.);
#4200=COORDINATED_UNIVERSAL_TIME_OFFSET(0,0,.BEHIND.);
#4201=COORDINATED_UNIVERSAL_TIME_OFFSET(0,0,.BEHIND.);
#4202=COORDINATED_UNIVERSAL_TIME_OFFSET(0,0,.BEHIND.);
#4203=AXIS2_PLACEMENT_3D('',#5460,#4438,#4439);
#4204=AXIS2_PLACEMENT_3D('',#5461,#4440,#4441);
#4205=AXIS2_PLACEMENT_3D('',#5462,#4442,#4443);
#4206=AXIS2_PLACEMENT_3D('',#5471,#4448,#4449);
#4207=AXIS2_PLACEMENT_3D('',#5485,#4457,#4458);
#4208=AXIS2_PLACEMENT_3D('',#5489,#4461,#4462);
#4209=AXIS2_PLACEMENT_3D('',#5501,#4469,#4470);
#4210=AXIS2_PLACEMENT_3D('',#5503,#4472,#4473);
#4211=AXIS2_PLACEMENT_3D('',#5504,#4474,#4475);
#4212=AXIS2_PLACEMENT_3D('',#5512,#4479,#4480);
#4213=AXIS2_PLACEMENT_3D('',#5518,#4484,#4485);
#4214=AXIS2_PLACEMENT_3D('',#5522,#4488,#4489);
#4215=AXIS2_PLACEMENT_3D('',#5530,#4493,#4494);
#4216=AXIS2_PLACEMENT_3D('',#5534,#4497,#4498);
#4217=AXIS2_PLACEMENT_3D('',#5536,#4500,#4501);
#4218=AXIS2_PLACEMENT_3D('',#5542,#4505,#4506);
#4219=AXIS2_PLACEMENT_3D('',#5546,#4509,#4510);
#4220=AXIS2_PLACEMENT_3D('',#5550,#4513,#4514);
#4221=AXIS2_PLACEMENT_3D('',#5552,#4516,#4517);
#4222=AXIS2_PLACEMENT_3D('',#5562,#4523,#4524);
#4223=AXIS2_PLACEMENT_3D('',#5574,#4531,#4532);
#4224=AXIS2_PLACEMENT_3D('',#5578,#4534,#4535);
#4225=AXIS2_PLACEMENT_3D('',#5582,#4538,#4539);
#4226=AXIS2_PLACEMENT_3D('',#5594,#4546,#4547);
#4227=AXIS2_PLACEMENT_3D('',#5602,#4552,#4553);
#4228=AXIS2_PLACEMENT_3D('',#5614,#4560,#4561);
#4229=AXIS2_PLACEMENT_3D('',#5617,#4562,#4563);
#4230=AXIS2_PLACEMENT_3D('',#5622,#4567,#4568);
#4231=AXIS2_PLACEMENT_3D('',#5632,#4574,#4575);
#4232=AXIS2_PLACEMENT_3D('',#5641,#4580,#4581);
#4233=AXIS2_PLACEMENT_3D('',#5645,#4584,#4585);
#4234=AXIS2_PLACEMENT_3D('',#5649,#4588,#4589);
#4235=AXIS2_PLACEMENT_3D('',#5651,#4591,#4592);
#4236=AXIS2_PLACEMENT_3D('',#5657,#4596,#4597);
#4237=AXIS2_PLACEMENT_3D('',#5666,#4603,#4604);
#4238=AXIS2_PLACEMENT_3D('',#5670,#4607,#4608);
#4239=AXIS2_PLACEMENT_3D('',#5674,#4611,#4612);
#4240=AXIS2_PLACEMENT_3D('',#5683,#4618,#4619);
#4241=AXIS2_PLACEMENT_3D('',#5688,#4623,#4624);
#4242=AXIS2_PLACEMENT_3D('',#5697,#4630,#4631);
#4243=AXIS2_PLACEMENT_3D('',#5701,#4634,#4635);
#4244=AXIS2_PLACEMENT_3D('',#5710,#4641,#4642);
#4245=AXIS2_PLACEMENT_3D('',#5714,#4645,#4646);
#4246=AXIS2_PLACEMENT_3D('',#5723,#4652,#4653);
#4247=AXIS2_PLACEMENT_3D('',#5725,#4655,#4656);
#4248=AXIS2_PLACEMENT_3D('',#5727,#4658,#4659);
#4249=AXIS2_PLACEMENT_3D('',#5728,#4660,#4661);
#4250=AXIS2_PLACEMENT_3D('',#5730,#4663,#4664);
#4251=AXIS2_PLACEMENT_3D('',#5732,#4666,#4667);
#4252=AXIS2_PLACEMENT_3D('',#5735,#4670,#4671);
#4253=AXIS2_PLACEMENT_3D('',#5737,#4673,#4674);
#4254=AXIS2_PLACEMENT_3D('',#5739,#4676,#4677);
#4255=AXIS2_PLACEMENT_3D('',#5740,#4678,#4679);
#4256=AXIS2_PLACEMENT_3D('',#5741,#4680,#4681);
#4257=AXIS2_PLACEMENT_3D('',#5742,#4682,#4683);
#4258=AXIS2_PLACEMENT_3D('',#5743,#4684,#4685);
#4259=AXIS2_PLACEMENT_3D('',#5744,#4686,#4687);
#4260=AXIS2_PLACEMENT_3D('',#5745,#4688,#4689);
#4261=AXIS2_PLACEMENT_3D('',#5746,#4690,#4691);
#4262=AXIS2_PLACEMENT_3D('',#5757,#4697,#4698);
#4263=AXIS2_PLACEMENT_3D('',#5765,#4703,#4704);
#4264=AXIS2_PLACEMENT_3D('',#5771,#4708,#4709);
#4265=AXIS2_PLACEMENT_3D('',#5821,#4735,#4736);
#4266=AXIS2_PLACEMENT_3D('',#5901,#4777,#4778);
#4267=AXIS2_PLACEMENT_3D('',#5907,#4782,#4783);
#4268=AXIS2_PLACEMENT_3D('',#5911,#4786,#4787);
#4269=AXIS2_PLACEMENT_3D('',#5917,#4791,#4792);
#4270=AXIS2_PLACEMENT_3D('',#5920,#4795,#4796);
#4271=AXIS2_PLACEMENT_3D('',#5926,#4800,#4801);
#4272=AXIS2_PLACEMENT_3D('',#5929,#4804,#4805);
#4273=AXIS2_PLACEMENT_3D('',#5932,#4808,#4809);
#4274=AXIS2_PLACEMENT_3D('',#5934,#4811,#4812);
#4275=AXIS2_PLACEMENT_3D('',#5936,#4814,#4815);
#4276=AXIS2_PLACEMENT_3D('',#5938,#4817,#4818);
#4277=AXIS2_PLACEMENT_3D('',#5940,#4820,#4821);
#4278=AXIS2_PLACEMENT_3D('',#5942,#4823,#4824);
#4279=AXIS2_PLACEMENT_3D('',#5944,#4826,#4827);
#4280=AXIS2_PLACEMENT_3D('',#5946,#4829,#4830);
#4281=AXIS2_PLACEMENT_3D('',#5948,#4832,#4833);
#4282=AXIS2_PLACEMENT_3D('',#5950,#4835,#4836);
#4283=AXIS2_PLACEMENT_3D('',#5952,#4838,#4839);
#4284=AXIS2_PLACEMENT_3D('',#5954,#4841,#4842);
#4285=AXIS2_PLACEMENT_3D('',#5957,#4845,#4846);
#4286=AXIS2_PLACEMENT_3D('',#5960,#4849,#4850);
#4287=AXIS2_PLACEMENT_3D('',#5964,#4853,#4854);
#4288=AXIS2_PLACEMENT_3D('',#5967,#4857,#4858);
#4289=AXIS2_PLACEMENT_3D('',#5969,#4860,#4861);
#4290=AXIS2_PLACEMENT_3D('',#5971,#4863,#4864);
#4291=AXIS2_PLACEMENT_3D('',#5975,#4867,#4868);
#4292=AXIS2_PLACEMENT_3D('',#5978,#4871,#4872);
#4293=AXIS2_PLACEMENT_3D('',#5981,#4875,#4876);
#4294=AXIS2_PLACEMENT_3D('',#5982,#4877,#4878);
#4295=AXIS2_PLACEMENT_3D('',#5988,#4882,#4883);
#4296=AXIS2_PLACEMENT_3D('',#5993,#4887,#4888);
#4297=AXIS2_PLACEMENT_3D('',#5999,#4892,#4893);
#4298=AXIS2_PLACEMENT_3D('',#6007,#4898,#4899);
#4299=AXIS2_PLACEMENT_3D('',#6013,#4903,#4904);
#4300=AXIS2_PLACEMENT_3D('',#6016,#4907,#4908);
#4301=AXIS2_PLACEMENT_3D('',#6024,#4913,#4914);
#4302=AXIS2_PLACEMENT_3D('',#6029,#4918,#4919);
#4303=AXIS2_PLACEMENT_3D('',#6033,#4922,#4923);
#4304=AXIS2_PLACEMENT_3D('',#6037,#4926,#4927);
#4305=AXIS2_PLACEMENT_3D('',#6043,#4931,#4932);
#4306=AXIS2_PLACEMENT_3D('',#6047,#4935,#4936);
#4307=AXIS2_PLACEMENT_3D('',#6052,#4940,#4941);
#4308=AXIS2_PLACEMENT_3D('',#6058,#4945,#4946);
#4309=AXIS2_PLACEMENT_3D('',#6060,#4948,#4949);
#4310=AXIS2_PLACEMENT_3D('',#6066,#4953,#4954);
#4311=AXIS2_PLACEMENT_3D('',#6068,#4956,#4957);
#4312=AXIS2_PLACEMENT_3D('',#6070,#4959,#4960);
#4313=AXIS2_PLACEMENT_3D('',#6071,#4961,#4962);
#4314=AXIS2_PLACEMENT_3D('',#6073,#4964,#4965);
#4315=AXIS2_PLACEMENT_3D('',#6075,#4967,#4968);
#4316=AXIS2_PLACEMENT_3D('',#6079,#4971,#4972);
#4317=AXIS2_PLACEMENT_3D('',#6083,#4975,#4976);
#4318=AXIS2_PLACEMENT_3D('',#6085,#4978,#4979);
#4319=AXIS2_PLACEMENT_3D('',#6086,#4980,#4981);
#4320=AXIS2_PLACEMENT_3D('',#6088,#4983,#4984);
#4321=AXIS2_PLACEMENT_3D('',#6089,#4985,#4986);
#4322=AXIS2_PLACEMENT_3D('',#6091,#4988,#4989);
#4323=AXIS2_PLACEMENT_3D('',#6092,#4990,#4991);
#4324=AXIS2_PLACEMENT_3D('',#6093,#4992,#4993);
#4325=AXIS2_PLACEMENT_3D('',#6102,#4998,#4999);
#4326=AXIS2_PLACEMENT_3D('',#6120,#5009,#5010);
#4327=AXIS2_PLACEMENT_3D('',#6124,#5013,#5014);
#4328=AXIS2_PLACEMENT_3D('',#6128,#5017,#5018);
#4329=AXIS2_PLACEMENT_3D('',#6130,#5020,#5021);
#4330=AXIS2_PLACEMENT_3D('',#6140,#5027,#5028);
#4331=AXIS2_PLACEMENT_3D('',#6144,#5031,#5032);
#4332=AXIS2_PLACEMENT_3D('',#6150,#5036,#5037);
#4333=AXIS2_PLACEMENT_3D('',#6156,#5041,#5042);
#4334=AXIS2_PLACEMENT_3D('',#6160,#5045,#5046);
#4335=AXIS2_PLACEMENT_3D('',#6164,#5049,#5050);
#4336=AXIS2_PLACEMENT_3D('',#6172,#5055,#5056);
#4337=AXIS2_PLACEMENT_3D('',#6174,#5058,#5059);
#4338=AXIS2_PLACEMENT_3D('',#6180,#5063,#5064);
#4339=AXIS2_PLACEMENT_3D('',#6188,#5070,#5071);
#4340=AXIS2_PLACEMENT_3D('',#6189,#5072,#5073);
#4341=AXIS2_PLACEMENT_3D('',#6191,#5075,#5076);
#4342=AXIS2_PLACEMENT_3D('',#6192,#5077,#5078);
#4343=AXIS2_PLACEMENT_3D('',#6196,#5081,#5082);
#4344=AXIS2_PLACEMENT_3D('',#6198,#5084,#5085);
#4345=AXIS2_PLACEMENT_3D('',#6199,#5086,#5087);
#4346=AXIS2_PLACEMENT_3D('',#6208,#5092,#5093);
#4347=AXIS2_PLACEMENT_3D('',#6226,#5103,#5104);
#4348=AXIS2_PLACEMENT_3D('',#6230,#5107,#5108);
#4349=AXIS2_PLACEMENT_3D('',#6234,#5111,#5112);
#4350=AXIS2_PLACEMENT_3D('',#6236,#5114,#5115);
#4351=AXIS2_PLACEMENT_3D('',#6246,#5121,#5122);
#4352=AXIS2_PLACEMENT_3D('',#6250,#5125,#5126);
#4353=AXIS2_PLACEMENT_3D('',#6256,#5130,#5131);
#4354=AXIS2_PLACEMENT_3D('',#6262,#5135,#5136);
#4355=AXIS2_PLACEMENT_3D('',#6266,#5139,#5140);
#4356=AXIS2_PLACEMENT_3D('',#6270,#5143,#5144);
#4357=AXIS2_PLACEMENT_3D('',#6278,#5149,#5150);
#4358=AXIS2_PLACEMENT_3D('',#6280,#5152,#5153);
#4359=AXIS2_PLACEMENT_3D('',#6286,#5157,#5158);
#4360=AXIS2_PLACEMENT_3D('',#6294,#5164,#5165);
#4361=AXIS2_PLACEMENT_3D('',#6295,#5166,#5167);
#4362=AXIS2_PLACEMENT_3D('',#6297,#5169,#5170);
#4363=AXIS2_PLACEMENT_3D('',#6298,#5171,#5172);
#4364=AXIS2_PLACEMENT_3D('',#6302,#5175,#5176);
#4365=AXIS2_PLACEMENT_3D('',#6304,#5178,#5179);
#4366=AXIS2_PLACEMENT_3D('',#6305,#5180,#5181);
#4367=AXIS2_PLACEMENT_3D('',#6314,#5186,#5187);
#4368=AXIS2_PLACEMENT_3D('',#6332,#5197,#5198);
#4369=AXIS2_PLACEMENT_3D('',#6336,#5201,#5202);
#4370=AXIS2_PLACEMENT_3D('',#6340,#5205,#5206);
#4371=AXIS2_PLACEMENT_3D('',#6342,#5208,#5209);
#4372=AXIS2_PLACEMENT_3D('',#6352,#5215,#5216);
#4373=AXIS2_PLACEMENT_3D('',#6356,#5219,#5220);
#4374=AXIS2_PLACEMENT_3D('',#6362,#5224,#5225);
#4375=AXIS2_PLACEMENT_3D('',#6368,#5229,#5230);
#4376=AXIS2_PLACEMENT_3D('',#6372,#5233,#5234);
#4377=AXIS2_PLACEMENT_3D('',#6376,#5237,#5238);
#4378=AXIS2_PLACEMENT_3D('',#6384,#5243,#5244);
#4379=AXIS2_PLACEMENT_3D('',#6386,#5246,#5247);
#4380=AXIS2_PLACEMENT_3D('',#6392,#5251,#5252);
#4381=AXIS2_PLACEMENT_3D('',#6400,#5258,#5259);
#4382=AXIS2_PLACEMENT_3D('',#6401,#5260,#5261);
#4383=AXIS2_PLACEMENT_3D('',#6403,#5263,#5264);
#4384=AXIS2_PLACEMENT_3D('',#6404,#5265,#5266);
#4385=AXIS2_PLACEMENT_3D('',#6408,#5269,#5270);
#4386=AXIS2_PLACEMENT_3D('',#6410,#5272,#5273);
#4387=AXIS2_PLACEMENT_3D('',#6411,#5274,#5275);
#4388=AXIS2_PLACEMENT_3D('',#6412,#5276,#5277);
#4389=AXIS2_PLACEMENT_3D('',#6421,#5282,#5283);
#4390=AXIS2_PLACEMENT_3D('',#6427,#5287,#5288);
#4391=AXIS2_PLACEMENT_3D('',#6431,#5291,#5292);
#4392=AXIS2_PLACEMENT_3D('',#6435,#5295,#5296);
#4393=AXIS2_PLACEMENT_3D('',#6437,#5298,#5299);
#4394=AXIS2_PLACEMENT_3D('',#6443,#5303,#5304);
#4395=AXIS2_PLACEMENT_3D('',#6447,#5307,#5308);
#4396=AXIS2_PLACEMENT_3D('',#6451,#5311,#5312);
#4397=AXIS2_PLACEMENT_3D('',#6453,#5314,#5315);
#4398=AXIS2_PLACEMENT_3D('',#6459,#5319,#5320);
#4399=AXIS2_PLACEMENT_3D('',#6463,#5323,#5324);
#4400=AXIS2_PLACEMENT_3D('',#6467,#5327,#5328);
#4401=AXIS2_PLACEMENT_3D('',#6469,#5330,#5331);
#4402=AXIS2_PLACEMENT_3D('',#6470,#5332,#5333);
#4403=AXIS2_PLACEMENT_3D('',#6479,#5338,#5339);
#4404=AXIS2_PLACEMENT_3D('',#6485,#5343,#5344);
#4405=AXIS2_PLACEMENT_3D('',#6489,#5347,#5348);
#4406=AXIS2_PLACEMENT_3D('',#6493,#5351,#5352);
#4407=AXIS2_PLACEMENT_3D('',#6495,#5354,#5355);
#4408=AXIS2_PLACEMENT_3D('',#6501,#5359,#5360);
#4409=AXIS2_PLACEMENT_3D('',#6505,#5363,#5364);
#4410=AXIS2_PLACEMENT_3D('',#6509,#5367,#5368);
#4411=AXIS2_PLACEMENT_3D('',#6511,#5370,#5371);
#4412=AXIS2_PLACEMENT_3D('',#6517,#5375,#5376);
#4413=AXIS2_PLACEMENT_3D('',#6521,#5379,#5380);
#4414=AXIS2_PLACEMENT_3D('',#6525,#5383,#5384);
#4415=AXIS2_PLACEMENT_3D('',#6527,#5386,#5387);
#4416=AXIS2_PLACEMENT_3D('',#6528,#5388,#5389);
#4417=AXIS2_PLACEMENT_3D('',#6537,#5394,#5395);
#4418=AXIS2_PLACEMENT_3D('',#6543,#5399,#5400);
#4419=AXIS2_PLACEMENT_3D('',#6547,#5403,#5404);
#4420=AXIS2_PLACEMENT_3D('',#6551,#5407,#5408);
#4421=AXIS2_PLACEMENT_3D('',#6553,#5410,#5411);
#4422=AXIS2_PLACEMENT_3D('',#6559,#5415,#5416);
#4423=AXIS2_PLACEMENT_3D('',#6563,#5419,#5420);
#4424=AXIS2_PLACEMENT_3D('',#6567,#5423,#5424);
#4425=AXIS2_PLACEMENT_3D('',#6569,#5426,#5427);
#4426=AXIS2_PLACEMENT_3D('',#6575,#5431,#5432);
#4427=AXIS2_PLACEMENT_3D('',#6579,#5435,#5436);
#4428=AXIS2_PLACEMENT_3D('',#6583,#5439,#5440);
#4429=AXIS2_PLACEMENT_3D('',#6585,#5442,#5443);
#4430=AXIS2_PLACEMENT_3D('',#6586,#5444,#5445);
#4431=AXIS2_PLACEMENT_3D('',#6587,#5446,#5447);
#4432=AXIS2_PLACEMENT_3D('',#6588,#5448,#5449);
#4433=AXIS2_PLACEMENT_3D('',#6589,#5450,#5451);
#4434=AXIS2_PLACEMENT_3D('',#6590,#5452,#5453);
#4435=AXIS2_PLACEMENT_3D('',#6591,#5454,#5455);
#4436=AXIS2_PLACEMENT_3D('',#6592,#5456,#5457);
#4437=AXIS2_PLACEMENT_3D('',#6593,#5458,#5459);
#4438=DIRECTION('axis',(0.,0.,1.));
#4439=DIRECTION('refdir',(1.,0.,0.));
#4440=DIRECTION('axis',(0.,0.,1.));
#4441=DIRECTION('refdir',(1.,0.,0.));
#4442=DIRECTION('center_axis',(0.,1.,0.));
#4443=DIRECTION('ref_axis',(1.,0.,0.));
#4444=DIRECTION('',(1.,0.,0.));
#4445=DIRECTION('',(0.,0.,1.));
#4446=DIRECTION('',(1.,0.,0.));
#4447=DIRECTION('',(0.,0.,1.));
#4448=DIRECTION('center_axis',(0.,0.,-1.));
#4449=DIRECTION('ref_axis',(-1.,0.,0.));
#4450=DIRECTION('',(0.,-1.,0.));
#4451=DIRECTION('',(-1.,0.,0.));
#4452=DIRECTION('',(0.,1.,0.));
#4453=DIRECTION('',(1.,0.,0.));
#4454=DIRECTION('',(0.,1.,0.));
#4455=DIRECTION('',(-1.,0.,0.));
#4456=DIRECTION('',(0.,-1.,0.));
#4457=DIRECTION('center_axis',(1.,0.,0.));
#4458=DIRECTION('ref_axis',(0.,-1.,0.));
#4459=DIRECTION('',(0.,-1.,0.));
#4460=DIRECTION('',(0.,0.,1.));
#4461=DIRECTION('center_axis',(0.,0.,-1.));
#4462=DIRECTION('ref_axis',(-1.,0.,0.));
#4463=DIRECTION('',(0.,1.,0.));
#4464=DIRECTION('',(-1.,0.,0.));
#4465=DIRECTION('',(0.,1.,0.));
#4466=DIRECTION('',(1.,0.,0.));
#4467=DIRECTION('',(0.,-1.,0.));
#4468=DIRECTION('',(-1.,0.,0.));
#4469=DIRECTION('center_axis',(-1.,0.,0.));
#4470=DIRECTION('ref_axis',(0.,1.,0.));
#4471=DIRECTION('',(0.,0.,1.));
#4472=DIRECTION('center_axis',(0.,-1.,0.));
#4473=DIRECTION('ref_axis',(-1.,0.,0.));
#4474=DIRECTION('center_axis',(0.,1.,0.));
#4475=DIRECTION('ref_axis',(1.,0.,0.));
#4476=DIRECTION('',(0.,0.,1.));
#4477=DIRECTION('',(1.,0.,0.));
#4478=DIRECTION('',(0.,0.,1.));
#4479=DIRECTION('center_axis',(0.,-1.,2.22044604925E-16));
#4480=DIRECTION('ref_axis',(1.,0.,0.));
#4481=DIRECTION('',(0.,0.,-1.));
#4482=DIRECTION('',(1.,0.,0.));
#4483=DIRECTION('',(0.,0.,1.));
#4484=DIRECTION('center_axis',(1.,0.,0.));
#4485=DIRECTION('ref_axis',(0.,-1.,0.));
#4486=DIRECTION('',(0.,0.,1.));
#4487=DIRECTION('',(0.,-1.,0.));
#4488=DIRECTION('center_axis',(0.,-1.,0.));
#4489=DIRECTION('ref_axis',(-1.,0.,0.));
#4490=DIRECTION('',(0.,0.,1.));
#4491=DIRECTION('',(-1.,0.,0.));
#4492=DIRECTION('',(0.,0.,1.));
#4493=DIRECTION('center_axis',(0.,-1.,2.22044604925E-16));
#4494=DIRECTION('ref_axis',(1.,0.,0.));
#4495=DIRECTION('',(0.,0.,-1.));
#4496=DIRECTION('',(-1.,0.,0.));
#4497=DIRECTION('center_axis',(-1.,0.,0.));
#4498=DIRECTION('ref_axis',(0.,1.,0.));
#4499=DIRECTION('',(0.,1.,0.));
#4500=DIRECTION('center_axis',(-1.,0.,0.));
#4501=DIRECTION('ref_axis',(0.,1.,0.));
#4502=DIRECTION('',(0.,0.,1.));
#4503=DIRECTION('',(0.,1.,0.));
#4504=DIRECTION('',(0.,0.,1.));
#4505=DIRECTION('center_axis',(0.,-1.,0.));
#4506=DIRECTION('ref_axis',(-1.,0.,0.));
#4507=DIRECTION('',(0.,0.,1.));
#4508=DIRECTION('',(-1.,0.,0.));
#4509=DIRECTION('center_axis',(1.,0.,0.));
#4510=DIRECTION('ref_axis',(0.,-1.,0.));
#4511=DIRECTION('',(0.,0.,1.));
#4512=DIRECTION('',(0.,-1.,0.));
#4513=DIRECTION('center_axis',(0.,1.,0.));
#4514=DIRECTION('ref_axis',(1.,0.,0.));
#4515=DIRECTION('',(1.,0.,0.));
#4516=DIRECTION('center_axis',(-4.377254821142E-32,0.,-1.));
#4517=DIRECTION('ref_axis',(-1.,0.,4.377254821142E-32));
#4518=DIRECTION('',(0.,1.,0.));
#4519=DIRECTION('',(0.,1.,0.));
#4520=DIRECTION('',(1.,0.,-4.377254821142E-32));
#4521=DIRECTION('',(0.,1.,0.));
#4522=DIRECTION('',(-1.,0.,4.377254821142E-32));
#4523=DIRECTION('center_axis',(-1.,0.,0.));
#4524=DIRECTION('ref_axis',(0.,-2.22044604925E-16,-1.));
#4525=DIRECTION('',(0.,0.,-1.));
#4526=DIRECTION('',(0.,1.,-2.22044604925E-16));
#4527=DIRECTION('',(0.,0.,-1.));
#4528=DIRECTION('',(0.,1.,0.));
#4529=DIRECTION('',(0.,0.,1.));
#4530=DIRECTION('',(0.,1.,0.));
#4531=DIRECTION('center_axis',(0.,-1.,2.22044604925E-16));
#4532=DIRECTION('ref_axis',(1.,0.,0.));
#4533=DIRECTION('',(0.,1.,-2.22044604925E-16));
#4534=DIRECTION('center_axis',(0.,-1.,2.22044604925E-16));
#4535=DIRECTION('ref_axis',(1.,0.,0.));
#4536=DIRECTION('',(0.,1.,-2.22044604925E-16));
#4537=DIRECTION('',(0.,1.,-2.22044604925E-16));
#4538=DIRECTION('center_axis',(1.,0.,0.));
#4539=DIRECTION('ref_axis',(0.,2.22044604925E-16,1.));
#4540=DIRECTION('',(0.,0.,1.));
#4541=DIRECTION('',(0.,-1.,0.));
#4542=DIRECTION('',(0.,0.,-1.));
#4543=DIRECTION('',(0.,-1.,0.));
#4544=DIRECTION('',(0.,0.,1.));
#4545=DIRECTION('',(0.,-1.,0.));
#4546=DIRECTION('center_axis',(-4.377254821142E-32,0.,-1.));
#4547=DIRECTION('ref_axis',(-1.,0.,4.377254821142E-32));
#4548=DIRECTION('',(-1.,0.,4.377254821142E-32));
#4549=DIRECTION('',(0.,-1.,0.));
#4550=DIRECTION('',(1.,0.,-4.377254821142E-32));
#4551=DIRECTION('',(0.,-1.,0.));
#4552=DIRECTION('center_axis',(1.,0.,0.));
#4553=DIRECTION('ref_axis',(0.,2.22044604925E-16,1.));
#4554=DIRECTION('',(0.,0.,-1.));
#4555=DIRECTION('',(0.,1.,-2.22044604925E-16));
#4556=DIRECTION('',(0.,0.,-1.));
#4557=DIRECTION('',(0.,-1.,0.));
#4558=DIRECTION('',(0.,2.22044604925E-16,1.));
#4559=DIRECTION('',(0.,-1.,0.));
#4560=DIRECTION('center_axis',(0.,-1.,2.22044604925E-16));
#4561=DIRECTION('ref_axis',(1.,0.,0.));
#4562=DIRECTION('center_axis',(0.,-1.,2.22044604925E-16));
#4563=DIRECTION('ref_axis',(1.,0.,0.));
#4564=DIRECTION('',(0.,1.,-2.22044604925E-16));
#4565=DIRECTION('',(0.,1.,-2.22044604925E-16));
#4566=DIRECTION('',(0.,1.,-2.22044604925E-16));
#4567=DIRECTION('center_axis',(-1.,0.,0.));
#4568=DIRECTION('ref_axis',(0.,-2.22044604925E-16,-1.));
#4569=DIRECTION('',(0.,-2.22044604925E-16,-1.));
#4570=DIRECTION('',(0.,1.,0.));
#4571=DIRECTION('',(0.,0.,1.));
#4572=DIRECTION('',(0.,0.,1.));
#4573=DIRECTION('',(0.,1.,0.));
#4574=DIRECTION('center_axis',(0.,0.,-1.));
#4575=DIRECTION('ref_axis',(-1.,0.,0.));
#4576=DIRECTION('',(1.,0.,0.));
#4577=DIRECTION('',(0.,-1.,0.));
#4578=DIRECTION('',(-1.,0.,0.));
#4579=DIRECTION('',(0.,1.,0.));
#4580=DIRECTION('center_axis',(0.,-1.,0.));
#4581=DIRECTION('ref_axis',(1.,0.,0.));
#4582=DIRECTION('',(1.,0.,0.));
#4583=DIRECTION('',(0.,0.,-1.));
#4584=DIRECTION('center_axis',(-1.,0.,0.));
#4585=DIRECTION('ref_axis',(0.,-1.,0.));
#4586=DIRECTION('',(0.,-1.,0.));
#4587=DIRECTION('',(0.,0.,-1.));
#4588=DIRECTION('center_axis',(0.,1.,0.));
#4589=DIRECTION('ref_axis',(-1.,0.,0.));
#4590=DIRECTION('',(-1.,0.,0.));
#4591=DIRECTION('center_axis',(0.,-1.,0.));
#4592=DIRECTION('ref_axis',(1.,0.,0.));
#4593=DIRECTION('',(1.,0.,0.));
#4594=DIRECTION('',(0.,0.,-1.));
#4595=DIRECTION('',(1.,0.,0.));
#4596=DIRECTION('center_axis',(0.,0.,-1.));
#4597=DIRECTION('ref_axis',(-1.,0.,0.));
#4598=DIRECTION('',(0.,-1.,0.));
#4599=DIRECTION('',(-1.,0.,0.));
#4600=DIRECTION('',(-1.,0.,0.));
#4601=DIRECTION('',(0.,-1.,0.));
#4602=DIRECTION('',(1.,0.,0.));
#4603=DIRECTION('center_axis',(0.,1.,0.));
#4604=DIRECTION('ref_axis',(1.,0.,0.));
#4605=DIRECTION('',(1.,0.,0.));
#4606=DIRECTION('',(0.,0.,1.));
#4607=DIRECTION('center_axis',(0.,0.,-1.));
#4608=DIRECTION('ref_axis',(-1.,0.,0.));
#4609=DIRECTION('',(-1.,0.,0.));
#4610=DIRECTION('',(0.,-1.,0.));
#4611=DIRECTION('center_axis',(0.,0.,-1.));
#4612=DIRECTION('ref_axis',(-1.,0.,0.));
#4613=DIRECTION('',(0.,-1.,0.));
#4614=DIRECTION('',(1.,0.,0.));
#4615=DIRECTION('',(0.,-1.,0.));
#4616=DIRECTION('',(-1.,0.,0.));
#4617=DIRECTION('',(-1.,0.,0.));
#4618=DIRECTION('center_axis',(0.,1.,0.));
#4619=DIRECTION('ref_axis',(1.,0.,0.));
#4620=DIRECTION('',(0.,0.,1.));
#4621=DIRECTION('',(1.,0.,0.));
#4622=DIRECTION('',(0.,0.,1.));
#4623=DIRECTION('center_axis',(0.,0.,-1.));
#4624=DIRECTION('ref_axis',(-1.,0.,0.));
#4625=DIRECTION('',(-1.,0.,0.));
#4626=DIRECTION('',(0.,1.,0.));
#4627=DIRECTION('',(1.,0.,0.));
#4628=DIRECTION('',(0.,1.,0.));
#4629=DIRECTION('',(-1.,0.,0.));
#4630=DIRECTION('center_axis',(0.,-1.,0.));
#4631=DIRECTION('ref_axis',(1.,0.,0.));
#4632=DIRECTION('',(1.,0.,0.));
#4633=DIRECTION('',(0.,0.,-1.));
#4634=DIRECTION('center_axis',(0.,0.,-1.));
#4635=DIRECTION('ref_axis',(-1.,0.,0.));
#4636=DIRECTION('',(0.,1.,0.));
#4637=DIRECTION('',(-1.,0.,0.));
#4638=DIRECTION('',(-1.,0.,0.));
#4639=DIRECTION('',(0.,1.,0.));
#4640=DIRECTION('',(1.,0.,0.));
#4641=DIRECTION('center_axis',(0.,1.,0.));
#4642=DIRECTION('ref_axis',(1.,0.,0.));
#4643=DIRECTION('',(1.,0.,0.));
#4644=DIRECTION('',(0.,0.,1.));
#4645=DIRECTION('center_axis',(0.,0.,-1.));
#4646=DIRECTION('ref_axis',(-1.,0.,0.));
#4647=DIRECTION('',(-1.,0.,0.));
#4648=DIRECTION('',(0.,1.,0.));
#4649=DIRECTION('',(1.,0.,0.));
#4650=DIRECTION('',(0.,1.,0.));
#4651=DIRECTION('',(-1.,0.,0.));
#4652=DIRECTION('center_axis',(0.,-1.,0.));
#4653=DIRECTION('ref_axis',(1.,0.,0.));
#4654=DIRECTION('',(0.,0.,-1.));
#4655=DIRECTION('center_axis',(0.,1.,0.));
#4656=DIRECTION('ref_axis',(-1.,0.,0.));
#4657=DIRECTION('',(0.,0.,-1.));
#4658=DIRECTION('center_axis',(1.,0.,0.));
#4659=DIRECTION('ref_axis',(0.,1.,0.));
#4660=DIRECTION('center_axis',(0.,1.,0.));
#4661=DIRECTION('ref_axis',(-1.,0.,0.));
#4662=DIRECTION('',(0.,0.,-1.));
#4663=DIRECTION('center_axis',(0.,-1.,0.));
#4664=DIRECTION('ref_axis',(-1.,0.,0.));
#4665=DIRECTION('',(0.,0.,1.));
#4666=DIRECTION('center_axis',(0.,-1.,0.));
#4667=DIRECTION('ref_axis',(-1.,0.,0.));
#4668=DIRECTION('',(0.,0.,1.));
#4669=DIRECTION('',(0.,0.,1.));
#4670=DIRECTION('center_axis',(0.,-1.,0.));
#4671=DIRECTION('ref_axis',(-1.,0.,0.));
#4672=DIRECTION('',(0.,0.,1.));
#4673=DIRECTION('center_axis',(0.,1.,0.));
#4674=DIRECTION('ref_axis',(-1.,0.,0.));
#4675=DIRECTION('',(0.,0.,-1.));
#4676=DIRECTION('center_axis',(1.,0.,0.));
#4677=DIRECTION('ref_axis',(0.,-1.,0.));
#4678=DIRECTION('center_axis',(-1.,0.,0.));
#4679=DIRECTION('ref_axis',(0.,1.,0.));
#4680=DIRECTION('center_axis',(-1.,0.,0.));
#4681=DIRECTION('ref_axis',(0.,-1.,0.));
#4682=DIRECTION('center_axis',(1.,0.,0.));
#4683=DIRECTION('ref_axis',(0.,-1.,0.));
#4684=DIRECTION('center_axis',(1.,0.,0.));
#4685=DIRECTION('ref_axis',(0.,1.,0.));
#4686=DIRECTION('center_axis',(-1.,0.,0.));
#4687=DIRECTION('ref_axis',(0.,1.,0.));
#4688=DIRECTION('axis',(0.,0.,1.));
#4689=DIRECTION('refdir',(1.,0.,0.));
#4690=DIRECTION('center_axis',(0.,1.110223024625E-15,1.));
#4691=DIRECTION('ref_axis',(1.,0.,0.));
#4692=DIRECTION('',(0.,-1.,1.110223024625E-15));
#4693=DIRECTION('',(1.,0.,0.));
#4694=DIRECTION('',(0.,-1.,1.110223024625E-15));
#4695=DIRECTION('',(1.,0.,0.));
#4696=DIRECTION('',(1.,0.,0.));
#4697=DIRECTION('center_axis',(0.,-1.110223024625E-15,-1.));
#4698=DIRECTION('ref_axis',(-1.,0.,0.));
#4699=DIRECTION('',(-1.,0.,0.));
#4700=DIRECTION('',(-1.,0.,0.));
#4701=DIRECTION('',(0.,-1.,1.110223024625E-15));
#4702=DIRECTION('',(-1.,0.,0.));
#4703=DIRECTION('center_axis',(-1.,0.,0.));
#4704=DIRECTION('ref_axis',(0.,1.110223024625E-15,1.));
#4705=DIRECTION('',(0.,1.110223024625E-15,1.));
#4706=DIRECTION('',(0.,-1.,1.110223024625E-15));
#4707=DIRECTION('',(0.,1.110223024625E-15,1.));
#4708=DIRECTION('center_axis',(1.300088012147E-32,1.,-1.109291729236E-15));
#4709=DIRECTION('ref_axis',(0.,1.109291729236E-15,1.));
#4710=DIRECTION('',(0.,1.110223024625E-15,1.));
#4711=DIRECTION('',(1.,0.,0.));
#4712=DIRECTION('',(0.,1.110223024625E-15,1.));
#4713=DIRECTION('',(-1.,0.,0.));
#4714=DIRECTION('',(0.,1.110223024625E-15,1.));
#4715=DIRECTION('',(0.707106781186548,7.85046229341398E-16,0.707106781186548));
#4716=DIRECTION('',(0.,1.110223024625E-15,1.));
#4717=DIRECTION('',(1.,0.,0.));
#4718=DIRECTION('',(-1.,0.,0.));
#4719=DIRECTION('',(0.,1.110223024625E-15,1.));
#4720=DIRECTION('',(-0.707106781186548,7.85046229341398E-16,0.707106781186548));
#4721=DIRECTION('',(0.,1.110223024625E-15,1.));
#4722=DIRECTION('',(1.,0.,0.));
#4723=DIRECTION('',(0.,1.110223024625E-15,1.));
#4724=DIRECTION('',(-1.,0.,0.));
#4725=DIRECTION('',(-1.,0.,0.));
#4726=DIRECTION('',(0.,-1.110223024625E-15,-1.));
#4727=DIRECTION('',(1.,0.,0.));
#4728=DIRECTION('',(0.,-1.110223024625E-15,-1.));
#4729=DIRECTION('',(1.,0.,0.));
#4730=DIRECTION('',(-1.,0.,0.));
#4731=DIRECTION('',(0.,-1.110223024625E-15,-1.));
#4732=DIRECTION('',(-1.,0.,0.));
#4733=DIRECTION('',(0.,-1.110223024625E-15,-1.));
#4734=DIRECTION('',(1.,0.,0.));
#4735=DIRECTION('center_axis',(1.300088012147E-32,1.,-1.109291729236E-15));
#4736=DIRECTION('ref_axis',(0.,1.109291729236E-15,1.));
#4737=DIRECTION('',(0.,1.221245327088E-15,1.));
#4738=DIRECTION('',(-1.,0.,0.));
#4739=DIRECTION('',(0.,1.110223024625E-15,1.));
#4740=DIRECTION('',(-0.0871557427476379,1.21659811991369E-15,0.996194698091747));
#4741=DIRECTION('',(0.996194698091747,1.06438543559373E-16,0.0871557427476379));
#4742=DIRECTION('',(0.,1.110223024625E-15,1.));
#4743=DIRECTION('',(1.,0.,0.));
#4744=DIRECTION('',(0.,1.110223024625E-15,1.));
#4745=DIRECTION('',(-0.707106781186548,7.85046229341398E-16,0.707106781186548));
#4746=DIRECTION('',(0.,1.110223024625E-15,1.));
#4747=DIRECTION('',(-1.,0.,0.));
#4748=DIRECTION('',(1.,0.,0.));
#4749=DIRECTION('',(0.,1.110223024625E-15,1.));
#4750=DIRECTION('',(0.707106781186548,7.85046229341398E-16,0.707106781186548));
#4751=DIRECTION('',(0.,1.110223024625E-15,1.));
#4752=DIRECTION('',(-1.,0.,0.));
#4753=DIRECTION('',(0.,1.110223024625E-15,1.));
#4754=DIRECTION('',(-0.996194698091747,1.06438543559373E-16,0.0871557427476379));
#4755=DIRECTION('',(0.0871557427476379,1.21659811991369E-15,0.996194698091747));
#4756=DIRECTION('',(0.,1.110223024625E-15,1.));
#4757=DIRECTION('',(1.,0.,0.));
#4758=DIRECTION('',(0.,1.221245327088E-15,1.));
#4759=DIRECTION('',(1.,0.,0.));
#4760=DIRECTION('',(0.,-1.110223024625E-15,-1.));
#4761=DIRECTION('',(-0.996194698091747,1.06438543559373E-16,0.0871557427476379));
#4762=DIRECTION('',(0.0871557427476379,1.21659811991369E-15,0.996194698091747));
#4763=DIRECTION('',(0.,-1.110223024625E-15,-1.));
#4764=DIRECTION('',(-1.,0.,0.));
#4765=DIRECTION('',(0.,1.221245327088E-15,1.));
#4766=DIRECTION('',(1.,-1.300088012147E-32,1.642146637881E-47));
#4767=DIRECTION('',(-1.,0.,0.));
#4768=DIRECTION('',(1.,0.,0.));
#4769=DIRECTION('',(-1.,1.300088012147E-32,-1.642146637881E-47));
#4770=DIRECTION('',(0.,1.221245327088E-15,1.));
#4771=DIRECTION('',(1.,0.,0.));
#4772=DIRECTION('',(0.,-1.110223024625E-15,-1.));
#4773=DIRECTION('',(-0.0871557427476379,1.21659811991369E-15,0.996194698091747));
#4774=DIRECTION('',(0.996194698091747,1.06438543559373E-16,0.0871557427476379));
#4775=DIRECTION('',(0.,-1.110223024625E-15,-1.));
#4776=DIRECTION('',(-1.,0.,0.));
#4777=DIRECTION('center_axis',(1.97169027661E-49,-1.165734175856E-15,-1.));
#4778=DIRECTION('ref_axis',(-1.,1.300088012147E-32,-1.53527393014655E-47));
#4779=DIRECTION('',(-1.300088012147E-32,-1.,1.165734175856E-15));
#4780=DIRECTION('',(-1.,1.300088012147E-32,-1.642146637881E-47));
#4781=DIRECTION('',(-1.300088012147E-32,-1.,1.165734175856E-15));
#4782=DIRECTION('center_axis',(-1.,0.,0.));
#4783=DIRECTION('ref_axis',(0.,1.110223024625E-15,1.));
#4784=DIRECTION('',(0.,1.110223024625E-15,1.));
#4785=DIRECTION('',(0.,-1.,1.110223024625E-15));
#4786=DIRECTION('center_axis',(-1.97169027661E-49,1.165734175856E-15,1.));
#4787=DIRECTION('ref_axis',(1.,-1.300088012147E-32,1.53527393014655E-47));
#4788=DIRECTION('',(-1.300088012147E-32,-1.,1.165734175856E-15));
#4789=DIRECTION('',(-1.300088012147E-32,-1.,1.165734175856E-15));
#4790=DIRECTION('',(1.,-1.300088012147E-32,1.642146637881E-47));
#4791=DIRECTION('center_axis',(0.,-1.110223024625E-15,-1.));
#4792=DIRECTION('ref_axis',(-1.,0.,0.));
#4793=DIRECTION('',(0.,-1.,1.110223024625E-15));
#4794=DIRECTION('',(-1.,0.,0.));
#4795=DIRECTION('center_axis',(1.,-1.300088012147E-32,1.535273930147E-47));
#4796=DIRECTION('ref_axis',(-5.24524794906504E-49,-1.221245327088E-15,-1.));
#4797=DIRECTION('',(-1.300088012147E-32,-1.,1.165734175856E-15));
#4798=DIRECTION('',(0.,-1.221245327088E-15,-1.));
#4799=DIRECTION('',(0.,-1.221245327088E-15,-1.));
#4800=DIRECTION('center_axis',(0.,1.110223024625E-15,1.));
#4801=DIRECTION('ref_axis',(1.,0.,0.));
#4802=DIRECTION('',(1.,0.,0.));
#4803=DIRECTION('',(0.,-1.,1.110223024625E-15));
#4804=DIRECTION('center_axis',(-1.,0.,0.));
#4805=DIRECTION('ref_axis',(0.,1.110223024625E-15,1.));
#4806=DIRECTION('',(0.,1.110223024625E-15,1.));
#4807=DIRECTION('',(0.,-1.,1.110223024625E-15));
#4808=DIRECTION('center_axis',(0.,-1.110223024625E-15,-1.));
#4809=DIRECTION('ref_axis',(-1.,0.,0.));
#4810=DIRECTION('',(0.,-1.,1.110223024625E-15));
#4811=DIRECTION('center_axis',(-1.,0.,0.));
#4812=DIRECTION('ref_axis',(0.,1.110223024625E-15,1.));
#4813=DIRECTION('',(0.,-1.,1.110223024625E-15));
#4814=DIRECTION('center_axis',(-0.707106781186548,7.85046229341398E-16,
0.707106781186548));
#4815=DIRECTION('ref_axis',(0.707106781186548,7.85046229341398E-16,0.707106781186548));
#4816=DIRECTION('',(0.,-1.,1.110223024625E-15));
#4817=DIRECTION('center_axis',(-1.,0.,0.));
#4818=DIRECTION('ref_axis',(0.,1.110223024625E-15,1.));
#4819=DIRECTION('',(0.,-1.,1.110223024625E-15));
#4820=DIRECTION('center_axis',(0.,1.110223024625E-15,1.));
#4821=DIRECTION('ref_axis',(1.,0.,0.));
#4822=DIRECTION('',(0.,-1.,1.110223024625E-15));
#4823=DIRECTION('center_axis',(0.,-1.110223024625E-15,-1.));
#4824=DIRECTION('ref_axis',(-1.,0.,0.));
#4825=DIRECTION('',(0.,-1.,1.110223024625E-15));
#4826=DIRECTION('center_axis',(-1.,0.,0.));
#4827=DIRECTION('ref_axis',(0.,1.110223024625E-15,1.));
#4828=DIRECTION('',(0.,-1.,1.110223024625E-15));
#4829=DIRECTION('center_axis',(-0.707106781186548,-7.85046229341398E-16,
-0.707106781186548));
#4830=DIRECTION('ref_axis',(-0.707106781186548,7.85046229341398E-16,0.707106781186548));
#4831=DIRECTION('',(0.,-1.,1.110223024625E-15));
#4832=DIRECTION('center_axis',(-1.,0.,0.));
#4833=DIRECTION('ref_axis',(0.,1.110223024625E-15,1.));
#4834=DIRECTION('',(0.,-1.,1.110223024625E-15));
#4835=DIRECTION('center_axis',(0.,1.110223024625E-15,1.));
#4836=DIRECTION('ref_axis',(1.,0.,0.));
#4837=DIRECTION('',(0.,-1.,1.110223024625E-15));
#4838=DIRECTION('center_axis',(-1.,0.,0.));
#4839=DIRECTION('ref_axis',(0.,1.110223024625E-15,1.));
#4840=DIRECTION('',(0.,1.110223024625E-15,1.));
#4841=DIRECTION('center_axis',(0.,-1.110223024625E-15,-1.));
#4842=DIRECTION('ref_axis',(-1.,0.,0.));
#4843=DIRECTION('',(0.,-1.,1.110223024625E-15));
#4844=DIRECTION('',(0.,-1.,1.110223024625E-15));
#4845=DIRECTION('center_axis',(1.,0.,0.));
#4846=DIRECTION('ref_axis',(0.,-1.110223024625E-15,-1.));
#4847=DIRECTION('',(0.,-1.110223024625E-15,-1.));
#4848=DIRECTION('',(0.,-1.,1.110223024625E-15));
#4849=DIRECTION('center_axis',(0.,1.110223024625E-15,1.));
#4850=DIRECTION('ref_axis',(1.,0.,0.));
#4851=DIRECTION('',(1.,0.,0.));
#4852=DIRECTION('',(0.,-1.,1.110223024625E-15));
#4853=DIRECTION('center_axis',(1.,0.,0.));
#4854=DIRECTION('ref_axis',(0.,-1.110223024625E-15,-1.));
#4855=DIRECTION('',(0.,-1.110223024625E-15,-1.));
#4856=DIRECTION('',(0.,-1.,1.110223024625E-15));
#4857=DIRECTION('center_axis',(0.,1.110223024625E-15,1.));
#4858=DIRECTION('ref_axis',(1.,0.,0.));
#4859=DIRECTION('',(0.,-1.,1.110223024625E-15));
#4860=DIRECTION('center_axis',(0.,-1.110223024625E-15,-1.));
#4861=DIRECTION('ref_axis',(-1.,0.,0.));
#4862=DIRECTION('',(0.,-1.,1.110223024625E-15));
#4863=DIRECTION('center_axis',(1.,0.,0.));
#4864=DIRECTION('ref_axis',(0.,-1.110223024625E-15,-1.));
#4865=DIRECTION('',(0.,-1.,1.110223024625E-15));
#4866=DIRECTION('',(0.,-1.110223024625E-15,-1.));
#4867=DIRECTION('center_axis',(0.,-1.110223024625E-15,-1.));
#4868=DIRECTION('ref_axis',(-1.,0.,0.));
#4869=DIRECTION('',(0.,-1.,1.110223024625E-15));
#4870=DIRECTION('',(-1.,0.,0.));
#4871=DIRECTION('center_axis',(1.,0.,0.));
#4872=DIRECTION('ref_axis',(0.,-1.110223024625E-15,-1.));
#4873=DIRECTION('',(0.,-1.,1.110223024625E-15));
#4874=DIRECTION('',(0.,-1.110223024625E-15,-1.));
#4875=DIRECTION('center_axis',(0.,1.110223024625E-15,1.));
#4876=DIRECTION('ref_axis',(1.,0.,0.));
#4877=DIRECTION('center_axis',(-1.,1.300088012147E-32,-1.535273930147E-47));
#4878=DIRECTION('ref_axis',(5.24524794906504E-49,1.221245327088E-15,1.));
#4879=DIRECTION('',(0.,1.221245327088E-15,1.));
#4880=DIRECTION('',(-1.300088012147E-32,-1.,1.165734175856E-15));
#4881=DIRECTION('',(0.,1.221245327088E-15,1.));
#4882=DIRECTION('center_axis',(-0.996194698091747,-1.01600427943074E-16,
-0.0871557427476379));
#4883=DIRECTION('ref_axis',(-0.0871557427476379,1.21659811991369E-15,0.996194698091747));
#4884=DIRECTION('',(-0.0871557427476379,1.21659811991369E-15,0.996194698091747));
#4885=DIRECTION('',(-1.300088012147E-32,-1.,1.165734175856E-15));
#4886=DIRECTION('',(-0.0871557427476379,1.21659811991369E-15,0.996194698091747));
#4887=DIRECTION('center_axis',(-0.0871557427476379,1.16129820537271E-15,
0.996194698091747));
#4888=DIRECTION('ref_axis',(0.996194698091747,1.06438543559373E-16,0.0871557427476379));
#4889=DIRECTION('',(0.996194698091747,1.06438543559373E-16,0.0871557427476379));
#4890=DIRECTION('',(-1.300088012147E-32,-1.,1.165734175856E-15));
#4891=DIRECTION('',(0.996194698091747,1.06438543559373E-16,0.0871557427476379));
#4892=DIRECTION('center_axis',(-0.0871557427476379,-1.16129820537271E-15,
-0.996194698091747));
#4893=DIRECTION('ref_axis',(-0.996194698091747,1.06438543559373E-16,0.0871557427476379));
#4894=DIRECTION('',(-1.300088012147E-32,-1.,1.165734175856E-15));
#4895=DIRECTION('',(-0.996194698091747,1.06438543559373E-16,0.0871557427476379));
#4896=DIRECTION('',(-1.300088012147E-32,-1.,1.165734175856E-15));
#4897=DIRECTION('',(-0.996194698091747,1.06438543559373E-16,0.0871557427476379));
#4898=DIRECTION('center_axis',(-0.996194698091747,1.01600427943074E-16,
0.0871557427476379));
#4899=DIRECTION('ref_axis',(0.0871557427476379,1.21659811991369E-15,0.996194698091747));
#4900=DIRECTION('',(-1.300088012147E-32,-1.,1.165734175856E-15));
#4901=DIRECTION('',(0.0871557427476379,1.21659811991369E-15,0.996194698091747));
#4902=DIRECTION('',(0.0871557427476379,1.21659811991369E-15,0.996194698091747));
#4903=DIRECTION('center_axis',(-1.,1.300088012147E-32,-1.535273930147E-47));
#4904=DIRECTION('ref_axis',(5.24524794906504E-49,1.221245327088E-15,1.));
#4905=DIRECTION('',(0.,1.221245327088E-15,1.));
#4906=DIRECTION('',(0.,1.221245327088E-15,1.));
#4907=DIRECTION('center_axis',(-0.0871557427476379,-1.16129820537271E-15,
-0.996194698091747));
#4908=DIRECTION('ref_axis',(-0.996194698091747,1.06438543559373E-16,0.0871557427476379));
#4909=DIRECTION('',(-1.300088012147E-32,-1.,1.165734175856E-15));
#4910=DIRECTION('',(-0.996194698091747,1.06438543559373E-16,0.0871557427476379));
#4911=DIRECTION('',(-1.300088012147E-32,-1.,1.165734175856E-15));
#4912=DIRECTION('',(-0.996194698091747,1.06438543559373E-16,0.0871557427476379));
#4913=DIRECTION('center_axis',(-0.996194698091747,1.01600427943074E-16,
0.0871557427476379));
#4914=DIRECTION('ref_axis',(0.0871557427476379,1.21659811991369E-15,0.996194698091747));
#4915=DIRECTION('',(-1.300088012147E-32,-1.,1.165734175856E-15));
#4916=DIRECTION('',(0.0871557427476379,1.21659811991369E-15,0.996194698091747));
#4917=DIRECTION('',(0.0871557427476379,1.21659811991369E-15,0.996194698091747));
#4918=DIRECTION('center_axis',(-1.,1.300088012147E-32,-1.535273930147E-47));
#4919=DIRECTION('ref_axis',(5.24524794906504E-49,1.221245327088E-15,1.));
#4920=DIRECTION('',(-1.300088012147E-32,-1.,1.165734175856E-15));
#4921=DIRECTION('',(0.,1.221245327088E-15,1.));
#4922=DIRECTION('center_axis',(-1.97169027661E-49,1.165734175856E-15,1.));
#4923=DIRECTION('ref_axis',(1.,-1.300088012147E-32,1.53527393014655E-47));
#4924=DIRECTION('',(-1.300088012147E-32,-1.,1.165734175856E-15));
#4925=DIRECTION('',(1.,-1.300088012147E-32,1.642146637881E-47));
#4926=DIRECTION('center_axis',(1.97169027661E-49,-1.165734175856E-15,-1.));
#4927=DIRECTION('ref_axis',(-1.,1.300088012147E-32,-1.53527393014655E-47));
#4928=DIRECTION('',(-1.300088012147E-32,-1.,1.165734175856E-15));
#4929=DIRECTION('',(-1.,1.300088012147E-32,-1.642146637881E-47));
#4930=DIRECTION('',(-1.300088012147E-32,-1.,1.165734175856E-15));
#4931=DIRECTION('center_axis',(-1.,1.300088012147E-32,-1.535273930147E-47));
#4932=DIRECTION('ref_axis',(5.24524794906504E-49,1.221245327088E-15,1.));
#4933=DIRECTION('',(0.,1.221245327088E-15,1.));
#4934=DIRECTION('',(-1.300088012147E-32,-1.,1.165734175856E-15));
#4935=DIRECTION('center_axis',(-0.996194698091747,-1.01600427943074E-16,
-0.0871557427476379));
#4936=DIRECTION('ref_axis',(-0.0871557427476379,1.21659811991369E-15,0.996194698091747));
#4937=DIRECTION('',(-0.0871557427476379,1.21659811991369E-15,0.996194698091747));
#4938=DIRECTION('',(-1.300088012147E-32,-1.,1.165734175856E-15));
#4939=DIRECTION('',(-0.0871557427476379,1.21659811991369E-15,0.996194698091747));
#4940=DIRECTION('center_axis',(-0.0871557427476379,1.16129820537271E-15,
0.996194698091747));
#4941=DIRECTION('ref_axis',(0.996194698091747,1.06438543559373E-16,0.0871557427476379));
#4942=DIRECTION('',(0.996194698091747,1.06438543559373E-16,0.0871557427476379));
#4943=DIRECTION('',(-1.300088012147E-32,-1.,1.165734175856E-15));
#4944=DIRECTION('',(0.996194698091747,1.06438543559373E-16,0.0871557427476379));
#4945=DIRECTION('center_axis',(5.877056884016E-17,1.,-1.230681040578E-15));
#4946=DIRECTION('ref_axis',(0.,1.230681040578E-15,1.));
#4947=DIRECTION('',(-0.0867678893408756,1.21663946724922E-15,0.996228554790179));
#4948=DIRECTION('center_axis',(1.,-1.300088012147E-32,1.535273930147E-47));
#4949=DIRECTION('ref_axis',(-5.24524794906504E-49,-1.221245327088E-15,-1.));
#4950=DIRECTION('',(-1.300088012147E-32,-1.,1.165734175856E-15));
#4951=DIRECTION('',(0.,-1.221245327088E-15,-1.));
#4952=DIRECTION('',(0.,-1.221245327088E-15,-1.));
#4953=DIRECTION('center_axis',(5.877056884016E-17,-1.,1.230681040578E-15));
#4954=DIRECTION('ref_axis',(0.,-1.230681040578E-15,-1.));
#4955=DIRECTION('',(0.0867678893408756,1.21663946724922E-15,0.996228554790179));
#4956=DIRECTION('center_axis',(5.877056884016E-17,1.,-1.230681040578E-15));
#4957=DIRECTION('ref_axis',(0.,1.230681040578E-15,1.));
#4958=DIRECTION('',(-0.0867678893408756,1.21663946724922E-15,0.996228554790179));
#4959=DIRECTION('center_axis',(-0.996228554790179,-1.01148293971618E-16,
-0.0867678893408756));
#4960=DIRECTION('ref_axis',(-0.0867678893408756,1.21663946724922E-15,0.996228554790179));
#4961=DIRECTION('center_axis',(5.877056884016E-17,-1.,1.230681040578E-15));
#4962=DIRECTION('ref_axis',(0.,-1.230681040578E-15,-1.));
#4963=DIRECTION('',(0.0867678893408756,1.21663946724922E-15,0.996228554790179));
#4964=DIRECTION('center_axis',(4.048273687724E-17,1.,-1.237550384999E-15));
#4965=DIRECTION('ref_axis',(0.,1.237550384999E-15,1.));
#4966=DIRECTION('',(0.0867678893408756,-1.21663946724922E-15,-0.996228554790179));
#4967=DIRECTION('center_axis',(1.,-1.424233723843E-31,-1.110223024625E-16));
#4968=DIRECTION('ref_axis',(-1.110223024625E-16,-1.221245327088E-15,-1.));
#4969=DIRECTION('',(-1.300088012147E-32,-1.,1.165734175856E-15));
#4970=DIRECTION('',(-1.110223024625E-16,-1.221245327088E-15,-1.));
#4971=DIRECTION('center_axis',(1.,-1.300088012147E-32,1.535273930147E-47));
#4972=DIRECTION('ref_axis',(-5.24524794906504E-49,-1.221245327088E-15,-1.));
#4973=DIRECTION('',(-1.300088012147E-32,-1.,1.165734175856E-15));
#4974=DIRECTION('',(0.,-1.221245327088E-15,-1.));
#4975=DIRECTION('center_axis',(4.048273687724E-17,-1.,1.237550384999E-15));
#4976=DIRECTION('ref_axis',(0.,-1.237550384999E-15,-1.));
#4977=DIRECTION('',(-0.0867678893408756,-1.21663946724922E-15,-0.996228554790179));
#4978=DIRECTION('center_axis',(-0.996228554790179,1.01148293971618E-16,
0.0867678893408756));
#4979=DIRECTION('ref_axis',(0.0867678893408756,1.21663946724922E-15,0.996228554790179));
#4980=DIRECTION('center_axis',(0.996228554790179,-1.01148293971618E-16,
-0.0867678893408756));
#4981=DIRECTION('ref_axis',(-0.0867678893408756,-1.21663946724922E-15,-0.996228554790179));
#4982=DIRECTION('',(-0.0867678893408756,-1.21663946724922E-15,-0.996228554790179));
#4983=DIRECTION('center_axis',(4.048273687724E-17,-1.,1.237550384999E-15));
#4984=DIRECTION('ref_axis',(0.,-1.237550384999E-15,-1.));
#4985=DIRECTION('center_axis',(4.048273687724E-17,1.,-1.237550384999E-15));
#4986=DIRECTION('ref_axis',(0.,1.237550384999E-15,1.));
#4987=DIRECTION('',(0.0867678893408756,-1.21663946724922E-15,-0.996228554790179));
#4988=DIRECTION('center_axis',(0.996228554790179,1.01148293971618E-16,0.0867678893408756));
#4989=DIRECTION('ref_axis',(0.0867678893408756,-1.21663946724922E-15,-0.996228554790179));
#4990=DIRECTION('axis',(0.,0.,1.));
#4991=DIRECTION('refdir',(1.,0.,0.));
#4992=DIRECTION('center_axis',(-1.,0.,0.));
#4993=DIRECTION('ref_axis',(0.,-2.22044604925E-16,1.));
#4994=DIRECTION('',(0.,-1.,-2.22044604925E-16));
#4995=DIRECTION('',(0.,-2.22044604925E-16,1.));
#4996=DIRECTION('',(0.,-1.,-2.22044604925E-16));
#4997=DIRECTION('',(0.,-2.22044604925E-16,1.));
#4998=DIRECTION('center_axis',(-0.766044443119253,1.42727520843547E-16,
-0.642787609686212));
#4999=DIRECTION('ref_axis',(-0.642787609686212,-1.70096035727456E-16,0.766044443119253));
#5000=DIRECTION('',(0.540716203060884,0.540716203060884,-0.644400477571861));
#5001=DIRECTION('',(-0.642787609686212,-1.70096035727456E-16,0.766044443119253));
#5002=DIRECTION('',(0.,-1.,-2.22044604925E-16));
#5003=DIRECTION('',(-0.642787609686212,-1.70096035727456E-16,0.766044443119253));
#5004=DIRECTION('',(0.,1.,2.22044604925E-16));
#5005=DIRECTION('',(0.642787609686212,1.70096035727456E-16,-0.766044443119253));
#5006=DIRECTION('',(0.,-1.,-2.22044604925E-16));
#5007=DIRECTION('',(-0.642787609686212,-1.70096035727456E-16,0.766044443119253));
#5008=DIRECTION('',(0.540716203060884,-0.540716203060884,-0.644400477571861));
#5009=DIRECTION('center_axis',(-0.707106781186548,0.707106781186548,1.570092458683E-16));
#5010=DIRECTION('ref_axis',(-3.94800231159828E-29,-2.22044604924961E-16,
1.));
#5011=DIRECTION('',(0.577350269189626,0.577350269189626,0.577350269189626));
#5012=DIRECTION('',(0.,-2.22044604925E-16,1.));
#5013=DIRECTION('center_axis',(0.707106781186548,0.707106781186548,1.570092458683E-16));
#5014=DIRECTION('ref_axis',(3.94800231159828E-29,-2.22044604924961E-16,
1.));
#5015=DIRECTION('',(0.,-2.22044604925E-16,1.));
#5016=DIRECTION('',(0.577350269189626,-0.577350269189626,0.577350269189626));
#5017=DIRECTION('center_axis',(-0.707106781186548,-1.570092458683E-16,0.707106781186548));
#5018=DIRECTION('ref_axis',(-3.94800231159828E-29,-1.,-2.22044604924961E-16));
#5019=DIRECTION('',(0.,-1.,-2.22044604925E-16));
#5020=DIRECTION('center_axis',(2.453589656343E-83,1.,2.22044604925E-16));
#5021=DIRECTION('ref_axis',(0.,-2.22044604925E-16,1.));
#5022=DIRECTION('',(1.,0.,0.));
#5023=DIRECTION('',(1.,0.,0.));
#5024=DIRECTION('',(-1.,0.,0.));
#5025=DIRECTION('',(-0.642787609684054,1.70096035727914E-16,-0.766044443121064));
#5026=DIRECTION('',(0.,2.22044604925E-16,-1.));
#5027=DIRECTION('center_axis',(0.,-2.22044604925E-16,1.));
#5028=DIRECTION('ref_axis',(1.,0.,0.));
#5029=DIRECTION('',(1.,0.,0.));
#5030=DIRECTION('',(0.,-1.,-2.22044604925E-16));
#5031=DIRECTION('center_axis',(0.,1.,2.22044604925E-16));
#5032=DIRECTION('ref_axis',(1.,0.,0.));
#5033=DIRECTION('',(1.,0.,0.));
#5034=DIRECTION('',(0.642787609684054,-1.70096035727914E-16,0.766044443121064));
#5035=DIRECTION('',(1.,0.,0.));
#5036=DIRECTION('center_axis',(0.,-2.22044604925E-16,1.));
#5037=DIRECTION('ref_axis',(0.,1.,2.22044604925E-16));
#5038=DIRECTION('',(-1.,0.,0.));
#5039=DIRECTION('',(-1.,0.,0.));
#5040=DIRECTION('',(0.,-1.,-2.22044604925E-16));
#5041=DIRECTION('center_axis',(0.,-1.,-2.22044604925E-16));
#5042=DIRECTION('ref_axis',(-1.,0.,0.));
#5043=DIRECTION('',(-1.,0.,0.));
#5044=DIRECTION('',(0.,-2.22044604925E-16,1.));
#5045=DIRECTION('center_axis',(0.,-2.22044604925E-16,1.));
#5046=DIRECTION('ref_axis',(1.,0.,0.));
#5047=DIRECTION('',(1.,0.,0.));
#5048=DIRECTION('',(0.,-1.,-2.22044604925E-16));
#5049=DIRECTION('center_axis',(2.453589656343E-83,1.,2.22044604925E-16));
#5050=DIRECTION('ref_axis',(0.,-2.22044604925E-16,1.));
#5051=DIRECTION('',(1.,0.,0.));
#5052=DIRECTION('',(0.,2.22044604925E-16,-1.));
#5053=DIRECTION('',(-0.642787609684054,1.70096035727914E-16,-0.766044443121064));
#5054=DIRECTION('',(-1.,0.,0.));
#5055=DIRECTION('center_axis',(0.,-2.22044604925E-16,1.));
#5056=DIRECTION('ref_axis',(1.,0.,0.));
#5057=DIRECTION('',(0.,-1.,-2.22044604925E-16));
#5058=DIRECTION('center_axis',(-0.707106781186548,0.707106781186548,1.570092458683E-16));
#5059=DIRECTION('ref_axis',(3.94800231159828E-29,2.22044604924961E-16,-1.));
#5060=DIRECTION('',(-0.577350269189626,-0.577350269189626,0.577350269189626));
#5061=DIRECTION('',(-0.540716203059356,-0.540716203059356,-0.644400477574424));
#5062=DIRECTION('',(0.,2.22044604925E-16,-1.));
#5063=DIRECTION('center_axis',(0.766044443121064,1.42727520843012E-16,-0.642787609684054));
#5064=DIRECTION('ref_axis',(-0.642787609684054,1.70096035727914E-16,-0.766044443121064));
#5065=DIRECTION('',(-0.540716203059356,0.540716203059356,-0.644400477574424));
#5066=DIRECTION('',(0.,-1.,-2.22044604925E-16));
#5067=DIRECTION('',(0.,-1.,-2.22044604925E-16));
#5068=DIRECTION('',(-0.642787609684054,1.70096035727914E-16,-0.766044443121064));
#5069=DIRECTION('',(0.,-1.,-2.22044604925E-16));
#5070=DIRECTION('center_axis',(0.,2.22044604925E-16,-1.));
#5071=DIRECTION('ref_axis',(-1.,0.,0.));
#5072=DIRECTION('center_axis',(0.,-1.,-2.22044604925E-16));
#5073=DIRECTION('ref_axis',(-1.,0.,0.));
#5074=DIRECTION('',(-1.,0.,0.));
#5075=DIRECTION('center_axis',(0.,2.22044604925E-16,-1.));
#5076=DIRECTION('ref_axis',(-1.,0.,0.));
#5077=DIRECTION('center_axis',(0.707106781186548,0.707106781186548,1.570092458683E-16));
#5078=DIRECTION('ref_axis',(-3.94800231159828E-29,2.22044604924961E-16,
-1.));
#5079=DIRECTION('',(-0.577350269189626,0.577350269189626,0.577350269189626));
#5080=DIRECTION('',(0.,2.22044604925E-16,-1.));
#5081=DIRECTION('center_axis',(0.707106781186548,-1.60481813918597E-16,
0.707106781186548));
#5082=DIRECTION('ref_axis',(-2.45547641642433E-18,-1.,-2.24500081341491E-16));
#5083=DIRECTION('',(0.,-1.,-2.22044604925E-16));
#5084=DIRECTION('center_axis',(1.,0.,0.));
#5085=DIRECTION('ref_axis',(0.,2.22044604925E-16,-1.));
#5086=DIRECTION('center_axis',(-1.,0.,0.));
#5087=DIRECTION('ref_axis',(0.,-2.22044604925E-16,1.));
#5088=DIRECTION('',(0.,-1.,-2.22044604925E-16));
#5089=DIRECTION('',(0.,-2.22044604925E-16,1.));
#5090=DIRECTION('',(0.,-1.,-2.22044604925E-16));
#5091=DIRECTION('',(0.,-2.22044604925E-16,1.));
#5092=DIRECTION('center_axis',(-0.766044443119253,1.42727520843547E-16,
-0.642787609686212));
#5093=DIRECTION('ref_axis',(-0.642787609686212,-1.70096035727456E-16,0.766044443119253));
#5094=DIRECTION('',(0.540716203060884,0.540716203060884,-0.644400477571861));
#5095=DIRECTION('',(-0.642787609686212,-1.70096035727456E-16,0.766044443119253));
#5096=DIRECTION('',(0.,-1.,-2.22044604925E-16));
#5097=DIRECTION('',(-0.642787609686212,-1.70096035727456E-16,0.766044443119253));
#5098=DIRECTION('',(0.,1.,2.22044604925E-16));
#5099=DIRECTION('',(0.642787609686212,1.70096035727456E-16,-0.766044443119253));
#5100=DIRECTION('',(0.,-1.,-2.22044604925E-16));
#5101=DIRECTION('',(-0.642787609686212,-1.70096035727456E-16,0.766044443119253));
#5102=DIRECTION('',(0.540716203060884,-0.540716203060884,-0.644400477571861));
#5103=DIRECTION('center_axis',(-0.707106781186548,0.707106781186548,1.570092458683E-16));
#5104=DIRECTION('ref_axis',(-3.94800231159828E-29,-2.22044604924961E-16,
1.));
#5105=DIRECTION('',(0.577350269189626,0.577350269189626,0.577350269189626));
#5106=DIRECTION('',(0.,-2.22044604925E-16,1.));
#5107=DIRECTION('center_axis',(0.707106781186548,0.707106781186548,1.570092458683E-16));
#5108=DIRECTION('ref_axis',(3.94800231159828E-29,-2.22044604924961E-16,
1.));
#5109=DIRECTION('',(0.,-2.22044604925E-16,1.));
#5110=DIRECTION('',(0.577350269189626,-0.577350269189626,0.577350269189626));
#5111=DIRECTION('center_axis',(-0.707106781186548,-1.570092458683E-16,0.707106781186548));
#5112=DIRECTION('ref_axis',(-3.94800231159828E-29,-1.,-2.22044604924961E-16));
#5113=DIRECTION('',(0.,-1.,-2.22044604925E-16));
#5114=DIRECTION('center_axis',(2.453589656343E-83,1.,2.22044604925E-16));
#5115=DIRECTION('ref_axis',(0.,-2.22044604925E-16,1.));
#5116=DIRECTION('',(1.,0.,0.));
#5117=DIRECTION('',(1.,0.,0.));
#5118=DIRECTION('',(-1.,0.,0.));
#5119=DIRECTION('',(-0.642787609684054,1.70096035727914E-16,-0.766044443121064));
#5120=DIRECTION('',(0.,2.22044604925E-16,-1.));
#5121=DIRECTION('center_axis',(0.,-2.22044604925E-16,1.));
#5122=DIRECTION('ref_axis',(1.,0.,0.));
#5123=DIRECTION('',(1.,0.,0.));
#5124=DIRECTION('',(0.,-1.,-2.22044604925E-16));
#5125=DIRECTION('center_axis',(0.,1.,2.22044604925E-16));
#5126=DIRECTION('ref_axis',(1.,0.,0.));
#5127=DIRECTION('',(1.,0.,0.));
#5128=DIRECTION('',(0.642787609684054,-1.70096035727914E-16,0.766044443121064));
#5129=DIRECTION('',(1.,0.,0.));
#5130=DIRECTION('center_axis',(0.,-2.22044604925E-16,1.));
#5131=DIRECTION('ref_axis',(0.,1.,2.22044604925E-16));
#5132=DIRECTION('',(-1.,0.,0.));
#5133=DIRECTION('',(-1.,0.,0.));
#5134=DIRECTION('',(0.,-1.,-2.22044604925E-16));
#5135=DIRECTION('center_axis',(0.,-1.,-2.22044604925E-16));
#5136=DIRECTION('ref_axis',(-1.,0.,0.));
#5137=DIRECTION('',(-1.,0.,0.));
#5138=DIRECTION('',(0.,-2.22044604925E-16,1.));
#5139=DIRECTION('center_axis',(0.,-2.22044604925E-16,1.));
#5140=DIRECTION('ref_axis',(1.,0.,0.));
#5141=DIRECTION('',(1.,0.,0.));
#5142=DIRECTION('',(0.,-1.,-2.22044604925E-16));
#5143=DIRECTION('center_axis',(2.453589656343E-83,1.,2.22044604925E-16));
#5144=DIRECTION('ref_axis',(0.,-2.22044604925E-16,1.));
#5145=DIRECTION('',(1.,0.,0.));
#5146=DIRECTION('',(0.,2.22044604925E-16,-1.));
#5147=DIRECTION('',(-0.642787609684054,1.70096035727914E-16,-0.766044443121064));
#5148=DIRECTION('',(-1.,0.,0.));
#5149=DIRECTION('center_axis',(0.,-2.22044604925E-16,1.));
#5150=DIRECTION('ref_axis',(1.,0.,0.));
#5151=DIRECTION('',(0.,-1.,-2.22044604925E-16));
#5152=DIRECTION('center_axis',(-0.707106781186548,0.707106781186548,1.570092458683E-16));
#5153=DIRECTION('ref_axis',(3.94800231159828E-29,2.22044604924961E-16,-1.));
#5154=DIRECTION('',(-0.577350269189626,-0.577350269189626,0.577350269189626));
#5155=DIRECTION('',(-0.540716203059356,-0.540716203059356,-0.644400477574424));
#5156=DIRECTION('',(0.,2.22044604925E-16,-1.));
#5157=DIRECTION('center_axis',(0.766044443121064,1.42727520843012E-16,-0.642787609684054));
#5158=DIRECTION('ref_axis',(-0.642787609684054,1.70096035727914E-16,-0.766044443121064));
#5159=DIRECTION('',(-0.540716203059356,0.540716203059356,-0.644400477574424));
#5160=DIRECTION('',(0.,-1.,-2.22044604925E-16));
#5161=DIRECTION('',(0.,-1.,-2.22044604925E-16));
#5162=DIRECTION('',(-0.642787609684054,1.70096035727914E-16,-0.766044443121064));
#5163=DIRECTION('',(0.,-1.,-2.22044604925E-16));
#5164=DIRECTION('center_axis',(0.,2.22044604925E-16,-1.));
#5165=DIRECTION('ref_axis',(-1.,0.,0.));
#5166=DIRECTION('center_axis',(0.,-1.,-2.22044604925E-16));
#5167=DIRECTION('ref_axis',(-1.,0.,0.));
#5168=DIRECTION('',(-1.,0.,0.));
#5169=DIRECTION('center_axis',(0.,2.22044604925E-16,-1.));
#5170=DIRECTION('ref_axis',(-1.,0.,0.));
#5171=DIRECTION('center_axis',(0.707106781186548,0.707106781186548,1.570092458683E-16));
#5172=DIRECTION('ref_axis',(-3.94800231159828E-29,2.22044604924961E-16,
-1.));
#5173=DIRECTION('',(-0.577350269189626,0.577350269189626,0.577350269189626));
#5174=DIRECTION('',(0.,2.22044604925E-16,-1.));
#5175=DIRECTION('center_axis',(0.707106781186548,-1.60481813918597E-16,
0.707106781186548));
#5176=DIRECTION('ref_axis',(-2.45547641642433E-18,-1.,-2.24500081341491E-16));
#5177=DIRECTION('',(0.,-1.,-2.22044604925E-16));
#5178=DIRECTION('center_axis',(1.,0.,0.));
#5179=DIRECTION('ref_axis',(0.,2.22044604925E-16,-1.));
#5180=DIRECTION('center_axis',(-1.,0.,0.));
#5181=DIRECTION('ref_axis',(0.,-2.22044604925E-16,1.));
#5182=DIRECTION('',(0.,-1.,-2.22044604925E-16));
#5183=DIRECTION('',(0.,-2.22044604925E-16,1.));
#5184=DIRECTION('',(0.,-1.,-2.22044604925E-16));
#5185=DIRECTION('',(0.,-2.22044604925E-16,1.));
#5186=DIRECTION('center_axis',(-0.766044443119253,1.42727520843547E-16,
-0.642787609686212));
#5187=DIRECTION('ref_axis',(-0.642787609686212,-1.70096035727456E-16,0.766044443119253));
#5188=DIRECTION('',(0.540716203060884,0.540716203060884,-0.644400477571861));
#5189=DIRECTION('',(-0.642787609686212,-1.70096035727456E-16,0.766044443119253));
#5190=DIRECTION('',(0.,-1.,-2.22044604925E-16));
#5191=DIRECTION('',(-0.642787609686212,-1.70096035727456E-16,0.766044443119253));
#5192=DIRECTION('',(0.,1.,2.22044604925E-16));
#5193=DIRECTION('',(0.642787609686212,1.70096035727456E-16,-0.766044443119253));
#5194=DIRECTION('',(0.,-1.,-2.22044604925E-16));
#5195=DIRECTION('',(-0.642787609686212,-1.70096035727456E-16,0.766044443119253));
#5196=DIRECTION('',(0.540716203060884,-0.540716203060884,-0.644400477571861));
#5197=DIRECTION('center_axis',(-0.707106781186548,0.707106781186548,1.570092458683E-16));
#5198=DIRECTION('ref_axis',(-3.94800231159828E-29,-2.22044604924961E-16,
1.));
#5199=DIRECTION('',(0.577350269189626,0.577350269189626,0.577350269189626));
#5200=DIRECTION('',(0.,-2.22044604925E-16,1.));
#5201=DIRECTION('center_axis',(0.707106781186548,0.707106781186548,1.570092458683E-16));
#5202=DIRECTION('ref_axis',(3.94800231159828E-29,-2.22044604924961E-16,
1.));
#5203=DIRECTION('',(0.,-2.22044604925E-16,1.));
#5204=DIRECTION('',(0.577350269189626,-0.577350269189626,0.577350269189626));
#5205=DIRECTION('center_axis',(-0.707106781186548,-1.570092458683E-16,0.707106781186548));
#5206=DIRECTION('ref_axis',(-3.94800231159828E-29,-1.,-2.22044604924961E-16));
#5207=DIRECTION('',(0.,-1.,-2.22044604925E-16));
#5208=DIRECTION('center_axis',(2.453589656343E-83,1.,2.22044604925E-16));
#5209=DIRECTION('ref_axis',(0.,-2.22044604925E-16,1.));
#5210=DIRECTION('',(1.,0.,0.));
#5211=DIRECTION('',(1.,0.,0.));
#5212=DIRECTION('',(-1.,0.,0.));
#5213=DIRECTION('',(-0.642787609684054,1.70096035727914E-16,-0.766044443121064));
#5214=DIRECTION('',(0.,2.22044604925E-16,-1.));
#5215=DIRECTION('center_axis',(0.,-2.22044604925E-16,1.));
#5216=DIRECTION('ref_axis',(1.,0.,0.));
#5217=DIRECTION('',(1.,0.,0.));
#5218=DIRECTION('',(0.,-1.,-2.22044604925E-16));
#5219=DIRECTION('center_axis',(0.,1.,2.22044604925E-16));
#5220=DIRECTION('ref_axis',(1.,0.,0.));
#5221=DIRECTION('',(1.,0.,0.));
#5222=DIRECTION('',(0.642787609684054,-1.70096035727914E-16,0.766044443121064));
#5223=DIRECTION('',(1.,0.,0.));
#5224=DIRECTION('center_axis',(0.,-2.22044604925E-16,1.));
#5225=DIRECTION('ref_axis',(0.,1.,2.22044604925E-16));
#5226=DIRECTION('',(-1.,0.,0.));
#5227=DIRECTION('',(-1.,0.,0.));
#5228=DIRECTION('',(0.,-1.,-2.22044604925E-16));
#5229=DIRECTION('center_axis',(0.,-1.,-2.22044604925E-16));
#5230=DIRECTION('ref_axis',(-1.,0.,0.));
#5231=DIRECTION('',(-1.,0.,0.));
#5232=DIRECTION('',(0.,-2.22044604925E-16,1.));
#5233=DIRECTION('center_axis',(0.,-2.22044604925E-16,1.));
#5234=DIRECTION('ref_axis',(1.,0.,0.));
#5235=DIRECTION('',(1.,0.,0.));
#5236=DIRECTION('',(0.,-1.,-2.22044604925E-16));
#5237=DIRECTION('center_axis',(2.453589656343E-83,1.,2.22044604925E-16));
#5238=DIRECTION('ref_axis',(0.,-2.22044604925E-16,1.));
#5239=DIRECTION('',(1.,0.,0.));
#5240=DIRECTION('',(0.,2.22044604925E-16,-1.));
#5241=DIRECTION('',(-0.642787609684054,1.70096035727914E-16,-0.766044443121064));
#5242=DIRECTION('',(-1.,0.,0.));
#5243=DIRECTION('center_axis',(0.,-2.22044604925E-16,1.));
#5244=DIRECTION('ref_axis',(1.,0.,0.));
#5245=DIRECTION('',(0.,-1.,-2.22044604925E-16));
#5246=DIRECTION('center_axis',(-0.707106781186548,0.707106781186548,1.570092458683E-16));
#5247=DIRECTION('ref_axis',(3.94800231159828E-29,2.22044604924961E-16,-1.));
#5248=DIRECTION('',(-0.577350269189626,-0.577350269189626,0.577350269189626));
#5249=DIRECTION('',(-0.540716203059356,-0.540716203059356,-0.644400477574424));
#5250=DIRECTION('',(0.,2.22044604925E-16,-1.));
#5251=DIRECTION('center_axis',(0.766044443121064,1.42727520843012E-16,-0.642787609684054));
#5252=DIRECTION('ref_axis',(-0.642787609684054,1.70096035727914E-16,-0.766044443121064));
#5253=DIRECTION('',(-0.540716203059356,0.540716203059356,-0.644400477574424));
#5254=DIRECTION('',(0.,-1.,-2.22044604925E-16));
#5255=DIRECTION('',(0.,-1.,-2.22044604925E-16));
#5256=DIRECTION('',(-0.642787609684054,1.70096035727914E-16,-0.766044443121064));
#5257=DIRECTION('',(0.,-1.,-2.22044604925E-16));
#5258=DIRECTION('center_axis',(0.,2.22044604925E-16,-1.));
#5259=DIRECTION('ref_axis',(-1.,0.,0.));
#5260=DIRECTION('center_axis',(0.,-1.,-2.22044604925E-16));
#5261=DIRECTION('ref_axis',(-1.,0.,0.));
#5262=DIRECTION('',(-1.,0.,0.));
#5263=DIRECTION('center_axis',(0.,2.22044604925E-16,-1.));
#5264=DIRECTION('ref_axis',(-1.,0.,0.));
#5265=DIRECTION('center_axis',(0.707106781186548,0.707106781186548,1.570092458683E-16));
#5266=DIRECTION('ref_axis',(-3.94800231159828E-29,2.22044604924961E-16,
-1.));
#5267=DIRECTION('',(-0.577350269189626,0.577350269189626,0.577350269189626));
#5268=DIRECTION('',(0.,2.22044604925E-16,-1.));
#5269=DIRECTION('center_axis',(0.707106781186548,-1.60481813918597E-16,
0.707106781186548));
#5270=DIRECTION('ref_axis',(-2.45547641642433E-18,-1.,-2.24500081341491E-16));
#5271=DIRECTION('',(0.,-1.,-2.22044604925E-16));
#5272=DIRECTION('center_axis',(1.,0.,0.));
#5273=DIRECTION('ref_axis',(0.,2.22044604925E-16,-1.));
#5274=DIRECTION('axis',(0.,0.,1.));
#5275=DIRECTION('refdir',(1.,0.,0.));
#5276=DIRECTION('center_axis',(0.,0.,1.));
#5277=DIRECTION('ref_axis',(1.,0.,0.));
#5278=DIRECTION('',(0.,1.,0.));
#5279=DIRECTION('',(1.,0.,0.));
#5280=DIRECTION('',(0.,-1.,0.));
#5281=DIRECTION('',(-1.,0.,0.));
#5282=DIRECTION('center_axis',(0.9745551866149,0.,-0.224147692921427));
#5283=DIRECTION('ref_axis',(-0.224147692921427,0.,-0.974555186614899));
#5284=DIRECTION('',(0.218720526784847,0.218720526784847,0.950958812108031));
#5285=DIRECTION('',(0.,1.,0.));
#5286=DIRECTION('',(0.218720526784847,-0.218720526784847,0.950958812108031));
#5287=DIRECTION('center_axis',(0.,0.9745551866149,-0.224147692921427));
#5288=DIRECTION('ref_axis',(0.,0.224147692921427,0.974555186614899));
#5289=DIRECTION('',(-0.218720526784847,0.218720526784847,0.950958812108031));
#5290=DIRECTION('',(-1.,0.,0.));
#5291=DIRECTION('center_axis',(-0.9745551866149,0.,-0.224147692921427));
#5292=DIRECTION('ref_axis',(-0.224147692921427,0.,0.974555186614899));
#5293=DIRECTION('',(-0.218720526784847,-0.218720526784847,0.950958812108031));
#5294=DIRECTION('',(0.,-1.,0.));
#5295=DIRECTION('center_axis',(0.,-0.9745551866149,-0.224147692921427));
#5296=DIRECTION('ref_axis',(0.,0.224147692921427,-0.974555186614899));
#5297=DIRECTION('',(1.,0.,0.));
#5298=DIRECTION('center_axis',(-1.,0.,0.));
#5299=DIRECTION('ref_axis',(0.,1.,0.));
#5300=DIRECTION('',(0.,0.,1.));
#5301=DIRECTION('',(0.,0.,1.));
#5302=DIRECTION('',(0.,1.,0.));
#5303=DIRECTION('center_axis',(0.,-1.,0.));
#5304=DIRECTION('ref_axis',(-1.,0.,0.));
#5305=DIRECTION('',(0.,0.,1.));
#5306=DIRECTION('',(-1.,0.,0.));
#5307=DIRECTION('center_axis',(1.,0.,0.));
#5308=DIRECTION('ref_axis',(0.,-1.,0.));
#5309=DIRECTION('',(0.,0.,1.));
#5310=DIRECTION('',(0.,-1.,0.));
#5311=DIRECTION('center_axis',(0.,1.,0.));
#5312=DIRECTION('ref_axis',(1.,0.,0.));
#5313=DIRECTION('',(1.,0.,0.));
#5314=DIRECTION('center_axis',(-0.974555186614899,0.,-0.224147692921427));
#5315=DIRECTION('ref_axis',(-0.224147692921427,0.,0.974555186614899));
#5316=DIRECTION('',(0.,1.,0.));
#5317=DIRECTION('',(0.218720526784847,-0.218720526784847,-0.950958812108031));
#5318=DIRECTION('',(0.218720526784847,0.218720526784847,-0.950958812108031));
#5319=DIRECTION('center_axis',(0.,-0.974555186614899,-0.224147692921427));
#5320=DIRECTION('ref_axis',(0.,0.224147692921427,-0.974555186614899));
#5321=DIRECTION('',(-1.,0.,0.));
#5322=DIRECTION('',(-0.218720526784847,0.218720526784847,-0.950958812108031));
#5323=DIRECTION('center_axis',(0.974555186614899,0.,-0.224147692921427));
#5324=DIRECTION('ref_axis',(-0.224147692921427,0.,-0.974555186614899));
#5325=DIRECTION('',(0.,-1.,0.));
#5326=DIRECTION('',(-0.218720526784847,-0.218720526784847,-0.950958812108031));
#5327=DIRECTION('center_axis',(0.,0.974555186614899,-0.224147692921427));
#5328=DIRECTION('ref_axis',(0.,0.224147692921427,0.974555186614899));
#5329=DIRECTION('',(1.,0.,0.));
#5330=DIRECTION('center_axis',(0.,0.,-1.));
#5331=DIRECTION('ref_axis',(-1.,0.,0.));
#5332=DIRECTION('center_axis',(0.,0.,1.));
#5333=DIRECTION('ref_axis',(1.,0.,0.));
#5334=DIRECTION('',(0.,1.,0.));
#5335=DIRECTION('',(1.,0.,0.));
#5336=DIRECTION('',(0.,-1.,0.));
#5337=DIRECTION('',(-1.,0.,0.));
#5338=DIRECTION('center_axis',(0.9745551866149,0.,-0.224147692921427));
#5339=DIRECTION('ref_axis',(-0.224147692921427,0.,-0.974555186614899));
#5340=DIRECTION('',(0.218720526784847,0.218720526784847,0.950958812108031));
#5341=DIRECTION('',(0.,1.,0.));
#5342=DIRECTION('',(0.218720526784847,-0.218720526784847,0.950958812108031));
#5343=DIRECTION('center_axis',(0.,0.9745551866149,-0.224147692921427));
#5344=DIRECTION('ref_axis',(0.,0.224147692921427,0.974555186614899));
#5345=DIRECTION('',(-0.218720526784846,0.218720526784847,0.950958812108031));
#5346=DIRECTION('',(-1.,0.,0.));
#5347=DIRECTION('center_axis',(-0.9745551866149,0.,-0.224147692921426));
#5348=DIRECTION('ref_axis',(-0.224147692921426,0.,0.9745551866149));
#5349=DIRECTION('',(-0.218720526784846,-0.218720526784847,0.950958812108031));
#5350=DIRECTION('',(0.,-1.,0.));
#5351=DIRECTION('center_axis',(0.,-0.9745551866149,-0.224147692921427));
#5352=DIRECTION('ref_axis',(0.,0.224147692921427,-0.974555186614899));
#5353=DIRECTION('',(1.,0.,0.));
#5354=DIRECTION('center_axis',(-1.,0.,0.));
#5355=DIRECTION('ref_axis',(0.,1.,0.));
#5356=DIRECTION('',(0.,0.,1.));
#5357=DIRECTION('',(0.,0.,1.));
#5358=DIRECTION('',(0.,1.,0.));
#5359=DIRECTION('center_axis',(0.,-1.,0.));
#5360=DIRECTION('ref_axis',(-1.,0.,0.));
#5361=DIRECTION('',(0.,0.,1.));
#5362=DIRECTION('',(-1.,0.,0.));
#5363=DIRECTION('center_axis',(1.,0.,0.));
#5364=DIRECTION('ref_axis',(0.,-1.,0.));
#5365=DIRECTION('',(0.,0.,1.));
#5366=DIRECTION('',(0.,-1.,0.));
#5367=DIRECTION('center_axis',(0.,1.,0.));
#5368=DIRECTION('ref_axis',(1.,0.,0.));
#5369=DIRECTION('',(1.,0.,0.));
#5370=DIRECTION('center_axis',(-0.974555186614899,0.,-0.224147692921427));
#5371=DIRECTION('ref_axis',(-0.224147692921427,0.,0.974555186614899));
#5372=DIRECTION('',(0.,1.,0.));
#5373=DIRECTION('',(0.218720526784848,-0.218720526784847,-0.950958812108031));
#5374=DIRECTION('',(0.218720526784848,0.218720526784847,-0.950958812108031));
#5375=DIRECTION('center_axis',(0.,-0.9745551866149,-0.224147692921427));
#5376=DIRECTION('ref_axis',(0.,0.224147692921427,-0.974555186614899));
#5377=DIRECTION('',(-1.,0.,0.));
#5378=DIRECTION('',(-0.218720526784847,0.218720526784847,-0.950958812108031));
#5379=DIRECTION('center_axis',(0.9745551866149,0.,-0.224147692921426));
#5380=DIRECTION('ref_axis',(-0.224147692921426,0.,-0.9745551866149));
#5381=DIRECTION('',(0.,-1.,0.));
#5382=DIRECTION('',(-0.218720526784847,-0.218720526784847,-0.950958812108031));
#5383=DIRECTION('center_axis',(0.,0.9745551866149,-0.224147692921427));
#5384=DIRECTION('ref_axis',(0.,0.224147692921427,0.974555186614899));
#5385=DIRECTION('',(1.,0.,0.));
#5386=DIRECTION('center_axis',(0.,0.,-1.));
#5387=DIRECTION('ref_axis',(-1.,0.,0.));
#5388=DIRECTION('center_axis',(0.,0.,1.));
#5389=DIRECTION('ref_axis',(1.,0.,0.));
#5390=DIRECTION('',(0.,1.,0.));
#5391=DIRECTION('',(1.,0.,0.));
#5392=DIRECTION('',(0.,-1.,0.));
#5393=DIRECTION('',(-1.,0.,0.));
#5394=DIRECTION('center_axis',(0.9745551866149,0.,-0.224147692921426));
#5395=DIRECTION('ref_axis',(-0.224147692921426,0.,-0.9745551866149));
#5396=DIRECTION('',(0.218720526784846,0.218720526784847,0.950958812108031));
#5397=DIRECTION('',(0.,1.,0.));
#5398=DIRECTION('',(0.218720526784846,-0.218720526784847,0.950958812108031));
#5399=DIRECTION('center_axis',(0.,0.9745551866149,-0.224147692921427));
#5400=DIRECTION('ref_axis',(0.,0.224147692921427,0.974555186614899));
#5401=DIRECTION('',(-0.218720526784847,0.218720526784847,0.950958812108031));
#5402=DIRECTION('',(-1.,0.,0.));
#5403=DIRECTION('center_axis',(-0.9745551866149,0.,-0.224147692921427));
#5404=DIRECTION('ref_axis',(-0.224147692921427,0.,0.974555186614899));
#5405=DIRECTION('',(-0.218720526784847,-0.218720526784847,0.950958812108031));
#5406=DIRECTION('',(0.,-1.,0.));
#5407=DIRECTION('center_axis',(0.,-0.9745551866149,-0.224147692921427));
#5408=DIRECTION('ref_axis',(0.,0.224147692921427,-0.974555186614899));
#5409=DIRECTION('',(1.,0.,0.));
#5410=DIRECTION('center_axis',(-1.,0.,0.));
#5411=DIRECTION('ref_axis',(0.,1.,0.));
#5412=DIRECTION('',(0.,0.,1.));
#5413=DIRECTION('',(0.,0.,1.));
#5414=DIRECTION('',(0.,1.,0.));
#5415=DIRECTION('center_axis',(0.,-1.,0.));
#5416=DIRECTION('ref_axis',(-1.,0.,0.));
#5417=DIRECTION('',(0.,0.,1.));
#5418=DIRECTION('',(-1.,0.,0.));
#5419=DIRECTION('center_axis',(1.,0.,0.));
#5420=DIRECTION('ref_axis',(0.,-1.,0.));
#5421=DIRECTION('',(0.,0.,1.));
#5422=DIRECTION('',(0.,-1.,0.));
#5423=DIRECTION('center_axis',(0.,1.,0.));
#5424=DIRECTION('ref_axis',(1.,0.,0.));
#5425=DIRECTION('',(1.,0.,0.));
#5426=DIRECTION('center_axis',(-0.9745551866149,0.,-0.224147692921426));
#5427=DIRECTION('ref_axis',(-0.224147692921426,0.,0.9745551866149));
#5428=DIRECTION('',(0.,1.,0.));
#5429=DIRECTION('',(0.218720526784847,-0.218720526784847,-0.950958812108031));
#5430=DIRECTION('',(0.218720526784847,0.218720526784847,-0.950958812108031));
#5431=DIRECTION('center_axis',(0.,-0.9745551866149,-0.224147692921427));
#5432=DIRECTION('ref_axis',(0.,0.224147692921427,-0.974555186614899));
#5433=DIRECTION('',(-1.,0.,0.));
#5434=DIRECTION('',(-0.218720526784848,0.218720526784847,-0.950958812108031));
#5435=DIRECTION('center_axis',(0.974555186614899,0.,-0.224147692921427));
#5436=DIRECTION('ref_axis',(-0.224147692921427,0.,-0.974555186614899));
#5437=DIRECTION('',(0.,-1.,0.));
#5438=DIRECTION('',(-0.218720526784848,-0.218720526784847,-0.950958812108031));
#5439=DIRECTION('center_axis',(0.,0.9745551866149,-0.224147692921427));
#5440=DIRECTION('ref_axis',(0.,0.224147692921427,0.974555186614899));
#5441=DIRECTION('',(1.,0.,0.));
#5442=DIRECTION('center_axis',(0.,0.,-1.));
#5443=DIRECTION('ref_axis',(-1.,0.,0.));
#5444=DIRECTION('',(0.,0.,1.));
#5445=DIRECTION('',(1.,0.,0.));
#5446=DIRECTION('',(0.,0.,1.));
#5447=DIRECTION('',(1.,0.,0.));
#5448=DIRECTION('',(0.,0.,1.));
#5449=DIRECTION('',(1.,0.,0.));
#5450=DIRECTION('',(0.,0.,1.));
#5451=DIRECTION('',(1.,0.,0.));
#5452=DIRECTION('',(0.,0.,1.));
#5453=DIRECTION('',(1.,0.,0.));
#5454=DIRECTION('',(0.,0.,1.));
#5455=DIRECTION('',(1.,0.,0.));
#5456=DIRECTION('',(0.,0.,1.));
#5457=DIRECTION('',(1.,0.,0.));
#5458=DIRECTION('',(0.,0.,1.));
#5459=DIRECTION('',(1.,0.,0.));
#5460=CARTESIAN_POINT('',(0.,0.,0.));
#5461=CARTESIAN_POINT('',(0.,0.,0.));
#5462=CARTESIAN_POINT('Origin',(-1.23,1.25,2.9));
#5463=CARTESIAN_POINT('',(-1.23,1.25,2.9));
#5464=CARTESIAN_POINT('',(3.77,1.25,2.9));
#5465=CARTESIAN_POINT('',(-1.23,1.25,2.9));
#5466=CARTESIAN_POINT('',(-1.23,1.25,3.4));
#5467=CARTESIAN_POINT('',(-1.23,1.25,2.9));
#5468=CARTESIAN_POINT('',(3.77,1.25,3.4));
#5469=CARTESIAN_POINT('',(-1.23,1.25,3.4));
#5470=CARTESIAN_POINT('',(3.77,1.25,2.9));
#5471=CARTESIAN_POINT('Origin',(1.27,0.,2.9));
#5472=CARTESIAN_POINT('',(3.77,-1.25,2.9));
#5473=CARTESIAN_POINT('',(3.77,1.25,2.9));
#5474=CARTESIAN_POINT('',(-1.23,-1.25,2.9));
#5475=CARTESIAN_POINT('',(3.77,-1.25,2.9));
#5476=CARTESIAN_POINT('',(-1.23,-1.25,2.9));
#5477=CARTESIAN_POINT('',(-0.83,0.85,2.9));
#5478=CARTESIAN_POINT('',(3.37,0.85,2.9));
#5479=CARTESIAN_POINT('',(-0.83,0.85,2.9));
#5480=CARTESIAN_POINT('',(-0.83,-0.85,2.9));
#5481=CARTESIAN_POINT('',(-0.83,-0.85,2.9));
#5482=CARTESIAN_POINT('',(3.37,-0.85,2.9));
#5483=CARTESIAN_POINT('',(3.37,-0.85,2.9));
#5484=CARTESIAN_POINT('',(3.37,0.85,2.9));
#5485=CARTESIAN_POINT('Origin',(3.77,1.25,2.9));
#5486=CARTESIAN_POINT('',(3.77,-1.25,3.4));
#5487=CARTESIAN_POINT('',(3.77,1.25,3.4));
#5488=CARTESIAN_POINT('',(3.77,-1.25,2.9));
#5489=CARTESIAN_POINT('Origin',(1.27,0.,3.4));
#5490=CARTESIAN_POINT('',(-1.23,-1.25,3.4));
#5491=CARTESIAN_POINT('',(-1.23,-1.25,3.4));
#5492=CARTESIAN_POINT('',(3.77,-1.25,3.4));
#5493=CARTESIAN_POINT('',(-1.08,-1.1,3.4));
#5494=CARTESIAN_POINT('',(-1.08,1.1,3.4));
#5495=CARTESIAN_POINT('',(-1.08,-1.1,3.4));
#5496=CARTESIAN_POINT('',(3.62,1.1,3.4));
#5497=CARTESIAN_POINT('',(-1.08,1.1,3.4));
#5498=CARTESIAN_POINT('',(3.62,-1.1,3.4));
#5499=CARTESIAN_POINT('',(3.62,1.1,3.4));
#5500=CARTESIAN_POINT('',(3.62,-1.1,3.4));
#5501=CARTESIAN_POINT('Origin',(-1.23,-1.25,2.9));
#5502=CARTESIAN_POINT('',(-1.23,-1.25,2.9));
#5503=CARTESIAN_POINT('Origin',(3.77,-1.25,2.9));
#5504=CARTESIAN_POINT('Origin',(-0.83,0.85,2.9));
#5505=CARTESIAN_POINT('',(3.37,0.85,8.5));
#5506=CARTESIAN_POINT('',(3.37,0.85,2.9));
#5507=CARTESIAN_POINT('',(2.07,0.85,8.5));
#5508=CARTESIAN_POINT('',(-0.83,0.85,8.5));
#5509=CARTESIAN_POINT('',(2.07,0.85,7.7));
#5510=CARTESIAN_POINT('',(2.07,0.85,6.3));
#5511=CARTESIAN_POINT('',(0.47,0.85,7.7));
#5512=CARTESIAN_POINT('Origin',(1.27,0.85,7.7));
#5513=CARTESIAN_POINT('',(0.47,0.85,8.5));
#5514=CARTESIAN_POINT('',(0.47,0.85,5.3));
#5515=CARTESIAN_POINT('',(-0.83,0.85,8.5));
#5516=CARTESIAN_POINT('',(-0.83,0.85,8.5));
#5517=CARTESIAN_POINT('',(-0.83,0.85,2.9));
#5518=CARTESIAN_POINT('Origin',(3.37,0.85,2.9));
#5519=CARTESIAN_POINT('',(3.37,-0.85,8.5));
#5520=CARTESIAN_POINT('',(3.37,-0.85,2.9));
#5521=CARTESIAN_POINT('',(3.37,0.85,8.5));
#5522=CARTESIAN_POINT('Origin',(3.37,-0.85,2.9));
#5523=CARTESIAN_POINT('',(-0.83,-0.85,8.5));
#5524=CARTESIAN_POINT('',(-0.83,-0.85,2.9));
#5525=CARTESIAN_POINT('',(0.47,-0.85,8.5));
#5526=CARTESIAN_POINT('',(3.37,-0.85,8.5));
#5527=CARTESIAN_POINT('',(0.47,-0.85,7.7));
#5528=CARTESIAN_POINT('',(0.47,-0.85,5.3));
#5529=CARTESIAN_POINT('',(2.07,-0.85,7.7));
#5530=CARTESIAN_POINT('Origin',(1.27,-0.85,7.7));
#5531=CARTESIAN_POINT('',(2.07,-0.85,8.5));
#5532=CARTESIAN_POINT('',(2.07,-0.85,6.3));
#5533=CARTESIAN_POINT('',(3.37,-0.85,8.5));
#5534=CARTESIAN_POINT('Origin',(-0.83,-0.85,2.9));
#5535=CARTESIAN_POINT('',(-0.83,-0.85,8.5));
#5536=CARTESIAN_POINT('Origin',(-1.08,-1.1,3.4));
#5537=CARTESIAN_POINT('',(-1.08,-1.1,3.9));
#5538=CARTESIAN_POINT('',(-1.08,-1.1,3.4));
#5539=CARTESIAN_POINT('',(-1.08,1.1,3.9));
#5540=CARTESIAN_POINT('',(-1.08,-1.1,3.9));
#5541=CARTESIAN_POINT('',(-1.08,1.1,3.4));
#5542=CARTESIAN_POINT('Origin',(3.62,-1.1,3.4));
#5543=CARTESIAN_POINT('',(3.62,-1.1,3.9));
#5544=CARTESIAN_POINT('',(3.62,-1.1,3.4));
#5545=CARTESIAN_POINT('',(3.62,-1.1,3.9));
#5546=CARTESIAN_POINT('Origin',(3.62,1.1,3.4));
#5547=CARTESIAN_POINT('',(3.62,1.1,3.9));
#5548=CARTESIAN_POINT('',(3.62,1.1,3.4));
#5549=CARTESIAN_POINT('',(3.62,1.1,3.9));
#5550=CARTESIAN_POINT('Origin',(-1.08,1.1,3.4));
#5551=CARTESIAN_POINT('',(-1.08,1.1,3.9));
#5552=CARTESIAN_POINT('Origin',(1.27,-3.763467880085E-17,8.5));
#5553=CARTESIAN_POINT('',(2.07,0.75,8.5));
#5554=CARTESIAN_POINT('',(2.07,-0.625,8.5));
#5555=CARTESIAN_POINT('',(2.07,-0.75,8.5));
#5556=CARTESIAN_POINT('',(2.07,-0.625,8.5));
#5557=CARTESIAN_POINT('',(3.27,-0.75,8.5));
#5558=CARTESIAN_POINT('',(2.27,-0.75,8.5));
#5559=CARTESIAN_POINT('',(3.27,0.75,8.5));
#5560=CARTESIAN_POINT('',(3.27,0.375,8.5));
#5561=CARTESIAN_POINT('',(0.27,0.75,8.5));
#5562=CARTESIAN_POINT('Origin',(2.07,-1.25,9.7));
#5563=CARTESIAN_POINT('',(2.07,1.1,8.2));
#5564=CARTESIAN_POINT('',(2.07,1.1,7.7));
#5565=CARTESIAN_POINT('',(2.07,1.1,8.95));
#5566=CARTESIAN_POINT('',(2.07,-1.25,7.7));
#5567=CARTESIAN_POINT('',(2.07,0.75,8.9));
#5568=CARTESIAN_POINT('',(2.07,0.75,9.3));
#5569=CARTESIAN_POINT('',(2.07,1.25,8.9));
#5570=CARTESIAN_POINT('',(2.07,-0.625,8.9));
#5571=CARTESIAN_POINT('',(2.07,1.25,8.2));
#5572=CARTESIAN_POINT('',(2.07,1.25,6.3));
#5573=CARTESIAN_POINT('',(2.07,-0.625,8.2));
#5574=CARTESIAN_POINT('Origin',(1.27,-1.25,7.7));
#5575=CARTESIAN_POINT('',(2.07,1.25,7.7));
#5576=CARTESIAN_POINT('',(2.07,-1.25,7.7));
#5577=CARTESIAN_POINT('',(0.47,1.25,7.7));
#5578=CARTESIAN_POINT('Origin',(1.27,1.25,7.7));
#5579=CARTESIAN_POINT('',(0.47,1.1,7.7));
#5580=CARTESIAN_POINT('',(0.47,-1.25,7.7));
#5581=CARTESIAN_POINT('',(0.47,-1.25,7.7));
#5582=CARTESIAN_POINT('Origin',(0.47,-1.25,7.7));
#5583=CARTESIAN_POINT('',(0.47,1.1,8.2));
#5584=CARTESIAN_POINT('',(0.47,1.1,7.95));
#5585=CARTESIAN_POINT('',(0.47,1.25,8.2));
#5586=CARTESIAN_POINT('',(0.47,-0.625,8.2));
#5587=CARTESIAN_POINT('',(0.47,1.25,8.9));
#5588=CARTESIAN_POINT('',(0.47,1.25,5.3));
#5589=CARTESIAN_POINT('',(0.47,0.75,8.9));
#5590=CARTESIAN_POINT('',(0.47,-0.625,8.9));
#5591=CARTESIAN_POINT('',(0.47,0.75,8.5));
#5592=CARTESIAN_POINT('',(0.47,0.75,8.3));
#5593=CARTESIAN_POINT('',(0.47,-0.625,8.5));
#5594=CARTESIAN_POINT('Origin',(1.27,-3.763467880085E-17,8.5));
#5595=CARTESIAN_POINT('',(-0.73,0.75,8.5));
#5596=CARTESIAN_POINT('',(0.27,0.75,8.5));
#5597=CARTESIAN_POINT('',(-0.73,-0.75,8.5));
#5598=CARTESIAN_POINT('',(-0.73,-0.375,8.5));
#5599=CARTESIAN_POINT('',(0.47,-0.75,8.5));
#5600=CARTESIAN_POINT('',(2.27,-0.75,8.5));
#5601=CARTESIAN_POINT('',(0.47,-0.625,8.5));
#5602=CARTESIAN_POINT('Origin',(0.47,-1.25,7.7));
#5603=CARTESIAN_POINT('',(0.47,-1.1,8.2));
#5604=CARTESIAN_POINT('',(0.47,-1.1,7.7));
#5605=CARTESIAN_POINT('',(0.47,-1.1,7.95));
#5606=CARTESIAN_POINT('',(0.47,-1.25,7.7));
#5607=CARTESIAN_POINT('',(0.47,-0.75,8.9));
#5608=CARTESIAN_POINT('',(0.47,-0.75,8.3));
#5609=CARTESIAN_POINT('',(0.47,-1.25,8.9));
#5610=CARTESIAN_POINT('',(0.47,-0.625,8.9));
#5611=CARTESIAN_POINT('',(0.47,-1.25,8.2));
#5612=CARTESIAN_POINT('',(0.47,-1.25,7.7));
#5613=CARTESIAN_POINT('',(0.47,-0.625,8.2));
#5614=CARTESIAN_POINT('Origin',(1.27,-1.25,7.7));
#5615=CARTESIAN_POINT('',(0.47,-1.25,7.7));
#5616=CARTESIAN_POINT('',(2.07,-1.25,7.7));
#5617=CARTESIAN_POINT('Origin',(1.27,-1.25,7.7));
#5618=CARTESIAN_POINT('',(2.07,-1.1,7.7));
#5619=CARTESIAN_POINT('',(2.07,-1.25,7.7));
#5620=CARTESIAN_POINT('',(2.07,-1.25,7.7));
#5621=CARTESIAN_POINT('',(0.47,-1.25,7.7));
#5622=CARTESIAN_POINT('Origin',(2.07,-1.25,9.7));
#5623=CARTESIAN_POINT('',(2.07,-1.25,8.9));
#5624=CARTESIAN_POINT('',(2.07,-1.25,8.2));
#5625=CARTESIAN_POINT('',(2.07,-1.25,9.7));
#5626=CARTESIAN_POINT('',(2.07,-0.75,8.9));
#5627=CARTESIAN_POINT('',(2.07,-0.625,8.9));
#5628=CARTESIAN_POINT('',(2.07,-0.75,9.3));
#5629=CARTESIAN_POINT('',(2.07,-1.1,8.2));
#5630=CARTESIAN_POINT('',(2.07,-1.1,8.95));
#5631=CARTESIAN_POINT('',(2.07,-0.625,8.2));
#5632=CARTESIAN_POINT('Origin',(1.27,0.,3.9));
#5633=CARTESIAN_POINT('',(-1.23,1.25,3.9));
#5634=CARTESIAN_POINT('',(3.77,1.25,3.9));
#5635=CARTESIAN_POINT('',(-1.23,1.25,3.9));
#5636=CARTESIAN_POINT('',(3.77,-1.25,3.9));
#5637=CARTESIAN_POINT('',(3.77,1.25,3.9));
#5638=CARTESIAN_POINT('',(-1.23,-1.25,3.9));
#5639=CARTESIAN_POINT('',(3.77,-1.25,3.9));
#5640=CARTESIAN_POINT('',(-1.23,-1.25,3.9));
#5641=CARTESIAN_POINT('Origin',(-0.73,0.75,8.9));
#5642=CARTESIAN_POINT('',(3.27,0.75,8.9));
#5643=CARTESIAN_POINT('',(-0.73,0.75,8.9));
#5644=CARTESIAN_POINT('',(3.27,0.75,8.9));
#5645=CARTESIAN_POINT('Origin',(3.27,0.75,8.9));
#5646=CARTESIAN_POINT('',(3.27,-0.75,8.9));
#5647=CARTESIAN_POINT('',(3.27,0.75,8.9));
#5648=CARTESIAN_POINT('',(3.27,-0.75,8.9));
#5649=CARTESIAN_POINT('Origin',(3.27,-0.75,8.9));
#5650=CARTESIAN_POINT('',(3.27,-0.75,8.9));
#5651=CARTESIAN_POINT('Origin',(-1.08,1.1,8.2));
#5652=CARTESIAN_POINT('',(3.62,1.1,8.2));
#5653=CARTESIAN_POINT('',(-1.08,1.1,8.2));
#5654=CARTESIAN_POINT('',(3.62,1.1,7.7));
#5655=CARTESIAN_POINT('',(3.62,1.1,8.2));
#5656=CARTESIAN_POINT('',(-1.08,1.1,7.7));
#5657=CARTESIAN_POINT('Origin',(1.27,0.,8.2));
#5658=CARTESIAN_POINT('',(3.77,1.25,8.2));
#5659=CARTESIAN_POINT('',(3.77,-1.25,8.2));
#5660=CARTESIAN_POINT('',(3.77,1.25,8.2));
#5661=CARTESIAN_POINT('',(3.77,-1.25,8.2));
#5662=CARTESIAN_POINT('',(3.62,-1.1,8.2));
#5663=CARTESIAN_POINT('',(3.62,-1.1,8.2));
#5664=CARTESIAN_POINT('',(3.62,1.1,8.2));
#5665=CARTESIAN_POINT('',(-1.23,1.25,8.2));
#5666=CARTESIAN_POINT('Origin',(-1.23,1.25,2.9));
#5667=CARTESIAN_POINT('',(3.77,1.25,8.9));
#5668=CARTESIAN_POINT('',(-1.23,1.25,8.9));
#5669=CARTESIAN_POINT('',(3.77,1.25,2.9));
#5670=CARTESIAN_POINT('Origin',(1.27,0.,8.9));
#5671=CARTESIAN_POINT('',(3.77,-1.25,8.9));
#5672=CARTESIAN_POINT('',(3.77,-1.25,8.9));
#5673=CARTESIAN_POINT('',(3.77,1.25,8.9));
#5674=CARTESIAN_POINT('Origin',(1.27,0.,7.7));
#5675=CARTESIAN_POINT('',(3.77,1.25,7.7));
#5676=CARTESIAN_POINT('',(3.77,-1.25,7.7));
#5677=CARTESIAN_POINT('',(3.77,1.25,7.7));
#5678=CARTESIAN_POINT('',(-1.23,1.25,7.7));
#5679=CARTESIAN_POINT('',(3.62,-1.1,7.7));
#5680=CARTESIAN_POINT('',(3.62,1.1,7.7));
#5681=CARTESIAN_POINT('',(3.62,-1.1,7.7));
#5682=CARTESIAN_POINT('',(3.77,-1.25,7.7));
#5683=CARTESIAN_POINT('Origin',(-1.23,1.25,2.9));
#5684=CARTESIAN_POINT('',(-1.23,1.25,7.7));
#5685=CARTESIAN_POINT('',(-1.23,1.25,2.9));
#5686=CARTESIAN_POINT('',(-1.23,1.25,7.7));
#5687=CARTESIAN_POINT('',(3.77,1.25,2.9));
#5688=CARTESIAN_POINT('Origin',(1.27,0.,7.7));
#5689=CARTESIAN_POINT('',(-1.08,-1.1,7.7));
#5690=CARTESIAN_POINT('',(3.62,-1.1,7.7));
#5691=CARTESIAN_POINT('',(-1.08,1.1,7.7));
#5692=CARTESIAN_POINT('',(-1.08,-1.1,7.7));
#5693=CARTESIAN_POINT('',(-1.08,1.1,7.7));
#5694=CARTESIAN_POINT('',(-1.23,-1.25,7.7));
#5695=CARTESIAN_POINT('',(-1.23,-1.25,7.7));
#5696=CARTESIAN_POINT('',(3.77,-1.25,7.7));
#5697=CARTESIAN_POINT('Origin',(-0.73,0.75,8.9));
#5698=CARTESIAN_POINT('',(-0.73,0.75,8.9));
#5699=CARTESIAN_POINT('',(-0.73,0.75,8.9));
#5700=CARTESIAN_POINT('',(-0.73,0.75,8.9));
#5701=CARTESIAN_POINT('Origin',(1.27,0.,8.9));
#5702=CARTESIAN_POINT('',(-1.23,-1.25,8.9));
#5703=CARTESIAN_POINT('',(-1.23,1.25,8.9));
#5704=CARTESIAN_POINT('',(-1.23,-1.25,8.9));
#5705=CARTESIAN_POINT('',(3.77,-1.25,8.9));
#5706=CARTESIAN_POINT('',(-0.73,-0.75,8.9));
#5707=CARTESIAN_POINT('',(3.27,-0.75,8.9));
#5708=CARTESIAN_POINT('',(-0.73,-0.75,8.9));
#5709=CARTESIAN_POINT('',(-1.23,1.25,8.9));
#5710=CARTESIAN_POINT('Origin',(-1.23,1.25,2.9));
#5711=CARTESIAN_POINT('',(-1.23,1.25,8.2));
#5712=CARTESIAN_POINT('',(-1.23,1.25,8.2));
#5713=CARTESIAN_POINT('',(-1.23,1.25,2.9));
#5714=CARTESIAN_POINT('Origin',(1.27,0.,8.2));
#5715=CARTESIAN_POINT('',(-1.23,-1.25,8.2));
#5716=CARTESIAN_POINT('',(3.77,-1.25,8.2));
#5717=CARTESIAN_POINT('',(-1.23,-1.25,8.2));
#5718=CARTESIAN_POINT('',(-1.08,1.1,8.2));
#5719=CARTESIAN_POINT('',(-1.08,1.1,8.2));
#5720=CARTESIAN_POINT('',(-1.08,-1.1,8.2));
#5721=CARTESIAN_POINT('',(-1.08,-1.1,8.2));
#5722=CARTESIAN_POINT('',(3.62,-1.1,8.2));
#5723=CARTESIAN_POINT('Origin',(-1.08,1.1,8.2));
#5724=CARTESIAN_POINT('',(-1.08,1.1,8.2));
#5725=CARTESIAN_POINT('Origin',(3.27,-0.75,8.9));
#5726=CARTESIAN_POINT('',(-0.73,-0.75,8.9));
#5727=CARTESIAN_POINT('Origin',(-0.73,-0.75,8.9));
#5728=CARTESIAN_POINT('Origin',(3.62,-1.1,8.2));
#5729=CARTESIAN_POINT('',(-1.08,-1.1,8.2));
#5730=CARTESIAN_POINT('Origin',(3.77,-1.25,2.9));
#5731=CARTESIAN_POINT('',(-1.23,-1.25,2.9));
#5732=CARTESIAN_POINT('Origin',(3.77,-1.25,2.9));
#5733=CARTESIAN_POINT('',(3.77,-1.25,2.9));
#5734=CARTESIAN_POINT('',(-1.23,-1.25,2.9));
#5735=CARTESIAN_POINT('Origin',(3.77,-1.25,2.9));
#5736=CARTESIAN_POINT('',(3.77,-1.25,2.9));
#5737=CARTESIAN_POINT('Origin',(3.62,-1.1,8.2));
#5738=CARTESIAN_POINT('',(3.62,-1.1,8.2));
#5739=CARTESIAN_POINT('Origin',(3.77,1.25,2.9));
#5740=CARTESIAN_POINT('Origin',(-1.23,-1.25,2.9));
#5741=CARTESIAN_POINT('Origin',(3.62,1.1,8.2));
#5742=CARTESIAN_POINT('Origin',(3.77,1.25,2.9));
#5743=CARTESIAN_POINT('Origin',(-1.08,-1.1,8.2));
#5744=CARTESIAN_POINT('Origin',(-1.23,-1.25,2.9));
#5745=CARTESIAN_POINT('',(0.,0.,0.));
#5746=CARTESIAN_POINT('Origin',(1.27,0.8,2.9));
#5747=CARTESIAN_POINT('',(1.27,0.8,2.9));
#5748=CARTESIAN_POINT('',(1.27,0.6,2.9));
#5749=CARTESIAN_POINT('',(1.27,0.8,2.9));
#5750=CARTESIAN_POINT('',(3.22,0.8,2.9));
#5751=CARTESIAN_POINT('',(1.27,0.8,2.9));
#5752=CARTESIAN_POINT('',(3.22,0.6,2.9));
#5753=CARTESIAN_POINT('',(3.22,0.8,2.9));
#5754=CARTESIAN_POINT('',(3.02,0.6,2.9));
#5755=CARTESIAN_POINT('',(1.27,0.6,2.9));
#5756=CARTESIAN_POINT('',(1.27,0.6,2.9));
#5757=CARTESIAN_POINT('Origin',(1.27,0.8,2.9));
#5758=CARTESIAN_POINT('',(-0.48,0.6,2.9));
#5759=CARTESIAN_POINT('',(1.27,0.6,2.9));
#5760=CARTESIAN_POINT('',(-0.68,0.6,2.9));
#5761=CARTESIAN_POINT('',(1.27,0.6,2.9));
#5762=CARTESIAN_POINT('',(-0.68,0.8,2.9));
#5763=CARTESIAN_POINT('',(-0.68,0.8,2.9));
#5764=CARTESIAN_POINT('',(1.27,0.8,2.9));
#5765=CARTESIAN_POINT('Origin',(3.22,0.8,2.9));
#5766=CARTESIAN_POINT('',(3.22,0.8,4.85));
#5767=CARTESIAN_POINT('',(3.22,0.8,2.9));
#5768=CARTESIAN_POINT('',(3.22,0.6,4.85));
#5769=CARTESIAN_POINT('',(3.22,0.8,4.85));
#5770=CARTESIAN_POINT('',(3.22,0.6,2.9));
#5771=CARTESIAN_POINT('Origin',(1.27,0.8,5.625085806686));
#5772=CARTESIAN_POINT('',(-0.68,0.8,4.85));
#5773=CARTESIAN_POINT('',(-0.68,0.8,2.9));
#5774=CARTESIAN_POINT('',(-0.38,0.8,4.85));
#5775=CARTESIAN_POINT('',(-0.68,0.8,4.85));
#5776=CARTESIAN_POINT('',(-0.38,0.8,6.887867965644));
#5777=CARTESIAN_POINT('',(-0.38,0.8,4.85));
#5778=CARTESIAN_POINT('',(-0.68,0.8,6.887867965644));
#5779=CARTESIAN_POINT('',(-0.38,0.8,6.887867965644));
#5780=CARTESIAN_POINT('',(-0.68,0.8,7.887867965644));
#5781=CARTESIAN_POINT('',(-0.68,0.8,6.887867965644));
#5782=CARTESIAN_POINT('',(-0.467867965644,0.8,8.1));
#5783=CARTESIAN_POINT('',(-0.68,0.8,7.887867965644));
#5784=CARTESIAN_POINT('',(-0.467867965644,0.8,8.4));
#5785=CARTESIAN_POINT('',(-0.467867965644,0.8,8.1));
#5786=CARTESIAN_POINT('',(1.27,0.8,8.4));
#5787=CARTESIAN_POINT('',(-0.467867965644,0.8,8.4));
#5788=CARTESIAN_POINT('',(3.007867965644,0.8,8.4));
#5789=CARTESIAN_POINT('',(3.007867965644,0.8,8.4));
#5790=CARTESIAN_POINT('',(3.007867965644,0.8,8.1));
#5791=CARTESIAN_POINT('',(3.007867965644,0.8,8.1));
#5792=CARTESIAN_POINT('',(3.22,0.8,7.887867965644));
#5793=CARTESIAN_POINT('',(3.22,0.8,7.887867965644));
#5794=CARTESIAN_POINT('',(3.22,0.8,6.887867965644));
#5795=CARTESIAN_POINT('',(3.22,0.8,6.887867965644));
#5796=CARTESIAN_POINT('',(2.92,0.8,6.887867965644));
#5797=CARTESIAN_POINT('',(2.92,0.8,6.887867965644));
#5798=CARTESIAN_POINT('',(2.92,0.8,4.85));
#5799=CARTESIAN_POINT('',(2.92,0.8,4.85));
#5800=CARTESIAN_POINT('',(3.22,0.8,4.85));
#5801=CARTESIAN_POINT('',(1.27,0.8,7.75));
#5802=CARTESIAN_POINT('',(0.37,0.8,7.75));
#5803=CARTESIAN_POINT('',(1.27,0.8,7.75));
#5804=CARTESIAN_POINT('',(0.37,0.8,4.9));
#5805=CARTESIAN_POINT('',(0.37,0.8,7.75));
#5806=CARTESIAN_POINT('',(0.67,0.8,4.9));
#5807=CARTESIAN_POINT('',(0.37,0.8,4.9));
#5808=CARTESIAN_POINT('',(0.67,0.8,3.9));
#5809=CARTESIAN_POINT('',(0.67,0.8,4.9));
#5810=CARTESIAN_POINT('',(1.27,0.8,3.9));
#5811=CARTESIAN_POINT('',(0.67,0.8,3.9));
#5812=CARTESIAN_POINT('',(1.87,0.8,3.9));
#5813=CARTESIAN_POINT('',(1.87,0.8,3.9));
#5814=CARTESIAN_POINT('',(1.87,0.8,4.9));
#5815=CARTESIAN_POINT('',(1.87,0.8,4.9));
#5816=CARTESIAN_POINT('',(2.17,0.8,4.9));
#5817=CARTESIAN_POINT('',(2.17,0.8,4.9));
#5818=CARTESIAN_POINT('',(2.17,0.8,7.75));
#5819=CARTESIAN_POINT('',(2.17,0.8,7.75));
#5820=CARTESIAN_POINT('',(1.27,0.8,7.75));
#5821=CARTESIAN_POINT('Origin',(1.27,0.6,5.625085806686));
#5822=CARTESIAN_POINT('',(3.02,0.6,4.85));
#5823=CARTESIAN_POINT('',(3.02,0.6,2.9));
#5824=CARTESIAN_POINT('',(2.92,0.6,4.85));
#5825=CARTESIAN_POINT('',(3.22,0.6,4.85));
#5826=CARTESIAN_POINT('',(2.92,0.6,6.043005230276));
#5827=CARTESIAN_POINT('',(2.92,0.6,4.85));
#5828=CARTESIAN_POINT('',(2.851146879395,0.6,6.83));
#5829=CARTESIAN_POINT('',(3.02,0.6,4.9));
#5830=CARTESIAN_POINT('',(2.92,0.6,6.836023867501));
#5831=CARTESIAN_POINT('',(2.851146879395,0.6,6.83));
#5832=CARTESIAN_POINT('',(2.92,0.6,6.887867965644));
#5833=CARTESIAN_POINT('',(2.92,0.6,4.85));
#5834=CARTESIAN_POINT('',(3.22,0.6,6.887867965644));
#5835=CARTESIAN_POINT('',(2.92,0.6,6.887867965644));
#5836=CARTESIAN_POINT('',(3.22,0.6,7.887867965644));
#5837=CARTESIAN_POINT('',(3.22,0.6,6.887867965644));
#5838=CARTESIAN_POINT('',(3.007867965644,0.6,8.1));
#5839=CARTESIAN_POINT('',(3.22,0.6,7.887867965644));
#5840=CARTESIAN_POINT('',(3.007867965644,0.6,8.4));
#5841=CARTESIAN_POINT('',(3.007867965644,0.6,8.1));
#5842=CARTESIAN_POINT('',(1.27,0.6,8.4));
#5843=CARTESIAN_POINT('',(3.007867965644,0.6,8.4));
#5844=CARTESIAN_POINT('',(-0.467867965644,0.6,8.4));
#5845=CARTESIAN_POINT('',(-0.467867965644,0.6,8.4));
#5846=CARTESIAN_POINT('',(-0.467867965644,0.6,8.1));
#5847=CARTESIAN_POINT('',(-0.467867965644,0.6,8.1));
#5848=CARTESIAN_POINT('',(-0.68,0.6,7.887867965644));
#5849=CARTESIAN_POINT('',(-0.68,0.6,7.887867965644));
#5850=CARTESIAN_POINT('',(-0.68,0.6,6.887867965644));
#5851=CARTESIAN_POINT('',(-0.68,0.6,6.887867965644));
#5852=CARTESIAN_POINT('',(-0.38,0.6,6.887867965644));
#5853=CARTESIAN_POINT('',(-0.38,0.6,6.887867965644));
#5854=CARTESIAN_POINT('',(-0.38,0.6,6.836023867501));
#5855=CARTESIAN_POINT('',(-0.38,0.6,4.85));
#5856=CARTESIAN_POINT('',(-0.311146879395,0.6,6.83));
#5857=CARTESIAN_POINT('',(-0.311146879395,0.6,6.83));
#5858=CARTESIAN_POINT('',(-0.38,0.6,6.043005230276));
#5859=CARTESIAN_POINT('',(-0.48,0.6,4.9));
#5860=CARTESIAN_POINT('',(-0.38,0.6,4.85));
#5861=CARTESIAN_POINT('',(-0.38,0.6,4.85));
#5862=CARTESIAN_POINT('',(-0.48,0.6,4.85));
#5863=CARTESIAN_POINT('',(-0.68,0.6,4.85));
#5864=CARTESIAN_POINT('',(-0.48,0.6,2.9));
#5865=CARTESIAN_POINT('',(1.27,0.6,7.75));
#5866=CARTESIAN_POINT('',(2.17,0.6,7.75));
#5867=CARTESIAN_POINT('',(1.27,0.6,7.75));
#5868=CARTESIAN_POINT('',(2.17,0.6,6.836023867501));
#5869=CARTESIAN_POINT('',(2.17,0.6,7.75));
#5870=CARTESIAN_POINT('',(2.238853120605,0.6,6.83));
#5871=CARTESIAN_POINT('',(2.238853120605,0.6,6.83));
#5872=CARTESIAN_POINT('',(2.17,0.6,6.043005230276));
#5873=CARTESIAN_POINT('',(2.07,0.6,4.9));
#5874=CARTESIAN_POINT('',(2.17,0.6,4.9));
#5875=CARTESIAN_POINT('',(2.17,0.6,7.75));
#5876=CARTESIAN_POINT('',(2.07,0.6,4.9));
#5877=CARTESIAN_POINT('',(2.17,0.6,4.9));
#5878=CARTESIAN_POINT('',(2.07,0.6,3.9));
#5879=CARTESIAN_POINT('',(2.07,0.6,3.9));
#5880=CARTESIAN_POINT('',(1.87,0.6,3.9));
#5881=CARTESIAN_POINT('',(1.87,0.6,3.9));
#5882=CARTESIAN_POINT('',(1.27,0.6,3.9));
#5883=CARTESIAN_POINT('',(1.87,0.6,3.9));
#5884=CARTESIAN_POINT('',(0.67,0.6,3.9));
#5885=CARTESIAN_POINT('',(0.67,0.6,3.9));
#5886=CARTESIAN_POINT('',(0.47,0.6,3.9));
#5887=CARTESIAN_POINT('',(0.67,0.6,3.9));
#5888=CARTESIAN_POINT('',(0.47,0.6,4.9));
#5889=CARTESIAN_POINT('',(0.47,0.6,3.9));
#5890=CARTESIAN_POINT('',(0.37,0.6,4.9));
#5891=CARTESIAN_POINT('',(0.37,0.6,4.9));
#5892=CARTESIAN_POINT('',(0.37,0.6,6.043005230276));
#5893=CARTESIAN_POINT('',(0.37,0.6,7.75));
#5894=CARTESIAN_POINT('',(0.301146879395,0.6,6.83));
#5895=CARTESIAN_POINT('',(0.47,0.6,4.9));
#5896=CARTESIAN_POINT('',(0.37,0.6,6.836023867501));
#5897=CARTESIAN_POINT('',(0.301146879395,0.6,6.83));
#5898=CARTESIAN_POINT('',(0.37,0.6,7.75));
#5899=CARTESIAN_POINT('',(0.37,0.6,7.75));
#5900=CARTESIAN_POINT('',(1.27,0.6,7.75));
#5901=CARTESIAN_POINT('Origin',(3.22,0.6,2.9));
#5902=CARTESIAN_POINT('',(3.22,-0.4,2.9));
#5903=CARTESIAN_POINT('',(3.22,0.6,2.9));
#5904=CARTESIAN_POINT('',(3.02,-0.4,2.9));
#5905=CARTESIAN_POINT('',(3.22,-0.4,2.9));
#5906=CARTESIAN_POINT('',(3.02,0.6,2.9));
#5907=CARTESIAN_POINT('Origin',(-0.68,0.8,2.9));
#5908=CARTESIAN_POINT('',(-0.68,0.6,4.85));
#5909=CARTESIAN_POINT('',(-0.68,0.6,2.9));
#5910=CARTESIAN_POINT('',(-0.68,0.8,4.85));
#5911=CARTESIAN_POINT('Origin',(-0.68,0.6,2.9));
#5912=CARTESIAN_POINT('',(-0.68,-0.4,2.9));
#5913=CARTESIAN_POINT('',(-0.68,0.6,2.9));
#5914=CARTESIAN_POINT('',(-0.48,-0.4,2.9));
#5915=CARTESIAN_POINT('',(-0.48,0.6,2.9));
#5916=CARTESIAN_POINT('',(-0.68,-0.4,2.9));
#5917=CARTESIAN_POINT('Origin',(3.22,0.8,4.85));
#5918=CARTESIAN_POINT('',(2.92,0.8,4.85));
#5919=CARTESIAN_POINT('',(3.22,0.6,4.85));
#5920=CARTESIAN_POINT('Origin',(3.22,0.6,4.9));
#5921=CARTESIAN_POINT('',(3.22,0.6,4.9));
#5922=CARTESIAN_POINT('',(3.22,-0.4,4.9));
#5923=CARTESIAN_POINT('',(3.22,0.6,4.9));
#5924=CARTESIAN_POINT('',(3.22,-0.4,4.9));
#5925=CARTESIAN_POINT('',(3.22,0.6,4.9));
#5926=CARTESIAN_POINT('Origin',(-0.68,0.8,4.85));
#5927=CARTESIAN_POINT('',(-0.68,0.6,4.85));
#5928=CARTESIAN_POINT('',(-0.38,0.8,4.85));
#5929=CARTESIAN_POINT('Origin',(-0.38,0.8,4.85));
#5930=CARTESIAN_POINT('',(-0.38,0.6,4.85));
#5931=CARTESIAN_POINT('',(-0.38,0.8,6.887867965644));
#5932=CARTESIAN_POINT('Origin',(-0.38,0.8,6.887867965644));
#5933=CARTESIAN_POINT('',(-0.68,0.8,6.887867965644));
#5934=CARTESIAN_POINT('Origin',(-0.68,0.8,6.887867965644));
#5935=CARTESIAN_POINT('',(-0.68,0.8,7.887867965644));
#5936=CARTESIAN_POINT('Origin',(-0.68,0.8,7.887867965644));
#5937=CARTESIAN_POINT('',(-0.467867965644,0.8,8.1));
#5938=CARTESIAN_POINT('Origin',(-0.467867965644,0.8,8.1));
#5939=CARTESIAN_POINT('',(-0.467867965644,0.8,8.4));
#5940=CARTESIAN_POINT('Origin',(-0.467867965644,0.8,8.4));
#5941=CARTESIAN_POINT('',(1.27,0.8,8.4));
#5942=CARTESIAN_POINT('Origin',(3.007867965644,0.8,8.4));
#5943=CARTESIAN_POINT('',(3.007867965644,0.8,8.4));
#5944=CARTESIAN_POINT('Origin',(3.007867965644,0.8,8.1));
#5945=CARTESIAN_POINT('',(3.007867965644,0.8,8.1));
#5946=CARTESIAN_POINT('Origin',(3.22,0.8,7.887867965644));
#5947=CARTESIAN_POINT('',(3.22,0.8,7.887867965644));
#5948=CARTESIAN_POINT('Origin',(3.22,0.8,6.887867965644));
#5949=CARTESIAN_POINT('',(3.22,0.8,6.887867965644));
#5950=CARTESIAN_POINT('Origin',(2.92,0.8,6.887867965644));
#5951=CARTESIAN_POINT('',(2.92,0.8,6.887867965644));
#5952=CARTESIAN_POINT('Origin',(2.92,0.8,4.85));
#5953=CARTESIAN_POINT('',(2.92,0.6,4.85));
#5954=CARTESIAN_POINT('Origin',(1.27,0.8,7.75));
#5955=CARTESIAN_POINT('',(1.27,0.8,7.75));
#5956=CARTESIAN_POINT('',(0.37,0.8,7.75));
#5957=CARTESIAN_POINT('Origin',(0.37,0.8,7.75));
#5958=CARTESIAN_POINT('',(0.37,0.6,7.75));
#5959=CARTESIAN_POINT('',(0.37,0.8,4.9));
#5960=CARTESIAN_POINT('Origin',(0.37,0.8,4.9));
#5961=CARTESIAN_POINT('',(0.67,0.6,4.9));
#5962=CARTESIAN_POINT('',(0.37,0.6,4.9));
#5963=CARTESIAN_POINT('',(0.67,0.8,4.9));
#5964=CARTESIAN_POINT('Origin',(0.67,0.8,4.9));
#5965=CARTESIAN_POINT('',(0.67,0.6,4.9));
#5966=CARTESIAN_POINT('',(0.67,0.8,3.9));
#5967=CARTESIAN_POINT('Origin',(0.67,0.8,3.9));
#5968=CARTESIAN_POINT('',(1.27,0.8,3.9));
#5969=CARTESIAN_POINT('Origin',(1.87,0.8,3.9));
#5970=CARTESIAN_POINT('',(1.87,0.8,3.9));
#5971=CARTESIAN_POINT('Origin',(1.87,0.8,4.9));
#5972=CARTESIAN_POINT('',(1.87,0.6,4.9));
#5973=CARTESIAN_POINT('',(1.87,0.8,4.9));
#5974=CARTESIAN_POINT('',(1.87,0.6,4.9));
#5975=CARTESIAN_POINT('Origin',(2.17,0.8,4.9));
#5976=CARTESIAN_POINT('',(2.17,0.8,4.9));
#5977=CARTESIAN_POINT('',(2.17,0.6,4.9));
#5978=CARTESIAN_POINT('Origin',(2.17,0.8,7.75));
#5979=CARTESIAN_POINT('',(2.17,0.8,7.75));
#5980=CARTESIAN_POINT('',(2.17,0.6,7.75));
#5981=CARTESIAN_POINT('Origin',(1.27,0.8,7.75));
#5982=CARTESIAN_POINT('Origin',(3.02,0.6,2.9));
#5983=CARTESIAN_POINT('',(3.02,-0.4,4.9));
#5984=CARTESIAN_POINT('',(3.02,-0.4,2.9));
#5985=CARTESIAN_POINT('',(3.02,0.6,4.9));
#5986=CARTESIAN_POINT('',(3.02,0.6,4.9));
#5987=CARTESIAN_POINT('',(3.02,0.6,2.9));
#5988=CARTESIAN_POINT('Origin',(3.02,0.6,4.9));
#5989=CARTESIAN_POINT('',(2.851146879395,-0.4,6.83));
#5990=CARTESIAN_POINT('',(3.02,-0.4,4.9));
#5991=CARTESIAN_POINT('',(2.851146879395,0.6,6.83));
#5992=CARTESIAN_POINT('',(3.02,0.6,4.9));
#5993=CARTESIAN_POINT('Origin',(2.851146879395,0.6,6.83));
#5994=CARTESIAN_POINT('',(3.050385819013,-0.4,6.84743114855));
#5995=CARTESIAN_POINT('',(2.851146879395,-0.4,6.83));
#5996=CARTESIAN_POINT('',(3.050385819013,0.6,6.84743114855));
#5997=CARTESIAN_POINT('',(3.050385819013,0.6,6.84743114855));
#5998=CARTESIAN_POINT('',(2.851146879395,0.6,6.83));
#5999=CARTESIAN_POINT('Origin',(-0.311146879395,0.6,6.83));
#6000=CARTESIAN_POINT('',(-0.311146879395,-0.4,6.83));
#6001=CARTESIAN_POINT('',(-0.311146879395,0.6,6.83));
#6002=CARTESIAN_POINT('',(-0.510385819013,0.6,6.84743114855));
#6003=CARTESIAN_POINT('',(-0.311146879395,0.6,6.83));
#6004=CARTESIAN_POINT('',(-0.510385819013,-0.4,6.84743114855));
#6005=CARTESIAN_POINT('',(-0.510385819013,0.6,6.84743114855));
#6006=CARTESIAN_POINT('',(-0.311146879395,-0.4,6.83));
#6007=CARTESIAN_POINT('Origin',(-0.48,0.6,4.9));
#6008=CARTESIAN_POINT('',(-0.48,0.6,4.9));
#6009=CARTESIAN_POINT('',(-0.48,-0.4,4.9));
#6010=CARTESIAN_POINT('',(-0.48,0.6,4.9));
#6011=CARTESIAN_POINT('',(-0.48,0.6,4.9));
#6012=CARTESIAN_POINT('',(-0.48,-0.4,4.9));
#6013=CARTESIAN_POINT('Origin',(-0.48,0.6,2.9));
#6014=CARTESIAN_POINT('',(-0.48,0.6,2.9));
#6015=CARTESIAN_POINT('',(-0.48,-0.4,2.9));
#6016=CARTESIAN_POINT('Origin',(2.238853120605,0.6,6.83));
#6017=CARTESIAN_POINT('',(2.238853120605,-0.4,6.83));
#6018=CARTESIAN_POINT('',(2.238853120605,0.6,6.83));
#6019=CARTESIAN_POINT('',(2.039614180987,0.6,6.84743114855));
#6020=CARTESIAN_POINT('',(2.238853120605,0.6,6.83));
#6021=CARTESIAN_POINT('',(2.039614180987,-0.4,6.84743114855));
#6022=CARTESIAN_POINT('',(2.039614180987,0.6,6.84743114855));
#6023=CARTESIAN_POINT('',(2.238853120605,-0.4,6.83));
#6024=CARTESIAN_POINT('Origin',(2.07,0.6,4.9));
#6025=CARTESIAN_POINT('',(2.07,-0.4,4.9));
#6026=CARTESIAN_POINT('',(2.07,0.6,4.9));
#6027=CARTESIAN_POINT('',(2.07,0.6,4.9));
#6028=CARTESIAN_POINT('',(2.07,-0.4,4.9));
#6029=CARTESIAN_POINT('Origin',(2.07,0.6,3.9));
#6030=CARTESIAN_POINT('',(2.07,-0.4,3.9));
#6031=CARTESIAN_POINT('',(2.07,0.6,3.9));
#6032=CARTESIAN_POINT('',(2.07,-0.4,3.9));
#6033=CARTESIAN_POINT('Origin',(1.87,0.6,3.9));
#6034=CARTESIAN_POINT('',(1.87,-0.4,3.9));
#6035=CARTESIAN_POINT('',(1.87,0.6,3.9));
#6036=CARTESIAN_POINT('',(1.87,-0.4,3.9));
#6037=CARTESIAN_POINT('Origin',(0.67,0.6,3.9));
#6038=CARTESIAN_POINT('',(0.67,-0.4,3.9));
#6039=CARTESIAN_POINT('',(0.67,0.6,3.9));
#6040=CARTESIAN_POINT('',(0.47,-0.4,3.9));
#6041=CARTESIAN_POINT('',(0.67,-0.4,3.9));
#6042=CARTESIAN_POINT('',(0.47,0.6,3.9));
#6043=CARTESIAN_POINT('Origin',(0.47,0.6,3.9));
#6044=CARTESIAN_POINT('',(0.47,-0.4,4.9));
#6045=CARTESIAN_POINT('',(0.47,-0.4,3.9));
#6046=CARTESIAN_POINT('',(0.47,0.6,4.9));
#6047=CARTESIAN_POINT('Origin',(0.47,0.6,4.9));
#6048=CARTESIAN_POINT('',(0.301146879395,-0.4,6.83));
#6049=CARTESIAN_POINT('',(0.47,-0.4,4.9));
#6050=CARTESIAN_POINT('',(0.301146879395,0.6,6.83));
#6051=CARTESIAN_POINT('',(0.47,0.6,4.9));
#6052=CARTESIAN_POINT('Origin',(0.301146879395,0.6,6.83));
#6053=CARTESIAN_POINT('',(0.500385819013,-0.4,6.84743114855));
#6054=CARTESIAN_POINT('',(0.301146879395,-0.4,6.83));
#6055=CARTESIAN_POINT('',(0.500385819013,0.6,6.84743114855));
#6056=CARTESIAN_POINT('',(0.500385819013,0.6,6.84743114855));
#6057=CARTESIAN_POINT('',(0.301146879395,0.6,6.83));
#6058=CARTESIAN_POINT('Origin',(3.076410658829,-0.4,4.871145096425));
#6059=CARTESIAN_POINT('',(3.22,-0.4,4.9));
#6060=CARTESIAN_POINT('Origin',(-0.68,0.6,4.9));
#6061=CARTESIAN_POINT('',(-0.68,0.6,4.9));
#6062=CARTESIAN_POINT('',(-0.68,-0.4,4.9));
#6063=CARTESIAN_POINT('',(-0.68,0.6,4.9));
#6064=CARTESIAN_POINT('',(-0.68,0.6,4.9));
#6065=CARTESIAN_POINT('',(-0.68,-0.4,4.9));
#6066=CARTESIAN_POINT('Origin',(-0.536410658829,-0.4,4.871145096425));
#6067=CARTESIAN_POINT('',(-0.68,-0.4,4.9));
#6068=CARTESIAN_POINT('Origin',(3.076410658829,0.6,4.871145096425));
#6069=CARTESIAN_POINT('',(3.22,0.6,4.9));
#6070=CARTESIAN_POINT('Origin',(3.22,0.6,4.9));
#6071=CARTESIAN_POINT('Origin',(-0.536410658829,0.6,4.871145096425));
#6072=CARTESIAN_POINT('',(-0.68,0.6,4.9));
#6073=CARTESIAN_POINT('Origin',(0.51255556575,0.6,5.370541530658));
#6074=CARTESIAN_POINT('',(0.500385819013,0.6,6.84743114855));
#6075=CARTESIAN_POINT('Origin',(0.67,0.6,4.9));
#6076=CARTESIAN_POINT('',(0.67,-0.4,4.9));
#6077=CARTESIAN_POINT('',(0.67,0.6,4.9));
#6078=CARTESIAN_POINT('',(0.67,-0.4,4.9));
#6079=CARTESIAN_POINT('Origin',(1.87,0.6,4.9));
#6080=CARTESIAN_POINT('',(1.87,-0.4,4.9));
#6081=CARTESIAN_POINT('',(1.87,0.6,4.9));
#6082=CARTESIAN_POINT('',(1.87,-0.4,4.9));
#6083=CARTESIAN_POINT('Origin',(2.02744443425,0.6,5.370541530658));
#6084=CARTESIAN_POINT('',(2.039614180987,0.6,6.84743114855));
#6085=CARTESIAN_POINT('Origin',(-0.68,0.6,4.9));
#6086=CARTESIAN_POINT('Origin',(2.039614180987,0.6,6.84743114855));
#6087=CARTESIAN_POINT('',(2.039614180987,-0.4,6.84743114855));
#6088=CARTESIAN_POINT('Origin',(2.02744443425,-0.4,5.370541530658));
#6089=CARTESIAN_POINT('Origin',(0.51255556575,-0.4,5.370541530658));
#6090=CARTESIAN_POINT('',(0.500385819013,-0.4,6.84743114855));
#6091=CARTESIAN_POINT('Origin',(0.500385819013,0.6,6.84743114855));
#6092=CARTESIAN_POINT('',(0.,0.,0.));
#6093=CARTESIAN_POINT('Origin',(-1.270000000002,1.25,0.6));
#6094=CARTESIAN_POINT('',(-1.270000000002,0.95,0.6));
#6095=CARTESIAN_POINT('',(-1.270000000002,-0.95,0.6));
#6096=CARTESIAN_POINT('',(-1.270000000002,1.25,0.6));
#6097=CARTESIAN_POINT('',(-1.270000000002,-0.95,2.5));
#6098=CARTESIAN_POINT('',(-1.270000000002,-0.95,0.6));
#6099=CARTESIAN_POINT('',(-1.270000000002,0.95,2.5));
#6100=CARTESIAN_POINT('',(-1.270000000002,1.25,2.5));
#6101=CARTESIAN_POINT('',(-1.270000000002,0.95,0.6));
#6102=CARTESIAN_POINT('Origin',(-0.766540221296,1.25,2.775557561563E-16));
#6103=CARTESIAN_POINT('',(-0.970000000002,1.25,0.242473922221));
#6104=CARTESIAN_POINT('',(-1.004157184727,1.215842815275,0.283180869831));
#6105=CARTESIAN_POINT('',(-0.766540221296,1.25,2.775557561563E-16));
#6106=CARTESIAN_POINT('',(-0.766540221296,1.25,2.22044604925E-16));
#6107=CARTESIAN_POINT('',(-0.766540221296,0.8,1.7763568394E-16));
#6108=CARTESIAN_POINT('',(-0.766540221296,1.25,2.775557561563E-16));
#6109=CARTESIAN_POINT('',(-1.018270110649,0.8,0.3));
#6110=CARTESIAN_POINT('',(-0.608182244106,0.8,-0.188723688232));
#6111=CARTESIAN_POINT('',(-1.018270110649,-0.8,0.3));
#6112=CARTESIAN_POINT('',(-1.018270110649,0.625,0.3));
#6113=CARTESIAN_POINT('',(-0.766540221296,-0.8,-1.7763568394E-16));
#6114=CARTESIAN_POINT('',(-0.870548947696,-0.8,0.123952773349));
#6115=CARTESIAN_POINT('',(-0.766540221296,-1.25,-2.775557561563E-16));
#6116=CARTESIAN_POINT('',(-0.766540221296,1.25,2.775557561563E-16));
#6117=CARTESIAN_POINT('',(-0.970000000002,-1.25,0.242473922221));
#6118=CARTESIAN_POINT('',(-0.766540221296,-1.25,-2.22044604925E-16));
#6119=CARTESIAN_POINT('',(-1.369624700042,-0.850375299959,0.718728094185));
#6120=CARTESIAN_POINT('Origin',(-1.120000000002,1.1,0.6));
#6121=CARTESIAN_POINT('',(-0.970000000002,1.25,2.8));
#6122=CARTESIAN_POINT('',(-1.436666666668,0.783333333333,2.333333333333));
#6123=CARTESIAN_POINT('',(-0.970000000002,1.25,0.6));
#6124=CARTESIAN_POINT('Origin',(-1.120000000002,-1.1,0.6));
#6125=CARTESIAN_POINT('',(-0.970000000002,-1.25,2.8));
#6126=CARTESIAN_POINT('',(-0.970000000002,-1.25,0.6));
#6127=CARTESIAN_POINT('',(-1.853333333335,-0.366666666667,1.916666666667));
#6128=CARTESIAN_POINT('Origin',(-1.120000000002,1.25,2.65));
#6129=CARTESIAN_POINT('',(-0.970000000002,1.25,2.8));
#6130=CARTESIAN_POINT('Origin',(-1.408556380795E-12,-1.25,1.500258262026));
#6131=CARTESIAN_POINT('',(0.969999999998,-1.25,2.8));
#6132=CARTESIAN_POINT('',(-1.270000000002,-1.25,2.8));
#6133=CARTESIAN_POINT('',(0.,-1.25,-2.775557561563E-16));
#6134=CARTESIAN_POINT('',(-0.766540221296,-1.25,-2.22044604925E-16));
#6135=CARTESIAN_POINT('',(0.766540221296,-1.25,-2.775557561563E-16));
#6136=CARTESIAN_POINT('',(0.766540221296,-1.25,-2.22044604925E-16));
#6137=CARTESIAN_POINT('',(0.969999999998,-1.25,0.242473922219));
#6138=CARTESIAN_POINT('',(1.269999999998,-1.25,0.6));
#6139=CARTESIAN_POINT('',(0.969999999998,-1.25,2.8));
#6140=CARTESIAN_POINT('Origin',(-0.766540221296,1.25,2.775557561563E-16));
#6141=CARTESIAN_POINT('',(0.,-0.8,-1.7763568394E-16));
#6142=CARTESIAN_POINT('',(-1.27,-0.8,-1.7763568394E-16));
#6143=CARTESIAN_POINT('',(0.,1.25,2.775557561563E-16));
#6144=CARTESIAN_POINT('Origin',(-1.27,-0.8,-1.7763568394E-16));
#6145=CARTESIAN_POINT('',(1.018270110647,-0.8,0.3));
#6146=CARTESIAN_POINT('',(-1.27,-0.8,0.3));
#6147=CARTESIAN_POINT('',(0.766540221296,-0.8,-1.7763568394E-16));
#6148=CARTESIAN_POINT('',(0.59754542987,-0.8,-0.201400149813));
#6149=CARTESIAN_POINT('',(-1.27,-0.8,-1.7763568394E-16));
#6150=CARTESIAN_POINT('Origin',(5.363396254228E-17,-5.551115123126E-17,
0.3));
#6151=CARTESIAN_POINT('',(0.,0.8,0.3));
#6152=CARTESIAN_POINT('',(0.,0.8,0.3));
#6153=CARTESIAN_POINT('',(1.018270110647,0.8,0.3));
#6154=CARTESIAN_POINT('',(1.27,0.8,0.3));
#6155=CARTESIAN_POINT('',(1.018270110647,0.625,0.3));
#6156=CARTESIAN_POINT('Origin',(0.,0.8,1.7763568394E-16));
#6157=CARTESIAN_POINT('',(0.,0.8,1.7763568394E-16));
#6158=CARTESIAN_POINT('',(0.,0.8,1.7763568394E-16));
#6159=CARTESIAN_POINT('',(0.,0.8,1.7763568394E-16));
#6160=CARTESIAN_POINT('Origin',(-0.766540221296,1.25,2.775557561563E-16));
#6161=CARTESIAN_POINT('',(0.,1.25,2.775557561563E-16));
#6162=CARTESIAN_POINT('',(-0.766540221296,1.25,2.22044604925E-16));
#6163=CARTESIAN_POINT('',(0.,1.25,2.775557561563E-16));
#6164=CARTESIAN_POINT('Origin',(-1.408556380795E-12,1.25,1.500258262026));
#6165=CARTESIAN_POINT('',(0.969999999998,1.25,2.8));
#6166=CARTESIAN_POINT('',(-1.270000000002,1.25,2.8));
#6167=CARTESIAN_POINT('',(0.969999999998,1.25,0.242473922219));
#6168=CARTESIAN_POINT('',(0.969999999998,1.25,2.8));
#6169=CARTESIAN_POINT('',(0.766540221296,1.25,2.775557561563E-16));
#6170=CARTESIAN_POINT('',(1.269999999998,1.25,0.6));
#6171=CARTESIAN_POINT('',(0.766540221296,1.25,2.22044604925E-16));
#6172=CARTESIAN_POINT('Origin',(-1.270000000002,1.25,2.8));
#6173=CARTESIAN_POINT('',(0.969999999998,1.25,2.8));
#6174=CARTESIAN_POINT('Origin',(1.119999999998,-1.1,2.8));
#6175=CARTESIAN_POINT('',(1.269999999998,-0.95,2.5));
#6176=CARTESIAN_POINT('',(1.486666666665,-0.733333333333,2.283333333333));
#6177=CARTESIAN_POINT('',(1.269999999998,-0.95,0.6));
#6178=CARTESIAN_POINT('',(1.931036869069,-0.28896313093,1.387793063557));
#6179=CARTESIAN_POINT('',(1.269999999998,-0.95,2.8));
#6180=CARTESIAN_POINT('Origin',(1.269999999998,1.25,0.6));
#6181=CARTESIAN_POINT('',(1.269999999998,0.95,0.6));
#6182=CARTESIAN_POINT('',(1.565569353755,0.654430646243,0.952245839203));
#6183=CARTESIAN_POINT('',(1.269999999998,1.25,0.6));
#6184=CARTESIAN_POINT('',(0.766540221296,1.25,2.775557561563E-16));
#6185=CARTESIAN_POINT('',(0.766540221296,0.8,1.7763568394E-16));
#6186=CARTESIAN_POINT('',(1.122278837047,0.8,0.423952773349));
#6187=CARTESIAN_POINT('',(0.766540221296,1.25,2.775557561563E-16));
#6188=CARTESIAN_POINT('Origin',(0.766540221296,1.25,2.775557561563E-16));
#6189=CARTESIAN_POINT('Origin',(1.27,0.8,1.7763568394E-16));
#6190=CARTESIAN_POINT('',(1.27,0.8,1.7763568394E-16));
#6191=CARTESIAN_POINT('Origin',(0.766540221296,1.25,2.775557561563E-16));
#6192=CARTESIAN_POINT('Origin',(1.119999999998,1.1,2.8));
#6193=CARTESIAN_POINT('',(1.269999999998,0.95,2.5));
#6194=CARTESIAN_POINT('',(1.069999999998,1.15,2.7));
#6195=CARTESIAN_POINT('',(1.269999999998,0.95,2.8));
#6196=CARTESIAN_POINT('Origin',(1.119999999998,1.25,2.65));
#6197=CARTESIAN_POINT('',(1.269999999998,1.25,2.5));
#6198=CARTESIAN_POINT('Origin',(1.269999999998,1.25,2.8));
#6199=CARTESIAN_POINT('Origin',(1.269999999998,1.25,0.6));
#6200=CARTESIAN_POINT('',(1.269999999998,0.95,0.6));
#6201=CARTESIAN_POINT('',(1.269999999998,-0.95,0.6));
#6202=CARTESIAN_POINT('',(1.269999999998,1.25,0.6));
#6203=CARTESIAN_POINT('',(1.269999999998,-0.95,2.5));
#6204=CARTESIAN_POINT('',(1.269999999998,-0.95,0.6));
#6205=CARTESIAN_POINT('',(1.269999999998,0.95,2.5));
#6206=CARTESIAN_POINT('',(1.269999999998,1.25,2.5));
#6207=CARTESIAN_POINT('',(1.269999999998,0.95,0.6));
#6208=CARTESIAN_POINT('Origin',(1.773459778704,1.25,2.775557561563E-16));
#6209=CARTESIAN_POINT('',(1.569999999998,1.25,0.242473922221));
#6210=CARTESIAN_POINT('',(1.535842815273,1.215842815275,0.283180869831));
#6211=CARTESIAN_POINT('',(1.773459778704,1.25,2.775557561563E-16));
#6212=CARTESIAN_POINT('',(1.773459778704,1.25,2.22044604925E-16));
#6213=CARTESIAN_POINT('',(1.773459778704,0.8,1.7763568394E-16));
#6214=CARTESIAN_POINT('',(1.773459778704,1.25,2.775557561563E-16));
#6215=CARTESIAN_POINT('',(1.521729889351,0.8,0.3));
#6216=CARTESIAN_POINT('',(1.931817755894,0.8,-0.188723688232));
#6217=CARTESIAN_POINT('',(1.521729889351,-0.8,0.3));
#6218=CARTESIAN_POINT('',(1.521729889351,0.625,0.3));
#6219=CARTESIAN_POINT('',(1.773459778704,-0.8,-1.7763568394E-16));
#6220=CARTESIAN_POINT('',(1.669451052304,-0.8,0.123952773349));
#6221=CARTESIAN_POINT('',(1.773459778704,-1.25,-2.775557561563E-16));
#6222=CARTESIAN_POINT('',(1.773459778704,1.25,2.775557561563E-16));
#6223=CARTESIAN_POINT('',(1.569999999998,-1.25,0.242473922221));
#6224=CARTESIAN_POINT('',(1.773459778704,-1.25,-2.22044604925E-16));
#6225=CARTESIAN_POINT('',(1.170375299958,-0.850375299959,0.718728094185));
#6226=CARTESIAN_POINT('Origin',(1.419999999998,1.1,0.6));
#6227=CARTESIAN_POINT('',(1.569999999998,1.25,2.8));
#6228=CARTESIAN_POINT('',(1.103333333332,0.783333333333,2.333333333333));
#6229=CARTESIAN_POINT('',(1.569999999998,1.25,0.6));
#6230=CARTESIAN_POINT('Origin',(1.419999999998,-1.1,0.6));
#6231=CARTESIAN_POINT('',(1.569999999998,-1.25,2.8));
#6232=CARTESIAN_POINT('',(1.569999999998,-1.25,0.6));
#6233=CARTESIAN_POINT('',(0.686666666665,-0.366666666667,1.916666666667));
#6234=CARTESIAN_POINT('Origin',(1.419999999998,1.25,2.65));
#6235=CARTESIAN_POINT('',(1.569999999998,1.25,2.8));
#6236=CARTESIAN_POINT('Origin',(2.539999999999,-1.25,1.500258262026));
#6237=CARTESIAN_POINT('',(3.509999999998,-1.25,2.8));
#6238=CARTESIAN_POINT('',(1.269999999998,-1.25,2.8));
#6239=CARTESIAN_POINT('',(2.54,-1.25,-2.775557561563E-16));
#6240=CARTESIAN_POINT('',(1.773459778704,-1.25,-2.22044604925E-16));
#6241=CARTESIAN_POINT('',(3.306540221296,-1.25,-2.775557561563E-16));
#6242=CARTESIAN_POINT('',(3.306540221296,-1.25,-2.22044604925E-16));
#6243=CARTESIAN_POINT('',(3.509999999998,-1.25,0.242473922219));
#6244=CARTESIAN_POINT('',(3.809999999998,-1.25,0.6));
#6245=CARTESIAN_POINT('',(3.509999999998,-1.25,2.8));
#6246=CARTESIAN_POINT('Origin',(1.773459778704,1.25,2.775557561563E-16));
#6247=CARTESIAN_POINT('',(2.54,-0.8,-1.7763568394E-16));
#6248=CARTESIAN_POINT('',(1.27,-0.8,-1.7763568394E-16));
#6249=CARTESIAN_POINT('',(2.54,1.25,2.775557561563E-16));
#6250=CARTESIAN_POINT('Origin',(1.27,-0.8,-1.7763568394E-16));
#6251=CARTESIAN_POINT('',(3.558270110647,-0.8,0.3));
#6252=CARTESIAN_POINT('',(1.27,-0.8,0.3));
#6253=CARTESIAN_POINT('',(3.306540221296,-0.8,-1.7763568394E-16));
#6254=CARTESIAN_POINT('',(3.13754542987,-0.8,-0.201400149813));
#6255=CARTESIAN_POINT('',(1.27,-0.8,-1.7763568394E-16));
#6256=CARTESIAN_POINT('Origin',(2.54,-5.551115123126E-17,0.3));
#6257=CARTESIAN_POINT('',(2.54,0.8,0.3));
#6258=CARTESIAN_POINT('',(2.54,0.8,0.3));
#6259=CARTESIAN_POINT('',(3.558270110647,0.8,0.3));
#6260=CARTESIAN_POINT('',(3.81,0.8,0.3));
#6261=CARTESIAN_POINT('',(3.558270110647,0.625,0.3));
#6262=CARTESIAN_POINT('Origin',(2.54,0.8,1.7763568394E-16));
#6263=CARTESIAN_POINT('',(2.54,0.8,1.7763568394E-16));
#6264=CARTESIAN_POINT('',(2.54,0.8,1.7763568394E-16));
#6265=CARTESIAN_POINT('',(2.54,0.8,1.7763568394E-16));
#6266=CARTESIAN_POINT('Origin',(1.773459778704,1.25,2.775557561563E-16));
#6267=CARTESIAN_POINT('',(2.54,1.25,2.775557561563E-16));
#6268=CARTESIAN_POINT('',(1.773459778704,1.25,2.22044604925E-16));
#6269=CARTESIAN_POINT('',(2.54,1.25,2.775557561563E-16));
#6270=CARTESIAN_POINT('Origin',(2.539999999999,1.25,1.500258262026));
#6271=CARTESIAN_POINT('',(3.509999999998,1.25,2.8));
#6272=CARTESIAN_POINT('',(1.269999999998,1.25,2.8));
#6273=CARTESIAN_POINT('',(3.509999999998,1.25,0.242473922219));
#6274=CARTESIAN_POINT('',(3.509999999998,1.25,2.8));
#6275=CARTESIAN_POINT('',(3.306540221296,1.25,2.775557561563E-16));
#6276=CARTESIAN_POINT('',(3.809999999998,1.25,0.6));
#6277=CARTESIAN_POINT('',(3.306540221296,1.25,2.22044604925E-16));
#6278=CARTESIAN_POINT('Origin',(1.269999999998,1.25,2.8));
#6279=CARTESIAN_POINT('',(3.509999999998,1.25,2.8));
#6280=CARTESIAN_POINT('Origin',(3.659999999998,-1.1,2.8));
#6281=CARTESIAN_POINT('',(3.809999999998,-0.95,2.5));
#6282=CARTESIAN_POINT('',(4.026666666665,-0.733333333333,2.283333333333));
#6283=CARTESIAN_POINT('',(3.809999999998,-0.95,0.6));
#6284=CARTESIAN_POINT('',(4.471036869069,-0.28896313093,1.387793063557));
#6285=CARTESIAN_POINT('',(3.809999999998,-0.95,2.8));
#6286=CARTESIAN_POINT('Origin',(3.809999999998,1.25,0.6));
#6287=CARTESIAN_POINT('',(3.809999999998,0.95,0.6));
#6288=CARTESIAN_POINT('',(4.105569353755,0.654430646243,0.952245839203));
#6289=CARTESIAN_POINT('',(3.809999999998,1.25,0.6));
#6290=CARTESIAN_POINT('',(3.306540221296,1.25,2.775557561563E-16));
#6291=CARTESIAN_POINT('',(3.306540221296,0.8,1.7763568394E-16));
#6292=CARTESIAN_POINT('',(3.662278837047,0.8,0.423952773349));
#6293=CARTESIAN_POINT('',(3.306540221296,1.25,2.775557561563E-16));
#6294=CARTESIAN_POINT('Origin',(3.306540221296,1.25,2.775557561563E-16));
#6295=CARTESIAN_POINT('Origin',(3.81,0.8,1.7763568394E-16));
#6296=CARTESIAN_POINT('',(3.81,0.8,1.7763568394E-16));
#6297=CARTESIAN_POINT('Origin',(3.306540221296,1.25,2.775557561563E-16));
#6298=CARTESIAN_POINT('Origin',(3.659999999998,1.1,2.8));
#6299=CARTESIAN_POINT('',(3.809999999998,0.95,2.5));
#6300=CARTESIAN_POINT('',(3.609999999998,1.15,2.7));
#6301=CARTESIAN_POINT('',(3.809999999998,0.95,2.8));
#6302=CARTESIAN_POINT('Origin',(3.659999999998,1.25,2.65));
#6303=CARTESIAN_POINT('',(3.809999999998,1.25,2.5));
#6304=CARTESIAN_POINT('Origin',(3.809999999998,1.25,2.8));
#6305=CARTESIAN_POINT('Origin',(3.809999999998,1.25,0.6));
#6306=CARTESIAN_POINT('',(3.809999999998,0.95,0.6));
#6307=CARTESIAN_POINT('',(3.809999999998,-0.95,0.6));
#6308=CARTESIAN_POINT('',(3.809999999998,1.25,0.6));
#6309=CARTESIAN_POINT('',(3.809999999998,-0.95,2.5));
#6310=CARTESIAN_POINT('',(3.809999999998,-0.95,0.6));
#6311=CARTESIAN_POINT('',(3.809999999998,0.95,2.5));
#6312=CARTESIAN_POINT('',(3.809999999998,1.25,2.5));
#6313=CARTESIAN_POINT('',(3.809999999998,0.95,0.6));
#6314=CARTESIAN_POINT('Origin',(4.313459778704,1.25,2.775557561563E-16));
#6315=CARTESIAN_POINT('',(4.109999999998,1.25,0.242473922221));
#6316=CARTESIAN_POINT('',(4.075842815273,1.215842815275,0.283180869831));
#6317=CARTESIAN_POINT('',(4.313459778704,1.25,2.775557561563E-16));
#6318=CARTESIAN_POINT('',(4.313459778704,1.25,2.22044604925E-16));
#6319=CARTESIAN_POINT('',(4.313459778704,0.8,1.7763568394E-16));
#6320=CARTESIAN_POINT('',(4.313459778704,1.25,2.775557561563E-16));
#6321=CARTESIAN_POINT('',(4.061729889351,0.8,0.3));
#6322=CARTESIAN_POINT('',(4.471817755894,0.8,-0.188723688232));
#6323=CARTESIAN_POINT('',(4.061729889351,-0.8,0.3));
#6324=CARTESIAN_POINT('',(4.061729889351,0.625,0.3));
#6325=CARTESIAN_POINT('',(4.313459778704,-0.8,-1.7763568394E-16));
#6326=CARTESIAN_POINT('',(4.209451052304,-0.8,0.123952773349));
#6327=CARTESIAN_POINT('',(4.313459778704,-1.25,-2.775557561563E-16));
#6328=CARTESIAN_POINT('',(4.313459778704,1.25,2.775557561563E-16));
#6329=CARTESIAN_POINT('',(4.109999999998,-1.25,0.242473922221));
#6330=CARTESIAN_POINT('',(4.313459778704,-1.25,-2.22044604925E-16));
#6331=CARTESIAN_POINT('',(3.710375299958,-0.850375299959,0.718728094185));
#6332=CARTESIAN_POINT('Origin',(3.959999999998,1.1,0.6));
#6333=CARTESIAN_POINT('',(4.109999999998,1.25,2.8));
#6334=CARTESIAN_POINT('',(3.643333333332,0.783333333333,2.333333333333));
#6335=CARTESIAN_POINT('',(4.109999999998,1.25,0.6));
#6336=CARTESIAN_POINT('Origin',(3.959999999998,-1.1,0.6));
#6337=CARTESIAN_POINT('',(4.109999999998,-1.25,2.8));
#6338=CARTESIAN_POINT('',(4.109999999998,-1.25,0.6));
#6339=CARTESIAN_POINT('',(3.226666666665,-0.366666666667,1.916666666667));
#6340=CARTESIAN_POINT('Origin',(3.959999999998,1.25,2.65));
#6341=CARTESIAN_POINT('',(4.109999999998,1.25,2.8));
#6342=CARTESIAN_POINT('Origin',(5.079999999999,-1.25,1.500258262026));
#6343=CARTESIAN_POINT('',(6.049999999998,-1.25,2.8));
#6344=CARTESIAN_POINT('',(3.809999999998,-1.25,2.8));
#6345=CARTESIAN_POINT('',(5.08,-1.25,-2.775557561563E-16));
#6346=CARTESIAN_POINT('',(4.313459778704,-1.25,-2.22044604925E-16));
#6347=CARTESIAN_POINT('',(5.846540221296,-1.25,-2.775557561563E-16));
#6348=CARTESIAN_POINT('',(5.846540221296,-1.25,-2.22044604925E-16));
#6349=CARTESIAN_POINT('',(6.049999999998,-1.25,0.242473922219));
#6350=CARTESIAN_POINT('',(6.349999999998,-1.25,0.6));
#6351=CARTESIAN_POINT('',(6.049999999998,-1.25,2.8));
#6352=CARTESIAN_POINT('Origin',(4.313459778704,1.25,2.775557561563E-16));
#6353=CARTESIAN_POINT('',(5.08,-0.8,-1.7763568394E-16));
#6354=CARTESIAN_POINT('',(3.81,-0.8,-1.7763568394E-16));
#6355=CARTESIAN_POINT('',(5.08,1.25,2.775557561563E-16));
#6356=CARTESIAN_POINT('Origin',(3.81,-0.8,-1.7763568394E-16));
#6357=CARTESIAN_POINT('',(6.098270110647,-0.8,0.3));
#6358=CARTESIAN_POINT('',(3.81,-0.8,0.3));
#6359=CARTESIAN_POINT('',(5.846540221296,-0.8,-1.7763568394E-16));
#6360=CARTESIAN_POINT('',(5.67754542987,-0.8,-0.201400149813));
#6361=CARTESIAN_POINT('',(3.81,-0.8,-1.7763568394E-16));
#6362=CARTESIAN_POINT('Origin',(5.08,-5.551115123126E-17,0.3));
#6363=CARTESIAN_POINT('',(5.08,0.8,0.3));
#6364=CARTESIAN_POINT('',(5.08,0.8,0.3));
#6365=CARTESIAN_POINT('',(6.098270110647,0.8,0.3));
#6366=CARTESIAN_POINT('',(6.35,0.8,0.3));
#6367=CARTESIAN_POINT('',(6.098270110647,0.625,0.3));
#6368=CARTESIAN_POINT('Origin',(5.08,0.8,1.7763568394E-16));
#6369=CARTESIAN_POINT('',(5.08,0.8,1.7763568394E-16));
#6370=CARTESIAN_POINT('',(5.08,0.8,1.7763568394E-16));
#6371=CARTESIAN_POINT('',(5.08,0.8,1.7763568394E-16));
#6372=CARTESIAN_POINT('Origin',(4.313459778704,1.25,2.775557561563E-16));
#6373=CARTESIAN_POINT('',(5.08,1.25,2.775557561563E-16));
#6374=CARTESIAN_POINT('',(4.313459778704,1.25,2.22044604925E-16));
#6375=CARTESIAN_POINT('',(5.08,1.25,2.775557561563E-16));
#6376=CARTESIAN_POINT('Origin',(5.079999999999,1.25,1.500258262026));
#6377=CARTESIAN_POINT('',(6.049999999998,1.25,2.8));
#6378=CARTESIAN_POINT('',(3.809999999998,1.25,2.8));
#6379=CARTESIAN_POINT('',(6.049999999998,1.25,0.242473922219));
#6380=CARTESIAN_POINT('',(6.049999999998,1.25,2.8));
#6381=CARTESIAN_POINT('',(5.846540221296,1.25,2.775557561563E-16));
#6382=CARTESIAN_POINT('',(6.349999999998,1.25,0.6));
#6383=CARTESIAN_POINT('',(5.846540221296,1.25,2.22044604925E-16));
#6384=CARTESIAN_POINT('Origin',(3.809999999998,1.25,2.8));
#6385=CARTESIAN_POINT('',(6.049999999998,1.25,2.8));
#6386=CARTESIAN_POINT('Origin',(6.199999999998,-1.1,2.8));
#6387=CARTESIAN_POINT('',(6.349999999998,-0.95,2.5));
#6388=CARTESIAN_POINT('',(6.566666666665,-0.733333333333,2.283333333333));
#6389=CARTESIAN_POINT('',(6.349999999998,-0.95,0.6));
#6390=CARTESIAN_POINT('',(7.011036869069,-0.28896313093,1.387793063557));
#6391=CARTESIAN_POINT('',(6.349999999998,-0.95,2.8));
#6392=CARTESIAN_POINT('Origin',(6.349999999998,1.25,0.6));
#6393=CARTESIAN_POINT('',(6.349999999998,0.95,0.6));
#6394=CARTESIAN_POINT('',(6.645569353755,0.654430646243,0.952245839203));
#6395=CARTESIAN_POINT('',(6.349999999998,1.25,0.6));
#6396=CARTESIAN_POINT('',(5.846540221296,1.25,2.775557561563E-16));
#6397=CARTESIAN_POINT('',(5.846540221296,0.8,1.7763568394E-16));
#6398=CARTESIAN_POINT('',(6.202278837047,0.8,0.423952773349));
#6399=CARTESIAN_POINT('',(5.846540221296,1.25,2.775557561563E-16));
#6400=CARTESIAN_POINT('Origin',(5.846540221296,1.25,2.775557561563E-16));
#6401=CARTESIAN_POINT('Origin',(6.35,0.8,1.7763568394E-16));
#6402=CARTESIAN_POINT('',(6.35,0.8,1.7763568394E-16));
#6403=CARTESIAN_POINT('Origin',(5.846540221296,1.25,2.775557561563E-16));
#6404=CARTESIAN_POINT('Origin',(6.199999999998,1.1,2.8));
#6405=CARTESIAN_POINT('',(6.349999999998,0.95,2.5));
#6406=CARTESIAN_POINT('',(6.149999999998,1.15,2.7));
#6407=CARTESIAN_POINT('',(6.349999999998,0.95,2.8));
#6408=CARTESIAN_POINT('Origin',(6.199999999998,1.25,2.65));
#6409=CARTESIAN_POINT('',(6.349999999998,1.25,2.5));
#6410=CARTESIAN_POINT('Origin',(6.349999999998,1.25,2.8));
#6411=CARTESIAN_POINT('',(0.,0.,0.));
#6412=CARTESIAN_POINT('Origin',(0.,0.,-2.5));
#6413=CARTESIAN_POINT('',(0.2,-0.2,-2.5));
#6414=CARTESIAN_POINT('',(0.2,0.2,-2.5));
#6415=CARTESIAN_POINT('',(0.2,-0.2,-2.5));
#6416=CARTESIAN_POINT('',(-0.2,-0.2,-2.5));
#6417=CARTESIAN_POINT('',(-0.2,-0.2,-2.5));
#6418=CARTESIAN_POINT('',(-0.2,0.2,-2.5));
#6419=CARTESIAN_POINT('',(-0.2,0.2,-2.5));
#6420=CARTESIAN_POINT('',(0.2,0.2,-2.5));
#6421=CARTESIAN_POINT('Origin',(0.2,0.,-2.5));
#6422=CARTESIAN_POINT('',(0.315,0.315,-2.));
#6423=CARTESIAN_POINT('',(0.2,0.2,-2.5));
#6424=CARTESIAN_POINT('',(0.315,-0.315,-2.));
#6425=CARTESIAN_POINT('',(0.315,-0.315,-2.));
#6426=CARTESIAN_POINT('',(0.2,-0.2,-2.5));
#6427=CARTESIAN_POINT('Origin',(0.,0.2,-2.5));
#6428=CARTESIAN_POINT('',(-0.315,0.315,-2.));
#6429=CARTESIAN_POINT('',(-0.2,0.2,-2.5));
#6430=CARTESIAN_POINT('',(0.315,0.315,-2.));
#6431=CARTESIAN_POINT('Origin',(-0.2,0.,-2.5));
#6432=CARTESIAN_POINT('',(-0.315,-0.315,-2.));
#6433=CARTESIAN_POINT('',(-0.2,-0.2,-2.5));
#6434=CARTESIAN_POINT('',(-0.315,0.315,-2.));
#6435=CARTESIAN_POINT('Origin',(0.,-0.2,-2.5));
#6436=CARTESIAN_POINT('',(-0.315,-0.315,-2.));
#6437=CARTESIAN_POINT('Origin',(0.315,-0.315,-2.));
#6438=CARTESIAN_POINT('',(0.315,-0.315,8.1));
#6439=CARTESIAN_POINT('',(0.315,-0.315,-2.));
#6440=CARTESIAN_POINT('',(0.315,0.315,8.1));
#6441=CARTESIAN_POINT('',(0.315,0.315,-2.));
#6442=CARTESIAN_POINT('',(0.315,-0.315,8.1));
#6443=CARTESIAN_POINT('Origin',(0.315,0.315,-2.));
#6444=CARTESIAN_POINT('',(-0.315,0.315,8.1));
#6445=CARTESIAN_POINT('',(-0.315,0.315,-2.));
#6446=CARTESIAN_POINT('',(0.315,0.315,8.1));
#6447=CARTESIAN_POINT('Origin',(-0.315,0.315,-2.));
#6448=CARTESIAN_POINT('',(-0.315,-0.315,8.1));
#6449=CARTESIAN_POINT('',(-0.315,-0.315,-2.));
#6450=CARTESIAN_POINT('',(-0.315,0.315,8.1));
#6451=CARTESIAN_POINT('Origin',(-0.315,-0.315,-2.));
#6452=CARTESIAN_POINT('',(-0.315,-0.315,8.1));
#6453=CARTESIAN_POINT('Origin',(0.2,0.,8.6));
#6454=CARTESIAN_POINT('',(0.2,-0.2,8.6));
#6455=CARTESIAN_POINT('',(0.2,0.2,8.6));
#6456=CARTESIAN_POINT('',(0.2,-0.2,8.6));
#6457=CARTESIAN_POINT('',(0.2,-0.2,8.6));
#6458=CARTESIAN_POINT('',(0.2,0.2,8.6));
#6459=CARTESIAN_POINT('Origin',(0.,0.2,8.6));
#6460=CARTESIAN_POINT('',(-0.2,0.2,8.6));
#6461=CARTESIAN_POINT('',(0.2,0.2,8.6));
#6462=CARTESIAN_POINT('',(-0.2,0.2,8.6));
#6463=CARTESIAN_POINT('Origin',(-0.2,0.,8.6));
#6464=CARTESIAN_POINT('',(-0.2,-0.2,8.6));
#6465=CARTESIAN_POINT('',(-0.2,0.2,8.6));
#6466=CARTESIAN_POINT('',(-0.2,-0.2,8.6));
#6467=CARTESIAN_POINT('Origin',(0.,-0.2,8.6));
#6468=CARTESIAN_POINT('',(-0.2,-0.2,8.6));
#6469=CARTESIAN_POINT('Origin',(0.,0.,8.6));
#6470=CARTESIAN_POINT('Origin',(2.54,0.,-2.5));
#6471=CARTESIAN_POINT('',(2.74,-0.2,-2.5));
#6472=CARTESIAN_POINT('',(2.74,0.2,-2.5));
#6473=CARTESIAN_POINT('',(2.74,-0.2,-2.5));
#6474=CARTESIAN_POINT('',(2.34,-0.2,-2.5));
#6475=CARTESIAN_POINT('',(2.34,-0.2,-2.5));
#6476=CARTESIAN_POINT('',(2.34,0.2,-2.5));
#6477=CARTESIAN_POINT('',(2.34,0.2,-2.5));
#6478=CARTESIAN_POINT('',(2.74,0.2,-2.5));
#6479=CARTESIAN_POINT('Origin',(2.74,0.,-2.5));
#6480=CARTESIAN_POINT('',(2.855,0.315,-2.));
#6481=CARTESIAN_POINT('',(2.74,0.2,-2.5));
#6482=CARTESIAN_POINT('',(2.855,-0.315,-2.));
#6483=CARTESIAN_POINT('',(2.855,-0.315,-2.));
#6484=CARTESIAN_POINT('',(2.74,-0.2,-2.5));
#6485=CARTESIAN_POINT('Origin',(2.54,0.2,-2.5));
#6486=CARTESIAN_POINT('',(2.225,0.315,-2.));
#6487=CARTESIAN_POINT('',(2.34,0.2,-2.5));
#6488=CARTESIAN_POINT('',(2.855,0.315,-2.));
#6489=CARTESIAN_POINT('Origin',(2.34,0.,-2.5));
#6490=CARTESIAN_POINT('',(2.225,-0.315,-2.));
#6491=CARTESIAN_POINT('',(2.34,-0.2,-2.5));
#6492=CARTESIAN_POINT('',(2.225,0.315,-2.));
#6493=CARTESIAN_POINT('Origin',(2.54,-0.2,-2.5));
#6494=CARTESIAN_POINT('',(2.225,-0.315,-2.));
#6495=CARTESIAN_POINT('Origin',(2.855,-0.315,-2.));
#6496=CARTESIAN_POINT('',(2.855,-0.315,8.1));
#6497=CARTESIAN_POINT('',(2.855,-0.315,-2.));
#6498=CARTESIAN_POINT('',(2.855,0.315,8.1));
#6499=CARTESIAN_POINT('',(2.855,0.315,-2.));
#6500=CARTESIAN_POINT('',(2.855,-0.315,8.1));
#6501=CARTESIAN_POINT('Origin',(2.855,0.315,-2.));
#6502=CARTESIAN_POINT('',(2.225,0.315,8.1));
#6503=CARTESIAN_POINT('',(2.225,0.315,-2.));
#6504=CARTESIAN_POINT('',(2.855,0.315,8.1));
#6505=CARTESIAN_POINT('Origin',(2.225,0.315,-2.));
#6506=CARTESIAN_POINT('',(2.225,-0.315,8.1));
#6507=CARTESIAN_POINT('',(2.225,-0.315,-2.));
#6508=CARTESIAN_POINT('',(2.225,0.315,8.1));
#6509=CARTESIAN_POINT('Origin',(2.225,-0.315,-2.));
#6510=CARTESIAN_POINT('',(2.225,-0.315,8.1));
#6511=CARTESIAN_POINT('Origin',(2.74,0.,8.6));
#6512=CARTESIAN_POINT('',(2.74,-0.2,8.6));
#6513=CARTESIAN_POINT('',(2.74,0.2,8.6));
#6514=CARTESIAN_POINT('',(2.74,-0.2,8.6));
#6515=CARTESIAN_POINT('',(2.74,-0.2,8.6));
#6516=CARTESIAN_POINT('',(2.74,0.2,8.6));
#6517=CARTESIAN_POINT('Origin',(2.54,0.2,8.6));
#6518=CARTESIAN_POINT('',(2.34,0.2,8.6));
#6519=CARTESIAN_POINT('',(2.74,0.2,8.6));
#6520=CARTESIAN_POINT('',(2.34,0.2,8.6));
#6521=CARTESIAN_POINT('Origin',(2.34,0.,8.6));
#6522=CARTESIAN_POINT('',(2.34,-0.2,8.6));
#6523=CARTESIAN_POINT('',(2.34,0.2,8.6));
#6524=CARTESIAN_POINT('',(2.34,-0.2,8.6));
#6525=CARTESIAN_POINT('Origin',(2.54,-0.2,8.6));
#6526=CARTESIAN_POINT('',(2.34,-0.2,8.6));
#6527=CARTESIAN_POINT('Origin',(2.54,0.,8.6));
#6528=CARTESIAN_POINT('Origin',(5.08,0.,-2.5));
#6529=CARTESIAN_POINT('',(5.28,-0.2,-2.5));
#6530=CARTESIAN_POINT('',(5.28,0.2,-2.5));
#6531=CARTESIAN_POINT('',(5.28,-0.2,-2.5));
#6532=CARTESIAN_POINT('',(4.88,-0.2,-2.5));
#6533=CARTESIAN_POINT('',(4.88,-0.2,-2.5));
#6534=CARTESIAN_POINT('',(4.88,0.2,-2.5));
#6535=CARTESIAN_POINT('',(4.88,0.2,-2.5));
#6536=CARTESIAN_POINT('',(5.28,0.2,-2.5));
#6537=CARTESIAN_POINT('Origin',(5.28,0.,-2.5));
#6538=CARTESIAN_POINT('',(5.395,0.315,-2.));
#6539=CARTESIAN_POINT('',(5.28,0.2,-2.5));
#6540=CARTESIAN_POINT('',(5.395,-0.315,-2.));
#6541=CARTESIAN_POINT('',(5.395,-0.315,-2.));
#6542=CARTESIAN_POINT('',(5.28,-0.2,-2.5));
#6543=CARTESIAN_POINT('Origin',(5.08,0.2,-2.5));
#6544=CARTESIAN_POINT('',(4.765,0.315,-2.));
#6545=CARTESIAN_POINT('',(4.88,0.2,-2.5));
#6546=CARTESIAN_POINT('',(5.395,0.315,-2.));
#6547=CARTESIAN_POINT('Origin',(4.88,0.,-2.5));
#6548=CARTESIAN_POINT('',(4.765,-0.315,-2.));
#6549=CARTESIAN_POINT('',(4.88,-0.2,-2.5));
#6550=CARTESIAN_POINT('',(4.765,0.315,-2.));
#6551=CARTESIAN_POINT('Origin',(5.08,-0.2,-2.5));
#6552=CARTESIAN_POINT('',(4.765,-0.315,-2.));
#6553=CARTESIAN_POINT('Origin',(5.395,-0.315,-2.));
#6554=CARTESIAN_POINT('',(5.395,-0.315,8.1));
#6555=CARTESIAN_POINT('',(5.395,-0.315,-2.));
#6556=CARTESIAN_POINT('',(5.395,0.315,8.1));
#6557=CARTESIAN_POINT('',(5.395,0.315,-2.));
#6558=CARTESIAN_POINT('',(5.395,-0.315,8.1));
#6559=CARTESIAN_POINT('Origin',(5.395,0.315,-2.));
#6560=CARTESIAN_POINT('',(4.765,0.315,8.1));
#6561=CARTESIAN_POINT('',(4.765,0.315,-2.));
#6562=CARTESIAN_POINT('',(5.395,0.315,8.1));
#6563=CARTESIAN_POINT('Origin',(4.765,0.315,-2.));
#6564=CARTESIAN_POINT('',(4.765,-0.315,8.1));
#6565=CARTESIAN_POINT('',(4.765,-0.315,-2.));
#6566=CARTESIAN_POINT('',(4.765,0.315,8.1));
#6567=CARTESIAN_POINT('Origin',(4.765,-0.315,-2.));
#6568=CARTESIAN_POINT('',(4.765,-0.315,8.1));
#6569=CARTESIAN_POINT('Origin',(5.28,0.,8.6));
#6570=CARTESIAN_POINT('',(5.28,-0.2,8.6));
#6571=CARTESIAN_POINT('',(5.28,0.2,8.6));
#6572=CARTESIAN_POINT('',(5.28,-0.2,8.6));
#6573=CARTESIAN_POINT('',(5.28,-0.2,8.6));
#6574=CARTESIAN_POINT('',(5.28,0.2,8.6));
#6575=CARTESIAN_POINT('Origin',(5.08,0.2,8.6));
#6576=CARTESIAN_POINT('',(4.88,0.2,8.6));
#6577=CARTESIAN_POINT('',(5.28,0.2,8.6));
#6578=CARTESIAN_POINT('',(4.88,0.2,8.6));
#6579=CARTESIAN_POINT('Origin',(4.88,0.,8.6));
#6580=CARTESIAN_POINT('',(4.88,-0.2,8.6));
#6581=CARTESIAN_POINT('',(4.88,0.2,8.6));
#6582=CARTESIAN_POINT('',(4.88,-0.2,8.6));
#6583=CARTESIAN_POINT('Origin',(5.08,-0.2,8.6));
#6584=CARTESIAN_POINT('',(4.88,-0.2,8.6));
#6585=CARTESIAN_POINT('Origin',(5.08,0.,8.6));
#6586=CARTESIAN_POINT('',(0.,0.,0.));
#6587=CARTESIAN_POINT('',(0.,0.,0.));
#6588=CARTESIAN_POINT('',(0.,0.,0.));
#6589=CARTESIAN_POINT('',(0.,0.,0.));
#6590=CARTESIAN_POINT('',(-11.5431211555658,6.75178579350599,5.58528302072004));
#6591=CARTESIAN_POINT('',(-11.5431211555658,6.75178579350599,5.58528302072004));
#6592=CARTESIAN_POINT('',(-11.5431211555658,6.75178579350599,5.58528302072004));
#6593=CARTESIAN_POINT('',(-11.5431211555658,6.75178579350599,5.58528302072004));
#6594=UNCERTAINTY_MEASURE_WITH_UNIT(LENGTH_MEASURE(0.01),#6606,
'DISTANCE_ACCURACY_VALUE',
'Maximum model space distance between geometric entities at asserted c
onnectivities');
#6595=UNCERTAINTY_MEASURE_WITH_UNIT(LENGTH_MEASURE(0.01),#6606,
'DISTANCE_ACCURACY_VALUE',
'Maximum model space distance between geometric entities at asserted c
onnectivities');
#6596=UNCERTAINTY_MEASURE_WITH_UNIT(LENGTH_MEASURE(0.01),#6606,
'DISTANCE_ACCURACY_VALUE',
'Maximum model space distance between geometric entities at asserted c
onnectivities');
#6597=UNCERTAINTY_MEASURE_WITH_UNIT(LENGTH_MEASURE(0.01),#6606,
'DISTANCE_ACCURACY_VALUE',
'Maximum model space distance between geometric entities at asserted c
onnectivities');
#6598=UNCERTAINTY_MEASURE_WITH_UNIT(LENGTH_MEASURE(0.01),#6606,
'DISTANCE_ACCURACY_VALUE',
'Maximum model space distance between geometric entities at asserted c
onnectivities');
#6599=UNCERTAINTY_MEASURE_WITH_UNIT(LENGTH_MEASURE(0.01),#6606,
'DISTANCE_ACCURACY_VALUE',
'Maximum model space distance between geometric entities at asserted c
onnectivities');
#6600=(
GEOMETRIC_REPRESENTATION_CONTEXT(3)
GLOBAL_UNCERTAINTY_ASSIGNED_CONTEXT((#6594))
GLOBAL_UNIT_ASSIGNED_CONTEXT((#6606,#6608,#6609))
REPRESENTATION_CONTEXT('','3D')
);
#6601=(
GEOMETRIC_REPRESENTATION_CONTEXT(3)
GLOBAL_UNCERTAINTY_ASSIGNED_CONTEXT((#6595))
GLOBAL_UNIT_ASSIGNED_CONTEXT((#6606,#6608,#6609))
REPRESENTATION_CONTEXT('','3D')
);
#6602=(
GEOMETRIC_REPRESENTATION_CONTEXT(3)
GLOBAL_UNCERTAINTY_ASSIGNED_CONTEXT((#6596))
GLOBAL_UNIT_ASSIGNED_CONTEXT((#6606,#6608,#6609))
REPRESENTATION_CONTEXT('','3D')
);
#6603=(
GEOMETRIC_REPRESENTATION_CONTEXT(3)
GLOBAL_UNCERTAINTY_ASSIGNED_CONTEXT((#6597))
GLOBAL_UNIT_ASSIGNED_CONTEXT((#6606,#6608,#6609))
REPRESENTATION_CONTEXT('','3D')
);
#6604=(
GEOMETRIC_REPRESENTATION_CONTEXT(3)
GLOBAL_UNCERTAINTY_ASSIGNED_CONTEXT((#6598))
GLOBAL_UNIT_ASSIGNED_CONTEXT((#6606,#6608,#6609))
REPRESENTATION_CONTEXT('','3D')
);
#6605=(
GEOMETRIC_REPRESENTATION_CONTEXT(3)
GLOBAL_UNCERTAINTY_ASSIGNED_CONTEXT((#6599))
GLOBAL_UNIT_ASSIGNED_CONTEXT((#6606,#6608,#6609))
REPRESENTATION_CONTEXT('','3D')
);
#6606=(
LENGTH_UNIT()
NAMED_UNIT(*)
SI_UNIT(.MILLI.,.METRE.)
);
#6607=(
LENGTH_UNIT()
NAMED_UNIT(*)
SI_UNIT(.CENTI.,.METRE.)
);
#6608=(
NAMED_UNIT(*)
PLANE_ANGLE_UNIT()
SI_UNIT($,.RADIAN.)
);
#6609=(
NAMED_UNIT(*)
SI_UNIT($,.STERADIAN.)
SOLID_ANGLE_UNIT()
);
#6610=SHAPE_DEFINITION_REPRESENTATION(#6615,#6628);
#6611=SHAPE_DEFINITION_REPRESENTATION(#6616,#6629);
#6612=SHAPE_DEFINITION_REPRESENTATION(#6617,#6630);
#6613=SHAPE_DEFINITION_REPRESENTATION(#6618,#6631);
#6614=SHAPE_DEFINITION_REPRESENTATION(#6619,#6632);
#6615=PRODUCT_DEFINITION_SHAPE('',$,#6634);
#6616=PRODUCT_DEFINITION_SHAPE('',$,#6635);
#6617=PRODUCT_DEFINITION_SHAPE('',$,#6636);
#6618=PRODUCT_DEFINITION_SHAPE('',$,#6637);
#6619=PRODUCT_DEFINITION_SHAPE('',$,#6638);
#6620=PRODUCT_DEFINITION_SHAPE($,$,#35);
#6621=PRODUCT_DEFINITION_SHAPE($,$,#36);
#6622=PRODUCT_DEFINITION_SHAPE($,$,#37);
#6623=PRODUCT_DEFINITION_SHAPE($,$,#38);
#6624=PRODUCT_DEFINITION_SHAPE($,$,#39);
#6625=PRODUCT_DEFINITION_SHAPE($,$,#40);
#6626=PRODUCT_DEFINITION_SHAPE($,$,#41);
#6627=PRODUCT_DEFINITION_SHAPE($,$,#42);
#6628=SHAPE_REPRESENTATION('',(#4203,#4430,#4431,#4432,#4433,#4434,#4435,
#4436,#4437),#6600);
#6629=SHAPE_REPRESENTATION('',(#4204),#6601);
#6630=SHAPE_REPRESENTATION('',(#4260),#6602);
#6631=SHAPE_REPRESENTATION('',(#4323),#6603);
#6632=SHAPE_REPRESENTATION('',(#4387),#6604);
#6633=PRODUCT_DEFINITION_CONTEXT('part definition',#6650,'design');
#6634=PRODUCT_DEFINITION('DS1027-2 MJO-60 black 3pins',
'DS1027-2 MJO-60 black 3pins',#6639,#6633);
#6635=PRODUCT_DEFINITION('Export_plastic_jumper_body',
'Export_plastic_jumper_body',#6640,#6633);
#6636=PRODUCT_DEFINITION('Export_jumper_metal','Export_jumper_metal',#6641,
#6633);
#6637=PRODUCT_DEFINITION('Export_plastic_body','Export_plastic_body',#6642,
#6633);
#6638=PRODUCT_DEFINITION('Export_pin_metal','Export_pin_metal',#6643,#6633);
#6639=PRODUCT_DEFINITION_FORMATION('',$,#6652);
#6640=PRODUCT_DEFINITION_FORMATION('',$,#6653);
#6641=PRODUCT_DEFINITION_FORMATION('',$,#6654);
#6642=PRODUCT_DEFINITION_FORMATION('',$,#6655);
#6643=PRODUCT_DEFINITION_FORMATION('',$,#6656);
#6644=PRODUCT_RELATED_PRODUCT_CATEGORY('DS1027-2 MJO-60 black 3pins',
'DS1027-2 MJO-60 black 3pins',(#6652));
#6645=PRODUCT_RELATED_PRODUCT_CATEGORY('Export_plastic_jumper_body',
'Export_plastic_jumper_body',(#6653));
#6646=PRODUCT_RELATED_PRODUCT_CATEGORY('Export_jumper_metal',
'Export_jumper_metal',(#6654));
#6647=PRODUCT_RELATED_PRODUCT_CATEGORY('Export_plastic_body',
'Export_plastic_body',(#6655));
#6648=PRODUCT_RELATED_PRODUCT_CATEGORY('Export_pin_metal',
'Export_pin_metal',(#6656));
#6649=APPLICATION_PROTOCOL_DEFINITION('international standard',
'automotive_design',2009,#6650);
#6650=APPLICATION_CONTEXT(
'Core Data for Automotive Mechanical Design Process');
#6651=PRODUCT_CONTEXT('part definition',#6650,'mechanical');
#6652=PRODUCT('DS1027-2 MJO-60 black 3pins',
'DS1027-2 MJO-60 black 3pins','FreeCAD Model',(#6651));
#6653=PRODUCT('Export_plastic_jumper_body','Export_plastic_jumper_body',
$,(#6651));
#6654=PRODUCT('Export_jumper_metal','Export_jumper_metal',$,(#6651));
#6655=PRODUCT('Export_plastic_body','Export_plastic_body',$,(#6651));
#6656=PRODUCT('Export_pin_metal','Export_pin_metal',$,(#6651));
ENDSEC;
END-ISO-10303-21;
