ISO-10303-21;
HEADER;
/* Generated by software containing ST-Developer
 * from STEP Tools, Inc. (www.steptools.com) 
 */

FILE_DESCRIPTION(
/* description */ (''),
/* implementation_level */ '2;1');

FILE_NAME(
/* name */ '',
/* time_stamp */ '2026-04-26T00:52:56+03:00',
/* author */ ('Hp'),
/* organization */ (''),
/* preprocessor_version */ 'ST-DEVELOPER v20.1',
/* originating_system */ 'Autodesk Inventor 2027',
/* authorisation */ '');

FILE_SCHEMA (('AUTOMOTIVE_DESIGN { 1 0 10303 214 3 1 1 }'));
ENDSEC;

DATA;
#10=MECHANICAL_DESIGN_GEOMETRIC_PRESENTATION_REPRESENTATION('',(#16,#17),
#2567);
#11=GEOMETRICALLY_BOUNDED_WIREFRAME_SHAPE_REPRESENTATION('',(#12),#2566);
#12=GEOMETRIC_CURVE_SET('Sketch1',(#2563));
#13=SHAPE_REPRESENTATION_RELATIONSHIP('SRR','None',#2574,#15);
#14=SHAPE_REPRESENTATION_RELATIONSHIP('SRR','None',#2574,#11);
#15=ADVANCED_BREP_SHAPE_REPRESENTATION('',(#18,#19),#2566);
#16=STYLED_ITEM('',(#2583),#18);
#17=STYLED_ITEM('',(#2583),#19);
#18=MANIFOLD_SOLID_BREP('Solid1',#180);
#19=MANIFOLD_SOLID_BREP('Solid2',#181);
#20=FACE_OUTER_BOUND('',#32,.T.);
#21=FACE_OUTER_BOUND('',#33,.T.);
#22=FACE_OUTER_BOUND('',#34,.T.);
#23=FACE_OUTER_BOUND('',#35,.T.);
#24=FACE_OUTER_BOUND('',#36,.T.);
#25=FACE_OUTER_BOUND('',#37,.T.);
#26=FACE_OUTER_BOUND('',#38,.T.);
#27=FACE_OUTER_BOUND('',#39,.T.);
#28=FACE_OUTER_BOUND('',#40,.T.);
#29=FACE_OUTER_BOUND('',#41,.T.);
#30=FACE_OUTER_BOUND('',#42,.T.);
#31=FACE_OUTER_BOUND('',#43,.T.);
#32=EDGE_LOOP('',(#108,#109,#110,#111));
#33=EDGE_LOOP('',(#112,#113,#114,#115));
#34=EDGE_LOOP('',(#116,#117,#118,#119));
#35=EDGE_LOOP('',(#120,#121,#122,#123));
#36=EDGE_LOOP('',(#124,#125,#126,#127));
#37=EDGE_LOOP('',(#128,#129,#130,#131));
#38=EDGE_LOOP('',(#132,#133,#134,#135));
#39=EDGE_LOOP('',(#136,#137,#138,#139));
#40=EDGE_LOOP('',(#140,#141,#142,#143));
#41=EDGE_LOOP('',(#144,#145,#146,#147));
#42=EDGE_LOOP('',(#148,#149,#150,#151));
#43=EDGE_LOOP('',(#152,#153,#154,#155));
#44=B_SPLINE_CURVE_WITH_KNOTS('',3,(#378,#379,#380,#381,#382,#383,#384,
#385,#386,#387,#388,#389,#390),.UNSPECIFIED.,.F.,.F.,(4,2,2,1,2,2,4),(0.,
0.125,0.25,0.5,0.75,0.875,1.),.UNSPECIFIED.);
#45=B_SPLINE_CURVE_WITH_KNOTS('',3,(#392,#393,#394,#395,#396,#397,#398,
#399,#400,#401,#402,#403,#404),.UNSPECIFIED.,.F.,.F.,(4,2,2,1,2,2,4),(-1.,
-0.875,-0.75,-0.5,-0.25,-0.125,0.),.UNSPECIFIED.);
#46=B_SPLINE_CURVE_WITH_KNOTS('',3,(#406,#407,#408,#409,#410,#411,#412,
#413,#414,#415,#416,#417,#418),.UNSPECIFIED.,.F.,.F.,(4,2,2,1,2,2,4),(0.,
0.125,0.25,0.5,0.75,0.875,1.),.UNSPECIFIED.);
#47=B_SPLINE_CURVE_WITH_KNOTS('',3,(#419,#420,#421,#422,#423,#424,#425,
#426,#427,#428,#429,#430,#431),.UNSPECIFIED.,.F.,.F.,(4,2,2,1,2,2,4),(0.,
0.125,0.25,0.5,0.75,0.875,1.),.UNSPECIFIED.);
#48=B_SPLINE_CURVE_WITH_KNOTS('',3,(#602,#603,#604,#605,#606,#607,#608,
#609,#610,#611,#612,#613,#614),.UNSPECIFIED.,.F.,.F.,(4,2,2,1,2,2,4),(-1.,
-0.875,-0.75,-0.5,-0.25,-0.125,0.),.UNSPECIFIED.);
#49=B_SPLINE_CURVE_WITH_KNOTS('',3,(#616,#617,#618,#619,#620,#621,#622,
#623,#624,#625,#626,#627,#628),.UNSPECIFIED.,.F.,.F.,(4,2,2,1,2,2,4),(-1.,
-0.875,-0.75,-0.5,-0.25,-0.125,0.),.UNSPECIFIED.);
#50=B_SPLINE_CURVE_WITH_KNOTS('',3,(#629,#630,#631,#632,#633,#634,#635,
#636,#637,#638,#639,#640,#641),.UNSPECIFIED.,.F.,.F.,(4,2,2,1,2,2,4),(-1.,
-0.875,-0.75,-0.5,-0.25,-0.125,0.),.UNSPECIFIED.);
#51=B_SPLINE_CURVE_WITH_KNOTS('',3,(#812,#813,#814,#815,#816,#817,#818,
#819,#820,#821,#822,#823,#824),.UNSPECIFIED.,.F.,.F.,(4,2,2,1,2,2,4),(-1.,
-0.875,-0.75,-0.5,-0.25,-0.125,0.),.UNSPECIFIED.);
#52=B_SPLINE_CURVE_WITH_KNOTS('',3,(#825,#826,#827,#828,#829,#830,#831,
#832,#833,#834,#835,#836,#837),.UNSPECIFIED.,.F.,.F.,(4,2,2,1,2,2,4),(0.,
0.125,0.25,0.5,0.75,0.875,1.),.UNSPECIFIED.);
#53=B_SPLINE_CURVE_WITH_KNOTS('',3,(#1008,#1009,#1010,#1011,#1012,#1013,
#1014,#1015,#1016,#1017,#1018,#1019,#1020),.UNSPECIFIED.,.F.,.F.,(4,2,2,
1,2,2,4),(-1.,-0.875,-0.75,-0.5,-0.25,-0.125,0.),.UNSPECIFIED.);
#54=B_SPLINE_CURVE_WITH_KNOTS('',3,(#1021,#1022,#1023,#1024,#1025,#1026,
#1027,#1028,#1029,#1030,#1031,#1032,#1033),.UNSPECIFIED.,.F.,.F.,(4,2,2,
1,2,2,4),(0.,0.125,0.25,0.5,0.75,0.875,1.),.UNSPECIFIED.);
#55=B_SPLINE_CURVE_WITH_KNOTS('',3,(#1203,#1204,#1205,#1206,#1207,#1208,
#1209,#1210,#1211,#1212,#1213,#1214,#1215),.UNSPECIFIED.,.F.,.F.,(4,2,2,
1,2,2,4),(0.,0.125,0.25,0.5,0.75,0.875,1.),.UNSPECIFIED.);
#56=B_SPLINE_CURVE_WITH_KNOTS('',3,(#1556,#1557,#1558,#1559,#1560,#1561,
#1562,#1563,#1564,#1565,#1566,#1567,#1568),.UNSPECIFIED.,.F.,.F.,(4,2,2,
1,2,2,4),(0.,0.125,0.25,0.5,0.75,0.875,1.),.UNSPECIFIED.);
#57=B_SPLINE_CURVE_WITH_KNOTS('',3,(#1570,#1571,#1572,#1573,#1574,#1575,
#1576,#1577,#1578,#1579,#1580,#1581,#1582),.UNSPECIFIED.,.F.,.F.,(4,2,2,
1,2,2,4),(-1.,-0.875,-0.75,-0.5,-0.25,-0.125,0.),.UNSPECIFIED.);
#58=B_SPLINE_CURVE_WITH_KNOTS('',3,(#1584,#1585,#1586,#1587,#1588,#1589,
#1590,#1591,#1592,#1593,#1594,#1595,#1596),.UNSPECIFIED.,.F.,.F.,(4,2,2,
1,2,2,4),(0.,0.125,0.25,0.5,0.75,0.875,1.),.UNSPECIFIED.);
#59=B_SPLINE_CURVE_WITH_KNOTS('',3,(#1597,#1598,#1599,#1600,#1601,#1602,
#1603,#1604,#1605,#1606,#1607,#1608,#1609),.UNSPECIFIED.,.F.,.F.,(4,2,2,
1,2,2,4),(0.,0.125,0.25,0.5,0.75,0.875,1.),.UNSPECIFIED.);
#60=B_SPLINE_CURVE_WITH_KNOTS('',3,(#1780,#1781,#1782,#1783,#1784,#1785,
#1786,#1787,#1788,#1789,#1790,#1791,#1792),.UNSPECIFIED.,.F.,.F.,(4,2,2,
1,2,2,4),(-1.,-0.875,-0.75,-0.5,-0.25,-0.125,0.),.UNSPECIFIED.);
#61=B_SPLINE_CURVE_WITH_KNOTS('',3,(#1794,#1795,#1796,#1797,#1798,#1799,
#1800,#1801,#1802,#1803,#1804,#1805,#1806),.UNSPECIFIED.,.F.,.F.,(4,2,2,
1,2,2,4),(-1.,-0.875,-0.75,-0.5,-0.25,-0.125,0.),.UNSPECIFIED.);
#62=B_SPLINE_CURVE_WITH_KNOTS('',3,(#1807,#1808,#1809,#1810,#1811,#1812,
#1813,#1814,#1815,#1816,#1817,#1818,#1819),.UNSPECIFIED.,.F.,.F.,(4,2,2,
1,2,2,4),(-1.,-0.875,-0.75,-0.5,-0.25,-0.125,0.),.UNSPECIFIED.);
#63=B_SPLINE_CURVE_WITH_KNOTS('',3,(#1990,#1991,#1992,#1993,#1994,#1995,
#1996,#1997,#1998,#1999,#2000,#2001,#2002),.UNSPECIFIED.,.F.,.F.,(4,2,2,
1,2,2,4),(-1.,-0.875,-0.75,-0.5,-0.25,-0.125,0.),.UNSPECIFIED.);
#64=B_SPLINE_CURVE_WITH_KNOTS('',3,(#2003,#2004,#2005,#2006,#2007,#2008,
#2009,#2010,#2011,#2012,#2013,#2014,#2015),.UNSPECIFIED.,.F.,.F.,(4,2,2,
1,2,2,4),(0.,0.125,0.25,0.5,0.75,0.875,1.),.UNSPECIFIED.);
#65=B_SPLINE_CURVE_WITH_KNOTS('',3,(#2186,#2187,#2188,#2189,#2190,#2191,
#2192,#2193,#2194,#2195,#2196,#2197,#2198),.UNSPECIFIED.,.F.,.F.,(4,2,2,
1,2,2,4),(-1.,-0.875,-0.75,-0.5,-0.25,-0.125,0.),.UNSPECIFIED.);
#66=B_SPLINE_CURVE_WITH_KNOTS('',3,(#2199,#2200,#2201,#2202,#2203,#2204,
#2205,#2206,#2207,#2208,#2209,#2210,#2211),.UNSPECIFIED.,.F.,.F.,(4,2,2,
1,2,2,4),(0.,0.125,0.25,0.5,0.75,0.875,1.),.UNSPECIFIED.);
#67=B_SPLINE_CURVE_WITH_KNOTS('',3,(#2381,#2382,#2383,#2384,#2385,#2386,
#2387,#2388,#2389,#2390,#2391,#2392,#2393),.UNSPECIFIED.,.F.,.F.,(4,2,2,
1,2,2,4),(0.,0.125,0.25,0.5,0.75,0.875,1.),.UNSPECIFIED.);
#68=VERTEX_POINT('',#376);
#69=VERTEX_POINT('',#377);
#70=VERTEX_POINT('',#391);
#71=VERTEX_POINT('',#405);
#72=VERTEX_POINT('',#601);
#73=VERTEX_POINT('',#615);
#74=VERTEX_POINT('',#811);
#75=VERTEX_POINT('',#1007);
#76=VERTEX_POINT('',#1554);
#77=VERTEX_POINT('',#1555);
#78=VERTEX_POINT('',#1569);
#79=VERTEX_POINT('',#1583);
#80=VERTEX_POINT('',#1779);
#81=VERTEX_POINT('',#1793);
#82=VERTEX_POINT('',#1989);
#83=VERTEX_POINT('',#2185);
#84=EDGE_CURVE('',#68,#69,#44,.T.);
#85=EDGE_CURVE('',#70,#68,#45,.T.);
#86=EDGE_CURVE('',#71,#70,#46,.T.);
#87=EDGE_CURVE('',#69,#71,#47,.T.);
#88=EDGE_CURVE('',#71,#72,#48,.T.);
#89=EDGE_CURVE('',#73,#70,#49,.T.);
#90=EDGE_CURVE('',#72,#73,#50,.T.);
#91=EDGE_CURVE('',#69,#74,#51,.T.);
#92=EDGE_CURVE('',#74,#72,#52,.T.);
#93=EDGE_CURVE('',#74,#75,#53,.T.);
#94=EDGE_CURVE('',#75,#73,#54,.T.);
#95=EDGE_CURVE('',#68,#75,#55,.T.);
#96=EDGE_CURVE('',#76,#77,#56,.T.);
#97=EDGE_CURVE('',#78,#76,#57,.T.);
#98=EDGE_CURVE('',#79,#78,#58,.T.);
#99=EDGE_CURVE('',#77,#79,#59,.T.);
#100=EDGE_CURVE('',#79,#80,#60,.T.);
#101=EDGE_CURVE('',#81,#78,#61,.T.);
#102=EDGE_CURVE('',#80,#81,#62,.T.);
#103=EDGE_CURVE('',#77,#82,#63,.T.);
#104=EDGE_CURVE('',#82,#80,#64,.T.);
#105=EDGE_CURVE('',#82,#83,#65,.T.);
#106=EDGE_CURVE('',#83,#81,#66,.T.);
#107=EDGE_CURVE('',#76,#83,#67,.T.);
#108=ORIENTED_EDGE('',*,*,#84,.F.);
#109=ORIENTED_EDGE('',*,*,#85,.F.);
#110=ORIENTED_EDGE('',*,*,#86,.F.);
#111=ORIENTED_EDGE('',*,*,#87,.F.);
#112=ORIENTED_EDGE('',*,*,#88,.F.);
#113=ORIENTED_EDGE('',*,*,#86,.T.);
#114=ORIENTED_EDGE('',*,*,#89,.F.);
#115=ORIENTED_EDGE('',*,*,#90,.F.);
#116=ORIENTED_EDGE('',*,*,#91,.F.);
#117=ORIENTED_EDGE('',*,*,#87,.T.);
#118=ORIENTED_EDGE('',*,*,#88,.T.);
#119=ORIENTED_EDGE('',*,*,#92,.F.);
#120=ORIENTED_EDGE('',*,*,#93,.F.);
#121=ORIENTED_EDGE('',*,*,#92,.T.);
#122=ORIENTED_EDGE('',*,*,#90,.T.);
#123=ORIENTED_EDGE('',*,*,#94,.F.);
#124=ORIENTED_EDGE('',*,*,#95,.F.);
#125=ORIENTED_EDGE('',*,*,#84,.T.);
#126=ORIENTED_EDGE('',*,*,#91,.T.);
#127=ORIENTED_EDGE('',*,*,#93,.T.);
#128=ORIENTED_EDGE('',*,*,#95,.T.);
#129=ORIENTED_EDGE('',*,*,#94,.T.);
#130=ORIENTED_EDGE('',*,*,#89,.T.);
#131=ORIENTED_EDGE('',*,*,#85,.T.);
#132=ORIENTED_EDGE('',*,*,#96,.F.);
#133=ORIENTED_EDGE('',*,*,#97,.F.);
#134=ORIENTED_EDGE('',*,*,#98,.F.);
#135=ORIENTED_EDGE('',*,*,#99,.F.);
#136=ORIENTED_EDGE('',*,*,#100,.F.);
#137=ORIENTED_EDGE('',*,*,#98,.T.);
#138=ORIENTED_EDGE('',*,*,#101,.F.);
#139=ORIENTED_EDGE('',*,*,#102,.F.);
#140=ORIENTED_EDGE('',*,*,#103,.F.);
#141=ORIENTED_EDGE('',*,*,#99,.T.);
#142=ORIENTED_EDGE('',*,*,#100,.T.);
#143=ORIENTED_EDGE('',*,*,#104,.F.);
#144=ORIENTED_EDGE('',*,*,#105,.F.);
#145=ORIENTED_EDGE('',*,*,#104,.T.);
#146=ORIENTED_EDGE('',*,*,#102,.T.);
#147=ORIENTED_EDGE('',*,*,#106,.F.);
#148=ORIENTED_EDGE('',*,*,#107,.F.);
#149=ORIENTED_EDGE('',*,*,#96,.T.);
#150=ORIENTED_EDGE('',*,*,#103,.T.);
#151=ORIENTED_EDGE('',*,*,#105,.T.);
#152=ORIENTED_EDGE('',*,*,#107,.T.);
#153=ORIENTED_EDGE('',*,*,#106,.T.);
#154=ORIENTED_EDGE('',*,*,#101,.T.);
#155=ORIENTED_EDGE('',*,*,#97,.T.);
#156=B_SPLINE_SURFACE_WITH_KNOTS('',3,3,((#207,#208,#209,#210,#211,#212,
#213,#214,#215,#216,#217,#218,#219),(#220,#221,#222,#223,#224,#225,#226,
#227,#228,#229,#230,#231,#232),(#233,#234,#235,#236,#237,#238,#239,#240,
#241,#242,#243,#244,#245),(#246,#247,#248,#249,#250,#251,#252,#253,#254,
#255,#256,#257,#258),(#259,#260,#261,#262,#263,#264,#265,#266,#267,#268,
#269,#270,#271),(#272,#273,#274,#275,#276,#277,#278,#279,#280,#281,#282,
#283,#284),(#285,#286,#287,#288,#289,#290,#291,#292,#293,#294,#295,#296,
#297),(#298,#299,#300,#301,#302,#303,#304,#305,#306,#307,#308,#309,#310),
(#311,#312,#313,#314,#315,#316,#317,#318,#319,#320,#321,#322,#323),(#324,
#325,#326,#327,#328,#329,#330,#331,#332,#333,#334,#335,#336),(#337,#338,
#339,#340,#341,#342,#343,#344,#345,#346,#347,#348,#349),(#350,#351,#352,
#353,#354,#355,#356,#357,#358,#359,#360,#361,#362),(#363,#364,#365,#366,
#367,#368,#369,#370,#371,#372,#373,#374,#375)),.UNSPECIFIED.,.F.,.F.,.F.,
(4,2,2,1,2,2,4),(4,2,2,1,2,2,4),(0.,0.125,0.25,0.5,0.75,0.875,1.),(0.,0.125,
0.25,0.5,0.75,0.875,1.),.UNSPECIFIED.);
#157=B_SPLINE_SURFACE_WITH_KNOTS('',3,3,((#432,#433,#434,#435,#436,#437,
#438,#439,#440,#441,#442,#443,#444),(#445,#446,#447,#448,#449,#450,#451,
#452,#453,#454,#455,#456,#457),(#458,#459,#460,#461,#462,#463,#464,#465,
#466,#467,#468,#469,#470),(#471,#472,#473,#474,#475,#476,#477,#478,#479,
#480,#481,#482,#483),(#484,#485,#486,#487,#488,#489,#490,#491,#492,#493,
#494,#495,#496),(#497,#498,#499,#500,#501,#502,#503,#504,#505,#506,#507,
#508,#509),(#510,#511,#512,#513,#514,#515,#516,#517,#518,#519,#520,#521,
#522),(#523,#524,#525,#526,#527,#528,#529,#530,#531,#532,#533,#534,#535),
(#536,#537,#538,#539,#540,#541,#542,#543,#544,#545,#546,#547,#548),(#549,
#550,#551,#552,#553,#554,#555,#556,#557,#558,#559,#560,#561),(#562,#563,
#564,#565,#566,#567,#568,#569,#570,#571,#572,#573,#574),(#575,#576,#577,
#578,#579,#580,#581,#582,#583,#584,#585,#586,#587),(#588,#589,#590,#591,
#592,#593,#594,#595,#596,#597,#598,#599,#600)),.UNSPECIFIED.,.F.,.F.,.F.,
(4,2,2,1,2,2,4),(4,2,2,1,2,2,4),(0.,0.125,0.25,0.5,0.75,0.875,1.),(0.,0.125,
0.25,0.5,0.75,0.875,1.),.UNSPECIFIED.);
#158=B_SPLINE_SURFACE_WITH_KNOTS('',3,3,((#642,#643,#644,#645,#646,#647,
#648,#649,#650,#651,#652,#653,#654),(#655,#656,#657,#658,#659,#660,#661,
#662,#663,#664,#665,#666,#667),(#668,#669,#670,#671,#672,#673,#674,#675,
#676,#677,#678,#679,#680),(#681,#682,#683,#684,#685,#686,#687,#688,#689,
#690,#691,#692,#693),(#694,#695,#696,#697,#698,#699,#700,#701,#702,#703,
#704,#705,#706),(#707,#708,#709,#710,#711,#712,#713,#714,#715,#716,#717,
#718,#719),(#720,#721,#722,#723,#724,#725,#726,#727,#728,#729,#730,#731,
#732),(#733,#734,#735,#736,#737,#738,#739,#740,#741,#742,#743,#744,#745),
(#746,#747,#748,#749,#750,#751,#752,#753,#754,#755,#756,#757,#758),(#759,
#760,#761,#762,#763,#764,#765,#766,#767,#768,#769,#770,#771),(#772,#773,
#774,#775,#776,#777,#778,#779,#780,#781,#782,#783,#784),(#785,#786,#787,
#788,#789,#790,#791,#792,#793,#794,#795,#796,#797),(#798,#799,#800,#801,
#802,#803,#804,#805,#806,#807,#808,#809,#810)),.UNSPECIFIED.,.F.,.F.,.F.,
(4,2,2,1,2,2,4),(4,2,2,1,2,2,4),(0.,0.125,0.25,0.5,0.75,0.875,1.),(0.,0.125,
0.25,0.5,0.75,0.875,1.),.UNSPECIFIED.);
#159=B_SPLINE_SURFACE_WITH_KNOTS('',3,3,((#838,#839,#840,#841,#842,#843,
#844,#845,#846,#847,#848,#849,#850),(#851,#852,#853,#854,#855,#856,#857,
#858,#859,#860,#861,#862,#863),(#864,#865,#866,#867,#868,#869,#870,#871,
#872,#873,#874,#875,#876),(#877,#878,#879,#880,#881,#882,#883,#884,#885,
#886,#887,#888,#889),(#890,#891,#892,#893,#894,#895,#896,#897,#898,#899,
#900,#901,#902),(#903,#904,#905,#906,#907,#908,#909,#910,#911,#912,#913,
#914,#915),(#916,#917,#918,#919,#920,#921,#922,#923,#924,#925,#926,#927,
#928),(#929,#930,#931,#932,#933,#934,#935,#936,#937,#938,#939,#940,#941),
(#942,#943,#944,#945,#946,#947,#948,#949,#950,#951,#952,#953,#954),(#955,
#956,#957,#958,#959,#960,#961,#962,#963,#964,#965,#966,#967),(#968,#969,
#970,#971,#972,#973,#974,#975,#976,#977,#978,#979,#980),(#981,#982,#983,
#984,#985,#986,#987,#988,#989,#990,#991,#992,#993),(#994,#995,#996,#997,
#998,#999,#1000,#1001,#1002,#1003,#1004,#1005,#1006)),.UNSPECIFIED.,.F.,
 .F.,.F.,(4,2,2,1,2,2,4),(4,2,2,1,2,2,4),(0.,0.125,0.25,0.5,0.75,0.875,
1.),(0.,0.125,0.25,0.5,0.75,0.875,1.),.UNSPECIFIED.);
#160=B_SPLINE_SURFACE_WITH_KNOTS('',3,3,((#1034,#1035,#1036,#1037,#1038,
#1039,#1040,#1041,#1042,#1043,#1044,#1045,#1046),(#1047,#1048,#1049,#1050,
#1051,#1052,#1053,#1054,#1055,#1056,#1057,#1058,#1059),(#1060,#1061,#1062,
#1063,#1064,#1065,#1066,#1067,#1068,#1069,#1070,#1071,#1072),(#1073,#1074,
#1075,#1076,#1077,#1078,#1079,#1080,#1081,#1082,#1083,#1084,#1085),(#1086,
#1087,#1088,#1089,#1090,#1091,#1092,#1093,#1094,#1095,#1096,#1097,#1098),
(#1099,#1100,#1101,#1102,#1103,#1104,#1105,#1106,#1107,#1108,#1109,#1110,
#1111),(#1112,#1113,#1114,#1115,#1116,#1117,#1118,#1119,#1120,#1121,#1122,
#1123,#1124),(#1125,#1126,#1127,#1128,#1129,#1130,#1131,#1132,#1133,#1134,
#1135,#1136,#1137),(#1138,#1139,#1140,#1141,#1142,#1143,#1144,#1145,#1146,
#1147,#1148,#1149,#1150),(#1151,#1152,#1153,#1154,#1155,#1156,#1157,#1158,
#1159,#1160,#1161,#1162,#1163),(#1164,#1165,#1166,#1167,#1168,#1169,#1170,
#1171,#1172,#1173,#1174,#1175,#1176),(#1177,#1178,#1179,#1180,#1181,#1182,
#1183,#1184,#1185,#1186,#1187,#1188,#1189),(#1190,#1191,#1192,#1193,#1194,
#1195,#1196,#1197,#1198,#1199,#1200,#1201,#1202)),.UNSPECIFIED.,.F.,.F.,
 .F.,(4,2,2,1,2,2,4),(4,2,2,1,2,2,4),(0.,0.125,0.25,0.5,0.75,0.875,1.),
(0.,0.125,0.25,0.5,0.75,0.875,1.),.UNSPECIFIED.);
#161=B_SPLINE_SURFACE_WITH_KNOTS('',3,3,((#1216,#1217,#1218,#1219,#1220,
#1221,#1222,#1223,#1224,#1225,#1226,#1227,#1228),(#1229,#1230,#1231,#1232,
#1233,#1234,#1235,#1236,#1237,#1238,#1239,#1240,#1241),(#1242,#1243,#1244,
#1245,#1246,#1247,#1248,#1249,#1250,#1251,#1252,#1253,#1254),(#1255,#1256,
#1257,#1258,#1259,#1260,#1261,#1262,#1263,#1264,#1265,#1266,#1267),(#1268,
#1269,#1270,#1271,#1272,#1273,#1274,#1275,#1276,#1277,#1278,#1279,#1280),
(#1281,#1282,#1283,#1284,#1285,#1286,#1287,#1288,#1289,#1290,#1291,#1292,
#1293),(#1294,#1295,#1296,#1297,#1298,#1299,#1300,#1301,#1302,#1303,#1304,
#1305,#1306),(#1307,#1308,#1309,#1310,#1311,#1312,#1313,#1314,#1315,#1316,
#1317,#1318,#1319),(#1320,#1321,#1322,#1323,#1324,#1325,#1326,#1327,#1328,
#1329,#1330,#1331,#1332),(#1333,#1334,#1335,#1336,#1337,#1338,#1339,#1340,
#1341,#1342,#1343,#1344,#1345),(#1346,#1347,#1348,#1349,#1350,#1351,#1352,
#1353,#1354,#1355,#1356,#1357,#1358),(#1359,#1360,#1361,#1362,#1363,#1364,
#1365,#1366,#1367,#1368,#1369,#1370,#1371),(#1372,#1373,#1374,#1375,#1376,
#1377,#1378,#1379,#1380,#1381,#1382,#1383,#1384)),.UNSPECIFIED.,.F.,.F.,
 .F.,(4,2,2,1,2,2,4),(4,2,2,1,2,2,4),(0.,0.125,0.25,0.5,0.75,0.875,1.),
(0.,0.125,0.25,0.5,0.75,0.875,1.),.UNSPECIFIED.);
#162=B_SPLINE_SURFACE_WITH_KNOTS('',3,3,((#1385,#1386,#1387,#1388,#1389,
#1390,#1391,#1392,#1393,#1394,#1395,#1396,#1397),(#1398,#1399,#1400,#1401,
#1402,#1403,#1404,#1405,#1406,#1407,#1408,#1409,#1410),(#1411,#1412,#1413,
#1414,#1415,#1416,#1417,#1418,#1419,#1420,#1421,#1422,#1423),(#1424,#1425,
#1426,#1427,#1428,#1429,#1430,#1431,#1432,#1433,#1434,#1435,#1436),(#1437,
#1438,#1439,#1440,#1441,#1442,#1443,#1444,#1445,#1446,#1447,#1448,#1449),
(#1450,#1451,#1452,#1453,#1454,#1455,#1456,#1457,#1458,#1459,#1460,#1461,
#1462),(#1463,#1464,#1465,#1466,#1467,#1468,#1469,#1470,#1471,#1472,#1473,
#1474,#1475),(#1476,#1477,#1478,#1479,#1480,#1481,#1482,#1483,#1484,#1485,
#1486,#1487,#1488),(#1489,#1490,#1491,#1492,#1493,#1494,#1495,#1496,#1497,
#1498,#1499,#1500,#1501),(#1502,#1503,#1504,#1505,#1506,#1507,#1508,#1509,
#1510,#1511,#1512,#1513,#1514),(#1515,#1516,#1517,#1518,#1519,#1520,#1521,
#1522,#1523,#1524,#1525,#1526,#1527),(#1528,#1529,#1530,#1531,#1532,#1533,
#1534,#1535,#1536,#1537,#1538,#1539,#1540),(#1541,#1542,#1543,#1544,#1545,
#1546,#1547,#1548,#1549,#1550,#1551,#1552,#1553)),.UNSPECIFIED.,.F.,.F.,
 .F.,(4,2,2,1,2,2,4),(4,2,2,1,2,2,4),(0.,0.125,0.25,0.5,0.75,0.875,1.),
(0.,0.125,0.25,0.5,0.75,0.875,1.),.UNSPECIFIED.);
#163=B_SPLINE_SURFACE_WITH_KNOTS('',3,3,((#1610,#1611,#1612,#1613,#1614,
#1615,#1616,#1617,#1618,#1619,#1620,#1621,#1622),(#1623,#1624,#1625,#1626,
#1627,#1628,#1629,#1630,#1631,#1632,#1633,#1634,#1635),(#1636,#1637,#1638,
#1639,#1640,#1641,#1642,#1643,#1644,#1645,#1646,#1647,#1648),(#1649,#1650,
#1651,#1652,#1653,#1654,#1655,#1656,#1657,#1658,#1659,#1660,#1661),(#1662,
#1663,#1664,#1665,#1666,#1667,#1668,#1669,#1670,#1671,#1672,#1673,#1674),
(#1675,#1676,#1677,#1678,#1679,#1680,#1681,#1682,#1683,#1684,#1685,#1686,
#1687),(#1688,#1689,#1690,#1691,#1692,#1693,#1694,#1695,#1696,#1697,#1698,
#1699,#1700),(#1701,#1702,#1703,#1704,#1705,#1706,#1707,#1708,#1709,#1710,
#1711,#1712,#1713),(#1714,#1715,#1716,#1717,#1718,#1719,#1720,#1721,#1722,
#1723,#1724,#1725,#1726),(#1727,#1728,#1729,#1730,#1731,#1732,#1733,#1734,
#1735,#1736,#1737,#1738,#1739),(#1740,#1741,#1742,#1743,#1744,#1745,#1746,
#1747,#1748,#1749,#1750,#1751,#1752),(#1753,#1754,#1755,#1756,#1757,#1758,
#1759,#1760,#1761,#1762,#1763,#1764,#1765),(#1766,#1767,#1768,#1769,#1770,
#1771,#1772,#1773,#1774,#1775,#1776,#1777,#1778)),.UNSPECIFIED.,.F.,.F.,
 .F.,(4,2,2,1,2,2,4),(4,2,2,1,2,2,4),(0.,0.125,0.25,0.5,0.75,0.875,1.),
(0.,0.125,0.25,0.5,0.75,0.875,1.),.UNSPECIFIED.);
#164=B_SPLINE_SURFACE_WITH_KNOTS('',3,3,((#1820,#1821,#1822,#1823,#1824,
#1825,#1826,#1827,#1828,#1829,#1830,#1831,#1832),(#1833,#1834,#1835,#1836,
#1837,#1838,#1839,#1840,#1841,#1842,#1843,#1844,#1845),(#1846,#1847,#1848,
#1849,#1850,#1851,#1852,#1853,#1854,#1855,#1856,#1857,#1858),(#1859,#1860,
#1861,#1862,#1863,#1864,#1865,#1866,#1867,#1868,#1869,#1870,#1871),(#1872,
#1873,#1874,#1875,#1876,#1877,#1878,#1879,#1880,#1881,#1882,#1883,#1884),
(#1885,#1886,#1887,#1888,#1889,#1890,#1891,#1892,#1893,#1894,#1895,#1896,
#1897),(#1898,#1899,#1900,#1901,#1902,#1903,#1904,#1905,#1906,#1907,#1908,
#1909,#1910),(#1911,#1912,#1913,#1914,#1915,#1916,#1917,#1918,#1919,#1920,
#1921,#1922,#1923),(#1924,#1925,#1926,#1927,#1928,#1929,#1930,#1931,#1932,
#1933,#1934,#1935,#1936),(#1937,#1938,#1939,#1940,#1941,#1942,#1943,#1944,
#1945,#1946,#1947,#1948,#1949),(#1950,#1951,#1952,#1953,#1954,#1955,#1956,
#1957,#1958,#1959,#1960,#1961,#1962),(#1963,#1964,#1965,#1966,#1967,#1968,
#1969,#1970,#1971,#1972,#1973,#1974,#1975),(#1976,#1977,#1978,#1979,#1980,
#1981,#1982,#1983,#1984,#1985,#1986,#1987,#1988)),.UNSPECIFIED.,.F.,.F.,
 .F.,(4,2,2,1,2,2,4),(4,2,2,1,2,2,4),(0.,0.125,0.25,0.5,0.75,0.875,1.),
(0.,0.125,0.25,0.5,0.75,0.875,1.),.UNSPECIFIED.);
#165=B_SPLINE_SURFACE_WITH_KNOTS('',3,3,((#2016,#2017,#2018,#2019,#2020,
#2021,#2022,#2023,#2024,#2025,#2026,#2027,#2028),(#2029,#2030,#2031,#2032,
#2033,#2034,#2035,#2036,#2037,#2038,#2039,#2040,#2041),(#2042,#2043,#2044,
#2045,#2046,#2047,#2048,#2049,#2050,#2051,#2052,#2053,#2054),(#2055,#2056,
#2057,#2058,#2059,#2060,#2061,#2062,#2063,#2064,#2065,#2066,#2067),(#2068,
#2069,#2070,#2071,#2072,#2073,#2074,#2075,#2076,#2077,#2078,#2079,#2080),
(#2081,#2082,#2083,#2084,#2085,#2086,#2087,#2088,#2089,#2090,#2091,#2092,
#2093),(#2094,#2095,#2096,#2097,#2098,#2099,#2100,#2101,#2102,#2103,#2104,
#2105,#2106),(#2107,#2108,#2109,#2110,#2111,#2112,#2113,#2114,#2115,#2116,
#2117,#2118,#2119),(#2120,#2121,#2122,#2123,#2124,#2125,#2126,#2127,#2128,
#2129,#2130,#2131,#2132),(#2133,#2134,#2135,#2136,#2137,#2138,#2139,#2140,
#2141,#2142,#2143,#2144,#2145),(#2146,#2147,#2148,#2149,#2150,#2151,#2152,
#2153,#2154,#2155,#2156,#2157,#2158),(#2159,#2160,#2161,#2162,#2163,#2164,
#2165,#2166,#2167,#2168,#2169,#2170,#2171),(#2172,#2173,#2174,#2175,#2176,
#2177,#2178,#2179,#2180,#2181,#2182,#2183,#2184)),.UNSPECIFIED.,.F.,.F.,
 .F.,(4,2,2,1,2,2,4),(4,2,2,1,2,2,4),(0.,0.125,0.25,0.5,0.75,0.875,1.),
(0.,0.125,0.25,0.5,0.75,0.875,1.),.UNSPECIFIED.);
#166=B_SPLINE_SURFACE_WITH_KNOTS('',3,3,((#2212,#2213,#2214,#2215,#2216,
#2217,#2218,#2219,#2220,#2221,#2222,#2223,#2224),(#2225,#2226,#2227,#2228,
#2229,#2230,#2231,#2232,#2233,#2234,#2235,#2236,#2237),(#2238,#2239,#2240,
#2241,#2242,#2243,#2244,#2245,#2246,#2247,#2248,#2249,#2250),(#2251,#2252,
#2253,#2254,#2255,#2256,#2257,#2258,#2259,#2260,#2261,#2262,#2263),(#2264,
#2265,#2266,#2267,#2268,#2269,#2270,#2271,#2272,#2273,#2274,#2275,#2276),
(#2277,#2278,#2279,#2280,#2281,#2282,#2283,#2284,#2285,#2286,#2287,#2288,
#2289),(#2290,#2291,#2292,#2293,#2294,#2295,#2296,#2297,#2298,#2299,#2300,
#2301,#2302),(#2303,#2304,#2305,#2306,#2307,#2308,#2309,#2310,#2311,#2312,
#2313,#2314,#2315),(#2316,#2317,#2318,#2319,#2320,#2321,#2322,#2323,#2324,
#2325,#2326,#2327,#2328),(#2329,#2330,#2331,#2332,#2333,#2334,#2335,#2336,
#2337,#2338,#2339,#2340,#2341),(#2342,#2343,#2344,#2345,#2346,#2347,#2348,
#2349,#2350,#2351,#2352,#2353,#2354),(#2355,#2356,#2357,#2358,#2359,#2360,
#2361,#2362,#2363,#2364,#2365,#2366,#2367),(#2368,#2369,#2370,#2371,#2372,
#2373,#2374,#2375,#2376,#2377,#2378,#2379,#2380)),.UNSPECIFIED.,.F.,.F.,
 .F.,(4,2,2,1,2,2,4),(4,2,2,1,2,2,4),(0.,0.125,0.25,0.5,0.75,0.875,1.),
(0.,0.125,0.25,0.5,0.75,0.875,1.),.UNSPECIFIED.);
#167=B_SPLINE_SURFACE_WITH_KNOTS('',3,3,((#2394,#2395,#2396,#2397,#2398,
#2399,#2400,#2401,#2402,#2403,#2404,#2405,#2406),(#2407,#2408,#2409,#2410,
#2411,#2412,#2413,#2414,#2415,#2416,#2417,#2418,#2419),(#2420,#2421,#2422,
#2423,#2424,#2425,#2426,#2427,#2428,#2429,#2430,#2431,#2432),(#2433,#2434,
#2435,#2436,#2437,#2438,#2439,#2440,#2441,#2442,#2443,#2444,#2445),(#2446,
#2447,#2448,#2449,#2450,#2451,#2452,#2453,#2454,#2455,#2456,#2457,#2458),
(#2459,#2460,#2461,#2462,#2463,#2464,#2465,#2466,#2467,#2468,#2469,#2470,
#2471),(#2472,#2473,#2474,#2475,#2476,#2477,#2478,#2479,#2480,#2481,#2482,
#2483,#2484),(#2485,#2486,#2487,#2488,#2489,#2490,#2491,#2492,#2493,#2494,
#2495,#2496,#2497),(#2498,#2499,#2500,#2501,#2502,#2503,#2504,#2505,#2506,
#2507,#2508,#2509,#2510),(#2511,#2512,#2513,#2514,#2515,#2516,#2517,#2518,
#2519,#2520,#2521,#2522,#2523),(#2524,#2525,#2526,#2527,#2528,#2529,#2530,
#2531,#2532,#2533,#2534,#2535,#2536),(#2537,#2538,#2539,#2540,#2541,#2542,
#2543,#2544,#2545,#2546,#2547,#2548,#2549),(#2550,#2551,#2552,#2553,#2554,
#2555,#2556,#2557,#2558,#2559,#2560,#2561,#2562)),.UNSPECIFIED.,.F.,.F.,
 .F.,(4,2,2,1,2,2,4),(4,2,2,1,2,2,4),(0.,0.125,0.25,0.5,0.75,0.875,1.),
(0.,0.125,0.25,0.5,0.75,0.875,1.),.UNSPECIFIED.);
#168=ADVANCED_FACE('',(#20),#156,.T.);
#169=ADVANCED_FACE('',(#21),#157,.T.);
#170=ADVANCED_FACE('',(#22),#158,.T.);
#171=ADVANCED_FACE('',(#23),#159,.T.);
#172=ADVANCED_FACE('',(#24),#160,.T.);
#173=ADVANCED_FACE('',(#25),#161,.T.);
#174=ADVANCED_FACE('',(#26),#162,.T.);
#175=ADVANCED_FACE('',(#27),#163,.T.);
#176=ADVANCED_FACE('',(#28),#164,.T.);
#177=ADVANCED_FACE('',(#29),#165,.T.);
#178=ADVANCED_FACE('',(#30),#166,.T.);
#179=ADVANCED_FACE('',(#31),#167,.T.);
#180=CLOSED_SHELL('',(#168,#169,#170,#171,#172,#173));
#181=CLOSED_SHELL('',(#174,#175,#176,#177,#178,#179));
#182=DERIVED_UNIT_ELEMENT(#185,1.);
#183=DERIVED_UNIT_ELEMENT(#2569,-3.);
#184=DIMENSIONAL_EXPONENTS(0.,1.,0.,0.,0.,0.,0.);
#185=(
CONVERSION_BASED_UNIT('gram',#187)
MASS_UNIT()
NAMED_UNIT(#184)
);
#186=(
MASS_UNIT()
NAMED_UNIT(*)
SI_UNIT(.KILO.,.GRAM.)
);
#187=MASS_MEASURE_WITH_UNIT(MASS_MEASURE(0.001),#186);
#188=DERIVED_UNIT((#182,#183));
#189=MEASURE_REPRESENTATION_ITEM('density measure',
POSITIVE_RATIO_MEASURE(1.),#188);
#190=PROPERTY_DEFINITION_REPRESENTATION(#195,#192);
#191=PROPERTY_DEFINITION_REPRESENTATION(#196,#193);
#192=REPRESENTATION('material name',(#194),#2566);
#193=REPRESENTATION('density',(#189),#2566);
#194=DESCRIPTIVE_REPRESENTATION_ITEM('Generic','Generic');
#195=PROPERTY_DEFINITION('material property','material name',#2576);
#196=PROPERTY_DEFINITION('material property','density of part',#2576);
#197=DATE_TIME_ROLE('creation_date');
#198=APPLIED_DATE_AND_TIME_ASSIGNMENT(#199,#197,(#2576));
#199=DATE_AND_TIME(#200,#201);
#200=CALENDAR_DATE(2026,26,4);
#201=LOCAL_TIME(0,0,0.,#202);
#202=COORDINATED_UNIVERSAL_TIME_OFFSET(0,0,.BEHIND.);
#203=AXIS2_PLACEMENT_3D('',#206,#204,#205);
#204=DIRECTION('axis',(0.,0.,1.));
#205=DIRECTION('refdir',(1.,0.,0.));
#206=CARTESIAN_POINT('',(0.,0.,0.));
#207=CARTESIAN_POINT('Ctrl Pts',(18.75,-12.5,6.25));
#208=CARTESIAN_POINT('Ctrl Pts',(19.2698797351474,-11.8068270198034,6.42329324504915));
#209=CARTESIAN_POINT('Ctrl Pts',(19.7416254869711,-11.1337753995586,6.58054182899036));
#210=CARTESIAN_POINT('Ctrl Pts',(20.6468701248426,-9.49140868342749,6.88229004161419));
#211=CARTESIAN_POINT('Ctrl Pts',(21.0803690108905,-8.52209358754114,7.02678967029681));
#212=CARTESIAN_POINT('Ctrl Pts',(22.3234953703704,-5.16975308641976,7.44116512345679));
#213=CARTESIAN_POINT('Ctrl Pts',(23.3940972222222,1.11022302462516E-15,
7.7980324074074));
#214=CARTESIAN_POINT('Ctrl Pts',(22.3234953703704,5.16975308641975,7.44116512345679));
#215=CARTESIAN_POINT('Ctrl Pts',(21.0803690108905,8.52209358754114,7.02678967029682));
#216=CARTESIAN_POINT('Ctrl Pts',(20.6468701248426,9.49140868342748,6.8822900416142));
#217=CARTESIAN_POINT('Ctrl Pts',(19.7416254869711,11.1337753995586,6.58054182899036));
#218=CARTESIAN_POINT('Ctrl Pts',(19.2698797351474,11.8068270198034,6.42329324504915));
#219=CARTESIAN_POINT('Ctrl Pts',(18.75,12.5,6.25));
#220=CARTESIAN_POINT('Ctrl Pts',(19.2698797351475,-12.8465864900983,5.90341350990169));
#221=CARTESIAN_POINT('Ctrl Pts',(20.0629671325523,-12.0696871698959,6.03484358494795));
#222=CARTESIAN_POINT('Ctrl Pts',(20.6289903381264,-11.3454228059301,6.19951804673657));
#223=CARTESIAN_POINT('Ctrl Pts',(21.8303108548754,-9.55348906307788,6.47246255926401));
#224=CARTESIAN_POINT('Ctrl Pts',(22.3458312504738,-8.52209358754114,6.60496892376904));
#225=CARTESIAN_POINT('Ctrl Pts',(23.7232349537037,-5.16975308641975,6.97458526234568));
#226=CARTESIAN_POINT('Ctrl Pts',(24.8589409722222,1.11022302462516E-15,
7.30975115740741));
#227=CARTESIAN_POINT('Ctrl Pts',(23.7232349537037,5.16975308641975,6.97458526234568));
#228=CARTESIAN_POINT('Ctrl Pts',(22.3458312504738,8.52209358754113,6.60496892376904));
#229=CARTESIAN_POINT('Ctrl Pts',(21.8303108548754,9.55348906307788,6.47246255926401));
#230=CARTESIAN_POINT('Ctrl Pts',(20.6289903381264,11.3454228059301,6.19951804673658));
#231=CARTESIAN_POINT('Ctrl Pts',(20.0629671325522,12.0696871698959,6.03484358494795));
#232=CARTESIAN_POINT('Ctrl Pts',(19.2698797351474,12.8465864900983,5.90341350990169));
#233=CARTESIAN_POINT('Ctrl Pts',(19.7416254869711,-13.1610836579807,5.56688769977931));
#234=CARTESIAN_POINT('Ctrl Pts',(20.6289903381264,-12.3990360934732,5.67271140296503));
#235=CARTESIAN_POINT('Ctrl Pts',(21.4258856616217,-11.5569120252184,5.77845601260921));
#236=CARTESIAN_POINT('Ctrl Pts',(22.8365254627871,-9.66182914077766,6.0078322168404));
#237=CARTESIAN_POINT('Ctrl Pts',(23.4417921970278,-8.60934892821392,6.12949608887611));
#238=CARTESIAN_POINT('Ctrl Pts',(24.950267650463,-5.20351080246914,6.45043643904321));
#239=CARTESIAN_POINT('Ctrl Pts',(26.1420355902778,-1.11022302462516E-15,
6.76088686342593));
#240=CARTESIAN_POINT('Ctrl Pts',(24.950267650463,5.20351080246913,6.45043643904321));
#241=CARTESIAN_POINT('Ctrl Pts',(23.4417921970278,8.60934892821391,6.12949608887611));
#242=CARTESIAN_POINT('Ctrl Pts',(22.8365254627871,9.66182914077767,6.0078322168404));
#243=CARTESIAN_POINT('Ctrl Pts',(21.4258856616217,11.5569120252184,5.77845601260921));
#244=CARTESIAN_POINT('Ctrl Pts',(20.6289903381264,12.3990360934731,5.67271140296503));
#245=CARTESIAN_POINT('Ctrl Pts',(19.7416254869711,13.1610836579807,5.5668876997793));
#246=CARTESIAN_POINT('Ctrl Pts',(20.6468701248426,-13.7645800832284,4.74570434171375));
#247=CARTESIAN_POINT('Ctrl Pts',(21.8303108548754,-12.944925118528,4.77674453153894));
#248=CARTESIAN_POINT('Ctrl Pts',(22.8365254627871,-12.0156644336808,4.83091457038883));
#249=CARTESIAN_POINT('Ctrl Pts',(24.5750980103786,-9.96526177143024,4.98263088571512));
#250=CARTESIAN_POINT('Ctrl Pts',(25.295058950399,-8.85383449371069,5.07230751016553));
#251=CARTESIAN_POINT('Ctrl Pts',(27.0566587094907,-5.30478395061729,5.31578534915124));
#252=CARTESIAN_POINT('Ctrl Pts',(28.3433702256944,-2.22044604925031E-15,
5.57228370949074));
#253=CARTESIAN_POINT('Ctrl Pts',(27.0566587094907,5.30478395061728,5.31578534915124));
#254=CARTESIAN_POINT('Ctrl Pts',(25.295058950399,8.85383449371069,5.07230751016553));
#255=CARTESIAN_POINT('Ctrl Pts',(24.5750980103786,9.96526177143024,4.98263088571512));
#256=CARTESIAN_POINT('Ctrl Pts',(22.8365254627871,12.0156644336808,4.83091457038883));
#257=CARTESIAN_POINT('Ctrl Pts',(21.8303108548753,12.944925118528,4.77674453153894));
#258=CARTESIAN_POINT('Ctrl Pts',(20.6468701248426,13.7645800832284,4.74570434171374));
#259=CARTESIAN_POINT('Ctrl Pts',(21.0803690108905,-14.0535793405936,4.26104679377057));
#260=CARTESIAN_POINT('Ctrl Pts',(22.3458312504738,-13.2099378475381,4.26104679377057));
#261=CARTESIAN_POINT('Ctrl Pts',(23.4417921970278,-12.2589921777522,4.30467446410696));
#262=CARTESIAN_POINT('Ctrl Pts',(25.295058950399,-10.1446150203311,4.42691724685534));
#263=CARTESIAN_POINT('Ctrl Pts',(26.0602032696759,-8.99869188850309,4.49934594425154));
#264=CARTESIAN_POINT('Ctrl Pts',(27.9360170717593,-5.37229938271605,4.70528308256173));
#265=CARTESIAN_POINT('Ctrl Pts',(29.2616102430556,0.,4.93254484953704));
#266=CARTESIAN_POINT('Ctrl Pts',(27.9360170717593,5.37229938271605,4.70528308256173));
#267=CARTESIAN_POINT('Ctrl Pts',(26.0602032696759,8.99869188850309,4.49934594425154));
#268=CARTESIAN_POINT('Ctrl Pts',(25.295058950399,10.1446150203311,4.42691724685535));
#269=CARTESIAN_POINT('Ctrl Pts',(23.4417921970278,12.2589921777522,4.30467446410696));
#270=CARTESIAN_POINT('Ctrl Pts',(22.3458312504738,13.2099378475381,4.26104679377057));
#271=CARTESIAN_POINT('Ctrl Pts',(21.0803690108904,14.0535793405936,4.26104679377057));
#272=CARTESIAN_POINT('Ctrl Pts',(22.3234953703704,-14.8823302469136,2.58487654320988));
#273=CARTESIAN_POINT('Ctrl Pts',(23.7232349537037,-13.9491705246914,2.58487654320988));
#274=CARTESIAN_POINT('Ctrl Pts',(24.950267650463,-12.9008728780864,2.60175540123457));
#275=CARTESIAN_POINT('Ctrl Pts',(27.0566587094907,-10.6315706983025,2.65239197530864));
#276=CARTESIAN_POINT('Ctrl Pts',(27.9360170717593,-9.41056616512346,2.68614969135803));
#277=CARTESIAN_POINT('Ctrl Pts',(30.0491898148148,-5.57484567901235,2.78742283950617));
#278=CARTESIAN_POINT('Ctrl Pts',(31.4670138888889,-6.66133814775094E-15,
2.9224537037037));
#279=CARTESIAN_POINT('Ctrl Pts',(30.0491898148148,5.57484567901235,2.78742283950617));
#280=CARTESIAN_POINT('Ctrl Pts',(27.9360170717593,9.41056616512346,2.68614969135802));
#281=CARTESIAN_POINT('Ctrl Pts',(27.0566587094907,10.6315706983025,2.65239197530864));
#282=CARTESIAN_POINT('Ctrl Pts',(24.950267650463,12.9008728780864,2.60175540123457));
#283=CARTESIAN_POINT('Ctrl Pts',(23.7232349537037,13.9491705246914,2.58487654320988));
#284=CARTESIAN_POINT('Ctrl Pts',(22.3234953703704,14.8823302469136,2.58487654320988));
#285=CARTESIAN_POINT('Ctrl Pts',(23.3940972222222,-15.5960648148148,1.66533453693773E-15));
#286=CARTESIAN_POINT('Ctrl Pts',(24.8589409722222,-14.6195023148148,-1.66533453693773E-15));
#287=CARTESIAN_POINT('Ctrl Pts',(26.1420355902778,-13.5217737268519,2.77555756156289E-15));
#288=CARTESIAN_POINT('Ctrl Pts',(28.3433702256944,-11.1445674189815,-1.11022302462516E-15));
#289=CARTESIAN_POINT('Ctrl Pts',(29.2616102430556,-9.86508969907407,0.));
#290=CARTESIAN_POINT('Ctrl Pts',(31.4670138888889,-5.84490740740741,2.77555756156289E-15));
#291=CARTESIAN_POINT('Ctrl Pts',(32.9427083333333,0.,2.22044604925031E-15));
#292=CARTESIAN_POINT('Ctrl Pts',(31.4670138888889,5.8449074074074,0.));
#293=CARTESIAN_POINT('Ctrl Pts',(29.2616102430556,9.86508969907407,-1.66533453693773E-15));
#294=CARTESIAN_POINT('Ctrl Pts',(28.3433702256944,11.1445674189815,-2.77555756156289E-15));
#295=CARTESIAN_POINT('Ctrl Pts',(26.1420355902778,13.5217737268518,5.55111512312578E-16));
#296=CARTESIAN_POINT('Ctrl Pts',(24.8589409722222,14.6195023148148,-1.66533453693773E-15));
#297=CARTESIAN_POINT('Ctrl Pts',(23.3940972222222,15.5960648148148,0.));
#298=CARTESIAN_POINT('Ctrl Pts',(22.3234953703704,-14.8823302469136,-2.58487654320988));
#299=CARTESIAN_POINT('Ctrl Pts',(23.7232349537037,-13.9491705246914,-2.58487654320987));
#300=CARTESIAN_POINT('Ctrl Pts',(24.950267650463,-12.9008728780864,-2.60175540123457));
#301=CARTESIAN_POINT('Ctrl Pts',(27.0566587094907,-10.6315706983025,-2.65239197530864));
#302=CARTESIAN_POINT('Ctrl Pts',(27.9360170717593,-9.41056616512346,-2.68614969135802));
#303=CARTESIAN_POINT('Ctrl Pts',(30.0491898148148,-5.57484567901235,-2.78742283950617));
#304=CARTESIAN_POINT('Ctrl Pts',(31.4670138888889,-6.66133814775094E-15,
-2.92245370370371));
#305=CARTESIAN_POINT('Ctrl Pts',(30.0491898148148,5.57484567901235,-2.78742283950617));
#306=CARTESIAN_POINT('Ctrl Pts',(27.9360170717593,9.41056616512345,-2.68614969135803));
#307=CARTESIAN_POINT('Ctrl Pts',(27.0566587094907,10.6315706983025,-2.65239197530864));
#308=CARTESIAN_POINT('Ctrl Pts',(24.950267650463,12.9008728780864,-2.60175540123457));
#309=CARTESIAN_POINT('Ctrl Pts',(23.7232349537037,13.9491705246914,-2.58487654320988));
#310=CARTESIAN_POINT('Ctrl Pts',(22.3234953703704,14.8823302469136,-2.58487654320988));
#311=CARTESIAN_POINT('Ctrl Pts',(21.0803690108905,-14.0535793405936,-4.26104679377057));
#312=CARTESIAN_POINT('Ctrl Pts',(22.3458312504738,-13.2099378475381,-4.26104679377057));
#313=CARTESIAN_POINT('Ctrl Pts',(23.4417921970278,-12.2589921777522,-4.30467446410696));
#314=CARTESIAN_POINT('Ctrl Pts',(25.295058950399,-10.1446150203311,-4.42691724685535));
#315=CARTESIAN_POINT('Ctrl Pts',(26.0602032696759,-8.99869188850309,-4.49934594425154));
#316=CARTESIAN_POINT('Ctrl Pts',(27.9360170717593,-5.37229938271605,-4.70528308256173));
#317=CARTESIAN_POINT('Ctrl Pts',(29.2616102430556,-1.11022302462516E-15,
-4.93254484953703));
#318=CARTESIAN_POINT('Ctrl Pts',(27.9360170717593,5.37229938271605,-4.70528308256173));
#319=CARTESIAN_POINT('Ctrl Pts',(26.0602032696759,8.99869188850309,-4.49934594425154));
#320=CARTESIAN_POINT('Ctrl Pts',(25.295058950399,10.1446150203311,-4.42691724685535));
#321=CARTESIAN_POINT('Ctrl Pts',(23.4417921970278,12.2589921777522,-4.30467446410696));
#322=CARTESIAN_POINT('Ctrl Pts',(22.3458312504738,13.2099378475381,-4.26104679377057));
#323=CARTESIAN_POINT('Ctrl Pts',(21.0803690108905,14.0535793405936,-4.26104679377057));
#324=CARTESIAN_POINT('Ctrl Pts',(20.6468701248426,-13.7645800832284,-4.74570434171374));
#325=CARTESIAN_POINT('Ctrl Pts',(21.8303108548754,-12.944925118528,-4.77674453153894));
#326=CARTESIAN_POINT('Ctrl Pts',(22.8365254627871,-12.0156644336808,-4.83091457038883));
#327=CARTESIAN_POINT('Ctrl Pts',(24.5750980103786,-9.96526177143024,-4.98263088571512));
#328=CARTESIAN_POINT('Ctrl Pts',(25.295058950399,-8.8538344937107,-5.07230751016553));
#329=CARTESIAN_POINT('Ctrl Pts',(27.0566587094907,-5.30478395061729,-5.31578534915123));
#330=CARTESIAN_POINT('Ctrl Pts',(28.3433702256944,-2.22044604925031E-15,
-5.57228370949074));
#331=CARTESIAN_POINT('Ctrl Pts',(27.0566587094907,5.30478395061728,-5.31578534915123));
#332=CARTESIAN_POINT('Ctrl Pts',(25.295058950399,8.85383449371069,-5.07230751016553));
#333=CARTESIAN_POINT('Ctrl Pts',(24.5750980103786,9.96526177143024,-4.98263088571512));
#334=CARTESIAN_POINT('Ctrl Pts',(22.8365254627871,12.0156644336808,-4.83091457038883));
#335=CARTESIAN_POINT('Ctrl Pts',(21.8303108548754,12.944925118528,-4.77674453153894));
#336=CARTESIAN_POINT('Ctrl Pts',(20.6468701248426,13.7645800832284,-4.74570434171374));
#337=CARTESIAN_POINT('Ctrl Pts',(19.7416254869711,-13.1610836579807,-5.5668876997793));
#338=CARTESIAN_POINT('Ctrl Pts',(20.6289903381264,-12.3990360934732,-5.67271140296503));
#339=CARTESIAN_POINT('Ctrl Pts',(21.4258856616217,-11.5569120252184,-5.77845601260921));
#340=CARTESIAN_POINT('Ctrl Pts',(22.8365254627871,-9.66182914077767,-6.0078322168404));
#341=CARTESIAN_POINT('Ctrl Pts',(23.4417921970278,-8.60934892821392,-6.12949608887611));
#342=CARTESIAN_POINT('Ctrl Pts',(24.950267650463,-5.20351080246914,-6.45043643904321));
#343=CARTESIAN_POINT('Ctrl Pts',(26.1420355902778,-2.22044604925031E-15,
-6.76088686342592));
#344=CARTESIAN_POINT('Ctrl Pts',(24.950267650463,5.20351080246913,-6.45043643904321));
#345=CARTESIAN_POINT('Ctrl Pts',(23.4417921970278,8.60934892821391,-6.12949608887611));
#346=CARTESIAN_POINT('Ctrl Pts',(22.8365254627871,9.66182914077767,-6.0078322168404));
#347=CARTESIAN_POINT('Ctrl Pts',(21.4258856616217,11.5569120252184,-5.77845601260921));
#348=CARTESIAN_POINT('Ctrl Pts',(20.6289903381264,12.3990360934731,-5.67271140296503));
#349=CARTESIAN_POINT('Ctrl Pts',(19.7416254869711,13.1610836579807,-5.5668876997793));
#350=CARTESIAN_POINT('Ctrl Pts',(19.2698797351475,-12.8465864900983,-5.90341350990169));
#351=CARTESIAN_POINT('Ctrl Pts',(20.0629671325523,-12.0696871698959,-6.03484358494796));
#352=CARTESIAN_POINT('Ctrl Pts',(20.6289903381264,-11.3454228059301,-6.19951804673657));
#353=CARTESIAN_POINT('Ctrl Pts',(21.8303108548754,-9.55348906307789,-6.47246255926401));
#354=CARTESIAN_POINT('Ctrl Pts',(22.3458312504738,-8.52209358754114,-6.60496892376904));
#355=CARTESIAN_POINT('Ctrl Pts',(23.7232349537037,-5.16975308641975,-6.97458526234568));
#356=CARTESIAN_POINT('Ctrl Pts',(24.8589409722222,-2.22044604925031E-15,
-7.30975115740741));
#357=CARTESIAN_POINT('Ctrl Pts',(23.7232349537037,5.16975308641975,-6.97458526234568));
#358=CARTESIAN_POINT('Ctrl Pts',(22.3458312504738,8.52209358754114,-6.60496892376904));
#359=CARTESIAN_POINT('Ctrl Pts',(21.8303108548754,9.55348906307788,-6.47246255926402));
#360=CARTESIAN_POINT('Ctrl Pts',(20.6289903381264,11.3454228059301,-6.19951804673658));
#361=CARTESIAN_POINT('Ctrl Pts',(20.0629671325523,12.0696871698959,-6.03484358494796));
#362=CARTESIAN_POINT('Ctrl Pts',(19.2698797351474,12.8465864900983,-5.90341350990169));
#363=CARTESIAN_POINT('Ctrl Pts',(18.75,-12.5,-6.25));
#364=CARTESIAN_POINT('Ctrl Pts',(19.2698797351475,-11.8068270198034,-6.42329324504915));
#365=CARTESIAN_POINT('Ctrl Pts',(19.7416254869711,-11.1337753995586,-6.58054182899036));
#366=CARTESIAN_POINT('Ctrl Pts',(20.6468701248426,-9.49140868342749,-6.88229004161419));
#367=CARTESIAN_POINT('Ctrl Pts',(21.0803690108905,-8.52209358754114,-7.02678967029681));
#368=CARTESIAN_POINT('Ctrl Pts',(22.3234953703704,-5.16975308641976,-7.44116512345679));
#369=CARTESIAN_POINT('Ctrl Pts',(23.3940972222222,-1.11022302462516E-15,
-7.79803240740741));
#370=CARTESIAN_POINT('Ctrl Pts',(22.3234953703704,5.16975308641975,-7.44116512345679));
#371=CARTESIAN_POINT('Ctrl Pts',(21.0803690108904,8.52209358754114,-7.02678967029682));
#372=CARTESIAN_POINT('Ctrl Pts',(20.6468701248426,9.49140868342749,-6.8822900416142));
#373=CARTESIAN_POINT('Ctrl Pts',(19.7416254869711,11.1337753995586,-6.58054182899036));
#374=CARTESIAN_POINT('Ctrl Pts',(19.2698797351474,11.8068270198034,-6.42329324504915));
#375=CARTESIAN_POINT('Ctrl Pts',(18.75,12.5,-6.25));
#376=CARTESIAN_POINT('',(18.75,-12.5,-6.25));
#377=CARTESIAN_POINT('',(18.75,-12.5,6.25));
#378=CARTESIAN_POINT('Ctrl Pts',(18.75,-12.5,-6.25));
#379=CARTESIAN_POINT('Ctrl Pts',(19.2698797351475,-12.8465864900983,-5.90341350990169));
#380=CARTESIAN_POINT('Ctrl Pts',(19.7416254869711,-13.1610836579807,-5.5668876997793));
#381=CARTESIAN_POINT('Ctrl Pts',(20.6468701248426,-13.7645800832284,-4.74570434171374));
#382=CARTESIAN_POINT('Ctrl Pts',(21.0803690108905,-14.0535793405936,-4.26104679377057));
#383=CARTESIAN_POINT('Ctrl Pts',(22.3234953703704,-14.8823302469136,-2.58487654320988));
#384=CARTESIAN_POINT('Ctrl Pts',(23.3940972222222,-15.5960648148148,-1.11022302462516E-15));
#385=CARTESIAN_POINT('Ctrl Pts',(22.3234953703704,-14.8823302469136,2.58487654320988));
#386=CARTESIAN_POINT('Ctrl Pts',(21.0803690108905,-14.0535793405936,4.26104679377057));
#387=CARTESIAN_POINT('Ctrl Pts',(20.6468701248426,-13.7645800832284,4.74570434171375));
#388=CARTESIAN_POINT('Ctrl Pts',(19.7416254869711,-13.1610836579807,5.56688769977931));
#389=CARTESIAN_POINT('Ctrl Pts',(19.2698797351475,-12.8465864900983,5.90341350990169));
#390=CARTESIAN_POINT('Ctrl Pts',(18.75,-12.5,6.25));
#391=CARTESIAN_POINT('',(18.75,12.5,-6.25));
#392=CARTESIAN_POINT('Ctrl Pts',(18.75,12.5,-6.25));
#393=CARTESIAN_POINT('Ctrl Pts',(19.2698797351474,11.8068270198034,-6.42329324504915));
#394=CARTESIAN_POINT('Ctrl Pts',(19.7416254869711,11.1337753995586,-6.58054182899036));
#395=CARTESIAN_POINT('Ctrl Pts',(20.6468701248426,9.49140868342749,-6.8822900416142));
#396=CARTESIAN_POINT('Ctrl Pts',(21.0803690108904,8.52209358754114,-7.02678967029682));
#397=CARTESIAN_POINT('Ctrl Pts',(22.3234953703704,5.16975308641975,-7.44116512345679));
#398=CARTESIAN_POINT('Ctrl Pts',(23.3940972222222,-1.11022302462516E-15,
-7.79803240740741));
#399=CARTESIAN_POINT('Ctrl Pts',(22.3234953703704,-5.16975308641976,-7.44116512345679));
#400=CARTESIAN_POINT('Ctrl Pts',(21.0803690108905,-8.52209358754114,-7.02678967029681));
#401=CARTESIAN_POINT('Ctrl Pts',(20.6468701248426,-9.49140868342749,-6.88229004161419));
#402=CARTESIAN_POINT('Ctrl Pts',(19.7416254869711,-11.1337753995586,-6.58054182899036));
#403=CARTESIAN_POINT('Ctrl Pts',(19.2698797351475,-11.8068270198034,-6.42329324504915));
#404=CARTESIAN_POINT('Ctrl Pts',(18.75,-12.5,-6.25));
#405=CARTESIAN_POINT('',(18.75,12.5,6.25));
#406=CARTESIAN_POINT('Ctrl Pts',(18.75,12.5,6.25));
#407=CARTESIAN_POINT('Ctrl Pts',(19.2698797351474,12.8465864900983,5.90341350990169));
#408=CARTESIAN_POINT('Ctrl Pts',(19.7416254869711,13.1610836579807,5.5668876997793));
#409=CARTESIAN_POINT('Ctrl Pts',(20.6468701248426,13.7645800832284,4.74570434171374));
#410=CARTESIAN_POINT('Ctrl Pts',(21.0803690108904,14.0535793405936,4.26104679377057));
#411=CARTESIAN_POINT('Ctrl Pts',(22.3234953703704,14.8823302469136,2.58487654320988));
#412=CARTESIAN_POINT('Ctrl Pts',(23.3940972222222,15.5960648148148,0.));
#413=CARTESIAN_POINT('Ctrl Pts',(22.3234953703704,14.8823302469136,-2.58487654320988));
#414=CARTESIAN_POINT('Ctrl Pts',(21.0803690108905,14.0535793405936,-4.26104679377057));
#415=CARTESIAN_POINT('Ctrl Pts',(20.6468701248426,13.7645800832284,-4.74570434171374));
#416=CARTESIAN_POINT('Ctrl Pts',(19.7416254869711,13.1610836579807,-5.5668876997793));
#417=CARTESIAN_POINT('Ctrl Pts',(19.2698797351474,12.8465864900983,-5.90341350990169));
#418=CARTESIAN_POINT('Ctrl Pts',(18.75,12.5,-6.25));
#419=CARTESIAN_POINT('Ctrl Pts',(18.75,-12.5,6.25));
#420=CARTESIAN_POINT('Ctrl Pts',(19.2698797351474,-11.8068270198034,6.42329324504915));
#421=CARTESIAN_POINT('Ctrl Pts',(19.7416254869711,-11.1337753995586,6.58054182899036));
#422=CARTESIAN_POINT('Ctrl Pts',(20.6468701248426,-9.49140868342749,6.88229004161419));
#423=CARTESIAN_POINT('Ctrl Pts',(21.0803690108905,-8.52209358754114,7.02678967029681));
#424=CARTESIAN_POINT('Ctrl Pts',(22.3234953703704,-5.16975308641976,7.44116512345679));
#425=CARTESIAN_POINT('Ctrl Pts',(23.3940972222222,1.11022302462516E-15,
7.7980324074074));
#426=CARTESIAN_POINT('Ctrl Pts',(22.3234953703704,5.16975308641975,7.44116512345679));
#427=CARTESIAN_POINT('Ctrl Pts',(21.0803690108905,8.52209358754114,7.02678967029682));
#428=CARTESIAN_POINT('Ctrl Pts',(20.6468701248426,9.49140868342748,6.8822900416142));
#429=CARTESIAN_POINT('Ctrl Pts',(19.7416254869711,11.1337753995586,6.58054182899036));
#430=CARTESIAN_POINT('Ctrl Pts',(19.2698797351474,11.8068270198034,6.42329324504915));
#431=CARTESIAN_POINT('Ctrl Pts',(18.75,12.5,6.25));
#432=CARTESIAN_POINT('Ctrl Pts',(-18.75,12.5,6.25));
#433=CARTESIAN_POINT('Ctrl Pts',(-19.2698797351474,12.8465864900983,5.90341350990169));
#434=CARTESIAN_POINT('Ctrl Pts',(-19.7416254869711,13.1610836579807,5.5668876997793));
#435=CARTESIAN_POINT('Ctrl Pts',(-20.6468701248426,13.7645800832284,4.74570434171374));
#436=CARTESIAN_POINT('Ctrl Pts',(-21.0803690108905,14.0535793405936,4.26104679377057));
#437=CARTESIAN_POINT('Ctrl Pts',(-22.3234953703704,14.8823302469136,2.58487654320988));
#438=CARTESIAN_POINT('Ctrl Pts',(-23.3940972222222,15.5960648148148,-3.33066907387547E-15));
#439=CARTESIAN_POINT('Ctrl Pts',(-22.3234953703704,14.8823302469136,-2.58487654320988));
#440=CARTESIAN_POINT('Ctrl Pts',(-21.0803690108904,14.0535793405936,-4.26104679377057));
#441=CARTESIAN_POINT('Ctrl Pts',(-20.6468701248426,13.7645800832284,-4.74570434171374));
#442=CARTESIAN_POINT('Ctrl Pts',(-19.7416254869711,13.1610836579807,-5.5668876997793));
#443=CARTESIAN_POINT('Ctrl Pts',(-19.2698797351475,12.8465864900983,-5.90341350990169));
#444=CARTESIAN_POINT('Ctrl Pts',(-18.75,12.5,-6.25));
#445=CARTESIAN_POINT('Ctrl Pts',(-17.7102405297051,12.8465864900983,6.42329324504915));
#446=CARTESIAN_POINT('Ctrl Pts',(-18.1045307548438,13.3753114217015,6.03484358494795));
#447=CARTESIAN_POINT('Ctrl Pts',(-18.5985541402097,13.7526602254176,5.67271140296503));
#448=CARTESIAN_POINT('Ctrl Pts',(-19.417387677792,14.5535405699169,4.77674453153894));
#449=CARTESIAN_POINT('Ctrl Pts',(-19.8149067713071,14.8972208336492,4.26104679377057));
#450=CARTESIAN_POINT('Ctrl Pts',(-20.923755787037,15.8154899691358,2.58487654320988));
#451=CARTESIAN_POINT('Ctrl Pts',(-21.9292534722222,16.5726273148148,-2.77555756156289E-15));
#452=CARTESIAN_POINT('Ctrl Pts',(-20.923755787037,15.8154899691358,-2.58487654320988));
#453=CARTESIAN_POINT('Ctrl Pts',(-19.8149067713071,14.8972208336492,-4.26104679377057));
#454=CARTESIAN_POINT('Ctrl Pts',(-19.417387677792,14.5535405699169,-4.77674453153894));
#455=CARTESIAN_POINT('Ctrl Pts',(-18.5985541402097,13.7526602254176,-5.67271140296503));
#456=CARTESIAN_POINT('Ctrl Pts',(-18.1045307548439,13.3753114217015,-6.03484358494795));
#457=CARTESIAN_POINT('Ctrl Pts',(-17.7102405297051,12.8465864900983,-6.42329324504915));
#458=CARTESIAN_POINT('Ctrl Pts',(-16.7006630993379,13.1610836579807,6.58054182899036));
#459=CARTESIAN_POINT('Ctrl Pts',(-17.0181342088951,13.7526602254176,6.19951804673657));
#460=CARTESIAN_POINT('Ctrl Pts',(-17.3353680378276,14.2839237744144,5.77845601260921));
#461=CARTESIAN_POINT('Ctrl Pts',(-18.0234966505212,15.2243503085247,4.83091457038883));
#462=CARTESIAN_POINT('Ctrl Pts',(-18.3884882666283,15.6278614646852,4.30467446410696));
#463=CARTESIAN_POINT('Ctrl Pts',(-19.3513093171296,16.6335117669753,2.60175540123457));
#464=CARTESIAN_POINT('Ctrl Pts',(-20.2826605902778,17.4280237268518,-5.55111512312578E-16));
#465=CARTESIAN_POINT('Ctrl Pts',(-19.3513093171296,16.6335117669753,-2.60175540123457));
#466=CARTESIAN_POINT('Ctrl Pts',(-18.3884882666283,15.6278614646852,-4.30467446410696));
#467=CARTESIAN_POINT('Ctrl Pts',(-18.0234966505212,15.2243503085247,-4.83091457038883));
#468=CARTESIAN_POINT('Ctrl Pts',(-17.3353680378276,14.2839237744144,-5.77845601260921));
#469=CARTESIAN_POINT('Ctrl Pts',(-17.0181342088951,13.7526602254176,-6.19951804673658));
#470=CARTESIAN_POINT('Ctrl Pts',(-16.7006630993379,13.1610836579807,-6.58054182899036));
#471=CARTESIAN_POINT('Ctrl Pts',(-14.2371130251412,13.7645800832284,6.88229004161419));
#472=CARTESIAN_POINT('Ctrl Pts',(-14.3302335946168,14.5535405699169,6.47246255926401));
#473=CARTESIAN_POINT('Ctrl Pts',(-14.4927437111665,15.2243503085247,6.0078322168404));
#474=CARTESIAN_POINT('Ctrl Pts',(-14.9478926571454,16.3833986735857,4.98263088571512));
#475=CARTESIAN_POINT('Ctrl Pts',(-15.2169225304966,16.8633726335993,4.42691724685534));
#476=CARTESIAN_POINT('Ctrl Pts',(-15.9473560474537,18.0377724729938,2.65239197530864));
#477=CARTESIAN_POINT('Ctrl Pts',(-16.7168511284722,18.895580150463,-1.66533453693773E-15));
#478=CARTESIAN_POINT('Ctrl Pts',(-15.9473560474537,18.0377724729938,-2.65239197530864));
#479=CARTESIAN_POINT('Ctrl Pts',(-15.2169225304966,16.8633726335993,-4.42691724685535));
#480=CARTESIAN_POINT('Ctrl Pts',(-14.9478926571454,16.3833986735857,-4.98263088571512));
#481=CARTESIAN_POINT('Ctrl Pts',(-14.4927437111665,15.2243503085247,-6.0078322168404));
#482=CARTESIAN_POINT('Ctrl Pts',(-14.3302335946168,14.5535405699169,-6.47246255926401));
#483=CARTESIAN_POINT('Ctrl Pts',(-14.2371130251412,13.7645800832284,-6.8822900416142));
#484=CARTESIAN_POINT('Ctrl Pts',(-12.7831403813117,14.0535793405936,7.02678967029682));
#485=CARTESIAN_POINT('Ctrl Pts',(-12.7831403813117,14.8972208336492,6.60496892376904));
#486=CARTESIAN_POINT('Ctrl Pts',(-12.9140233923209,15.6278614646852,6.12949608887611));
#487=CARTESIAN_POINT('Ctrl Pts',(-13.280751740566,16.8633726335993,5.07230751016553));
#488=CARTESIAN_POINT('Ctrl Pts',(-13.4980378327546,17.3734688464506,4.49934594425154));
#489=CARTESIAN_POINT('Ctrl Pts',(-14.1158492476852,18.6240113811728,2.68614969135803));
#490=CARTESIAN_POINT('Ctrl Pts',(-14.7976345486111,19.507740162037,-2.22044604925031E-15));
#491=CARTESIAN_POINT('Ctrl Pts',(-14.1158492476852,18.6240113811728,-2.68614969135803));
#492=CARTESIAN_POINT('Ctrl Pts',(-13.4980378327546,17.3734688464506,-4.49934594425154));
#493=CARTESIAN_POINT('Ctrl Pts',(-13.280751740566,16.8633726335993,-5.07230751016553));
#494=CARTESIAN_POINT('Ctrl Pts',(-12.9140233923209,15.6278614646852,-6.12949608887611));
#495=CARTESIAN_POINT('Ctrl Pts',(-12.7831403813117,14.8972208336492,-6.60496892376904));
#496=CARTESIAN_POINT('Ctrl Pts',(-12.7831403813117,14.0535793405936,-7.02678967029682));
#497=CARTESIAN_POINT('Ctrl Pts',(-7.75462962962963,14.8823302469136,7.44116512345679));
#498=CARTESIAN_POINT('Ctrl Pts',(-7.75462962962963,15.8154899691358,6.97458526234568));
#499=CARTESIAN_POINT('Ctrl Pts',(-7.8052662037037,16.6335117669753,6.45043643904321));
#500=CARTESIAN_POINT('Ctrl Pts',(-7.95717592592592,18.0377724729938,5.31578534915124));
#501=CARTESIAN_POINT('Ctrl Pts',(-8.05844907407407,18.6240113811728,4.70528308256173));
#502=CARTESIAN_POINT('Ctrl Pts',(-8.36226851851852,20.0327932098765,2.78742283950617));
#503=CARTESIAN_POINT('Ctrl Pts',(-8.76736111111111,20.9780092592593,-1.66533453693773E-15));
#504=CARTESIAN_POINT('Ctrl Pts',(-8.36226851851852,20.0327932098765,-2.78742283950617));
#505=CARTESIAN_POINT('Ctrl Pts',(-8.05844907407407,18.6240113811728,-4.70528308256173));
#506=CARTESIAN_POINT('Ctrl Pts',(-7.95717592592592,18.0377724729938,-5.31578534915123));
#507=CARTESIAN_POINT('Ctrl Pts',(-7.8052662037037,16.6335117669753,-6.45043643904321));
#508=CARTESIAN_POINT('Ctrl Pts',(-7.75462962962963,15.8154899691358,-6.97458526234568));
#509=CARTESIAN_POINT('Ctrl Pts',(-7.75462962962963,14.8823302469136,-7.44116512345679));
#510=CARTESIAN_POINT('Ctrl Pts',(6.66133814775094E-15,15.5960648148148,
7.7980324074074));
#511=CARTESIAN_POINT('Ctrl Pts',(-1.11022302462516E-15,16.5726273148148,
7.3097511574074));
#512=CARTESIAN_POINT('Ctrl Pts',(-4.44089209850063E-15,17.4280237268518,
6.76088686342593));
#513=CARTESIAN_POINT('Ctrl Pts',(-1.11022302462516E-15,18.895580150463,
5.57228370949074));
#514=CARTESIAN_POINT('Ctrl Pts',(-7.7715611723761E-15,19.507740162037,4.93254484953704));
#515=CARTESIAN_POINT('Ctrl Pts',(-4.44089209850063E-15,20.9780092592593,
2.92245370370371));
#516=CARTESIAN_POINT('Ctrl Pts',(1.33226762955019E-14,21.9618055555555,
-9.43689570931383E-15));
#517=CARTESIAN_POINT('Ctrl Pts',(1.11022302462516E-14,20.9780092592593,
-2.9224537037037));
#518=CARTESIAN_POINT('Ctrl Pts',(7.7715611723761E-15,19.507740162037,-4.93254484953704));
#519=CARTESIAN_POINT('Ctrl Pts',(4.44089209850063E-15,18.895580150463,-5.57228370949074));
#520=CARTESIAN_POINT('Ctrl Pts',(1.22124532708767E-14,17.4280237268518,
-6.76088686342593));
#521=CARTESIAN_POINT('Ctrl Pts',(7.7715611723761E-15,16.5726273148148,-7.30975115740741));
#522=CARTESIAN_POINT('Ctrl Pts',(4.44089209850063E-15,15.5960648148148,
-7.79803240740741));
#523=CARTESIAN_POINT('Ctrl Pts',(7.75462962962963,14.8823302469136,7.44116512345679));
#524=CARTESIAN_POINT('Ctrl Pts',(7.75462962962963,15.8154899691358,6.97458526234568));
#525=CARTESIAN_POINT('Ctrl Pts',(7.8052662037037,16.6335117669753,6.45043643904321));
#526=CARTESIAN_POINT('Ctrl Pts',(7.95717592592593,18.0377724729938,5.31578534915124));
#527=CARTESIAN_POINT('Ctrl Pts',(8.05844907407407,18.6240113811728,4.70528308256173));
#528=CARTESIAN_POINT('Ctrl Pts',(8.36226851851852,20.0327932098765,2.78742283950617));
#529=CARTESIAN_POINT('Ctrl Pts',(8.76736111111111,20.9780092592593,4.9960036108132E-15));
#530=CARTESIAN_POINT('Ctrl Pts',(8.36226851851852,20.0327932098765,-2.78742283950617));
#531=CARTESIAN_POINT('Ctrl Pts',(8.05844907407408,18.6240113811728,-4.70528308256173));
#532=CARTESIAN_POINT('Ctrl Pts',(7.95717592592593,18.0377724729938,-5.31578534915123));
#533=CARTESIAN_POINT('Ctrl Pts',(7.80526620370371,16.6335117669753,-6.45043643904321));
#534=CARTESIAN_POINT('Ctrl Pts',(7.75462962962963,15.8154899691358,-6.97458526234568));
#535=CARTESIAN_POINT('Ctrl Pts',(7.75462962962963,14.8823302469136,-7.44116512345679));
#536=CARTESIAN_POINT('Ctrl Pts',(12.7831403813117,14.0535793405936,7.02678967029682));
#537=CARTESIAN_POINT('Ctrl Pts',(12.7831403813117,14.8972208336492,6.60496892376904));
#538=CARTESIAN_POINT('Ctrl Pts',(12.9140233923209,15.6278614646852,6.12949608887611));
#539=CARTESIAN_POINT('Ctrl Pts',(13.280751740566,16.8633726335993,5.07230751016553));
#540=CARTESIAN_POINT('Ctrl Pts',(13.4980378327546,17.3734688464506,4.49934594425154));
#541=CARTESIAN_POINT('Ctrl Pts',(14.1158492476852,18.6240113811728,2.68614969135803));
#542=CARTESIAN_POINT('Ctrl Pts',(14.7976345486111,19.507740162037,1.66533453693773E-15));
#543=CARTESIAN_POINT('Ctrl Pts',(14.1158492476852,18.6240113811728,-2.68614969135803));
#544=CARTESIAN_POINT('Ctrl Pts',(13.4980378327546,17.3734688464506,-4.49934594425154));
#545=CARTESIAN_POINT('Ctrl Pts',(13.280751740566,16.8633726335993,-5.07230751016553));
#546=CARTESIAN_POINT('Ctrl Pts',(12.9140233923209,15.6278614646852,-6.12949608887611));
#547=CARTESIAN_POINT('Ctrl Pts',(12.7831403813117,14.8972208336492,-6.60496892376904));
#548=CARTESIAN_POINT('Ctrl Pts',(12.7831403813117,14.0535793405936,-7.02678967029682));
#549=CARTESIAN_POINT('Ctrl Pts',(14.2371130251412,13.7645800832284,6.8822900416142));
#550=CARTESIAN_POINT('Ctrl Pts',(14.3302335946168,14.5535405699169,6.47246255926401));
#551=CARTESIAN_POINT('Ctrl Pts',(14.4927437111665,15.2243503085247,6.0078322168404));
#552=CARTESIAN_POINT('Ctrl Pts',(14.9478926571454,16.3833986735857,4.98263088571512));
#553=CARTESIAN_POINT('Ctrl Pts',(15.2169225304966,16.8633726335993,4.42691724685535));
#554=CARTESIAN_POINT('Ctrl Pts',(15.9473560474537,18.0377724729938,2.65239197530864));
#555=CARTESIAN_POINT('Ctrl Pts',(16.7168511284722,18.895580150463,-2.22044604925031E-15));
#556=CARTESIAN_POINT('Ctrl Pts',(15.9473560474537,18.0377724729938,-2.65239197530864));
#557=CARTESIAN_POINT('Ctrl Pts',(15.2169225304966,16.8633726335993,-4.42691724685535));
#558=CARTESIAN_POINT('Ctrl Pts',(14.9478926571454,16.3833986735857,-4.98263088571512));
#559=CARTESIAN_POINT('Ctrl Pts',(14.4927437111665,15.2243503085247,-6.0078322168404));
#560=CARTESIAN_POINT('Ctrl Pts',(14.3302335946168,14.5535405699169,-6.47246255926401));
#561=CARTESIAN_POINT('Ctrl Pts',(14.2371130251412,13.7645800832284,-6.8822900416142));
#562=CARTESIAN_POINT('Ctrl Pts',(16.7006630993379,13.1610836579807,6.58054182899036));
#563=CARTESIAN_POINT('Ctrl Pts',(17.0181342088951,13.7526602254176,6.19951804673658));
#564=CARTESIAN_POINT('Ctrl Pts',(17.3353680378276,14.2839237744144,5.77845601260921));
#565=CARTESIAN_POINT('Ctrl Pts',(18.0234966505212,15.2243503085247,4.83091457038883));
#566=CARTESIAN_POINT('Ctrl Pts',(18.3884882666283,15.6278614646852,4.30467446410696));
#567=CARTESIAN_POINT('Ctrl Pts',(19.3513093171296,16.6335117669753,2.60175540123457));
#568=CARTESIAN_POINT('Ctrl Pts',(20.2826605902778,17.4280237268518,0.));
#569=CARTESIAN_POINT('Ctrl Pts',(19.3513093171296,16.6335117669753,-2.60175540123457));
#570=CARTESIAN_POINT('Ctrl Pts',(18.3884882666283,15.6278614646852,-4.30467446410696));
#571=CARTESIAN_POINT('Ctrl Pts',(18.0234966505212,15.2243503085247,-4.83091457038883));
#572=CARTESIAN_POINT('Ctrl Pts',(17.3353680378276,14.2839237744144,-5.77845601260921));
#573=CARTESIAN_POINT('Ctrl Pts',(17.0181342088951,13.7526602254176,-6.19951804673657));
#574=CARTESIAN_POINT('Ctrl Pts',(16.7006630993379,13.1610836579807,-6.58054182899036));
#575=CARTESIAN_POINT('Ctrl Pts',(17.7102405297051,12.8465864900983,6.42329324504915));
#576=CARTESIAN_POINT('Ctrl Pts',(18.1045307548439,13.3753114217015,6.03484358494796));
#577=CARTESIAN_POINT('Ctrl Pts',(18.5985541402097,13.7526602254176,5.67271140296503));
#578=CARTESIAN_POINT('Ctrl Pts',(19.417387677792,14.5535405699169,4.77674453153894));
#579=CARTESIAN_POINT('Ctrl Pts',(19.8149067713071,14.8972208336492,4.26104679377057));
#580=CARTESIAN_POINT('Ctrl Pts',(20.923755787037,15.8154899691358,2.58487654320988));
#581=CARTESIAN_POINT('Ctrl Pts',(21.9292534722222,16.5726273148148,-1.11022302462516E-15));
#582=CARTESIAN_POINT('Ctrl Pts',(20.923755787037,15.8154899691358,-2.58487654320988));
#583=CARTESIAN_POINT('Ctrl Pts',(19.8149067713071,14.8972208336492,-4.26104679377057));
#584=CARTESIAN_POINT('Ctrl Pts',(19.417387677792,14.5535405699169,-4.77674453153894));
#585=CARTESIAN_POINT('Ctrl Pts',(18.5985541402097,13.7526602254176,-5.67271140296503));
#586=CARTESIAN_POINT('Ctrl Pts',(18.1045307548438,13.3753114217015,-6.03484358494795));
#587=CARTESIAN_POINT('Ctrl Pts',(17.7102405297051,12.8465864900983,-6.42329324504915));
#588=CARTESIAN_POINT('Ctrl Pts',(18.75,12.5,6.25));
#589=CARTESIAN_POINT('Ctrl Pts',(19.2698797351474,12.8465864900983,5.90341350990169));
#590=CARTESIAN_POINT('Ctrl Pts',(19.7416254869711,13.1610836579807,5.5668876997793));
#591=CARTESIAN_POINT('Ctrl Pts',(20.6468701248426,13.7645800832284,4.74570434171374));
#592=CARTESIAN_POINT('Ctrl Pts',(21.0803690108904,14.0535793405936,4.26104679377057));
#593=CARTESIAN_POINT('Ctrl Pts',(22.3234953703704,14.8823302469136,2.58487654320988));
#594=CARTESIAN_POINT('Ctrl Pts',(23.3940972222222,15.5960648148148,0.));
#595=CARTESIAN_POINT('Ctrl Pts',(22.3234953703704,14.8823302469136,-2.58487654320988));
#596=CARTESIAN_POINT('Ctrl Pts',(21.0803690108905,14.0535793405936,-4.26104679377057));
#597=CARTESIAN_POINT('Ctrl Pts',(20.6468701248426,13.7645800832284,-4.74570434171374));
#598=CARTESIAN_POINT('Ctrl Pts',(19.7416254869711,13.1610836579807,-5.5668876997793));
#599=CARTESIAN_POINT('Ctrl Pts',(19.2698797351474,12.8465864900983,-5.90341350990169));
#600=CARTESIAN_POINT('Ctrl Pts',(18.75,12.5,-6.25));
#601=CARTESIAN_POINT('',(-18.75,12.5,6.25));
#602=CARTESIAN_POINT('Ctrl Pts',(18.75,12.5,6.25));
#603=CARTESIAN_POINT('Ctrl Pts',(17.7102405297051,12.8465864900983,6.42329324504915));
#604=CARTESIAN_POINT('Ctrl Pts',(16.7006630993379,13.1610836579807,6.58054182899036));
#605=CARTESIAN_POINT('Ctrl Pts',(14.2371130251412,13.7645800832284,6.8822900416142));
#606=CARTESIAN_POINT('Ctrl Pts',(12.7831403813117,14.0535793405936,7.02678967029682));
#607=CARTESIAN_POINT('Ctrl Pts',(7.75462962962963,14.8823302469136,7.44116512345679));
#608=CARTESIAN_POINT('Ctrl Pts',(6.66133814775094E-15,15.5960648148148,
7.7980324074074));
#609=CARTESIAN_POINT('Ctrl Pts',(-7.75462962962963,14.8823302469136,7.44116512345679));
#610=CARTESIAN_POINT('Ctrl Pts',(-12.7831403813117,14.0535793405936,7.02678967029682));
#611=CARTESIAN_POINT('Ctrl Pts',(-14.2371130251412,13.7645800832284,6.88229004161419));
#612=CARTESIAN_POINT('Ctrl Pts',(-16.7006630993379,13.1610836579807,6.58054182899036));
#613=CARTESIAN_POINT('Ctrl Pts',(-17.7102405297051,12.8465864900983,6.42329324504915));
#614=CARTESIAN_POINT('Ctrl Pts',(-18.75,12.5,6.25));
#615=CARTESIAN_POINT('',(-18.75,12.5,-6.25));
#616=CARTESIAN_POINT('Ctrl Pts',(-18.75,12.5,-6.25));
#617=CARTESIAN_POINT('Ctrl Pts',(-17.7102405297051,12.8465864900983,-6.42329324504915));
#618=CARTESIAN_POINT('Ctrl Pts',(-16.7006630993379,13.1610836579807,-6.58054182899036));
#619=CARTESIAN_POINT('Ctrl Pts',(-14.2371130251412,13.7645800832284,-6.8822900416142));
#620=CARTESIAN_POINT('Ctrl Pts',(-12.7831403813117,14.0535793405936,-7.02678967029682));
#621=CARTESIAN_POINT('Ctrl Pts',(-7.75462962962963,14.8823302469136,-7.44116512345679));
#622=CARTESIAN_POINT('Ctrl Pts',(3.33066907387547E-15,15.5960648148148,
-7.79803240740741));
#623=CARTESIAN_POINT('Ctrl Pts',(7.75462962962963,14.8823302469136,-7.44116512345679));
#624=CARTESIAN_POINT('Ctrl Pts',(12.7831403813117,14.0535793405936,-7.02678967029682));
#625=CARTESIAN_POINT('Ctrl Pts',(14.2371130251412,13.7645800832284,-6.8822900416142));
#626=CARTESIAN_POINT('Ctrl Pts',(16.7006630993379,13.1610836579807,-6.58054182899036));
#627=CARTESIAN_POINT('Ctrl Pts',(17.7102405297051,12.8465864900983,-6.42329324504915));
#628=CARTESIAN_POINT('Ctrl Pts',(18.75,12.5,-6.25));
#629=CARTESIAN_POINT('Ctrl Pts',(-18.75,12.5,6.25));
#630=CARTESIAN_POINT('Ctrl Pts',(-19.2698797351474,12.8465864900983,5.90341350990169));
#631=CARTESIAN_POINT('Ctrl Pts',(-19.7416254869711,13.1610836579807,5.5668876997793));
#632=CARTESIAN_POINT('Ctrl Pts',(-20.6468701248426,13.7645800832284,4.74570434171374));
#633=CARTESIAN_POINT('Ctrl Pts',(-21.0803690108905,14.0535793405936,4.26104679377057));
#634=CARTESIAN_POINT('Ctrl Pts',(-22.3234953703704,14.8823302469136,2.58487654320988));
#635=CARTESIAN_POINT('Ctrl Pts',(-23.3940972222222,15.5960648148148,-1.11022302462516E-15));
#636=CARTESIAN_POINT('Ctrl Pts',(-22.3234953703704,14.8823302469136,-2.58487654320988));
#637=CARTESIAN_POINT('Ctrl Pts',(-21.0803690108904,14.0535793405936,-4.26104679377057));
#638=CARTESIAN_POINT('Ctrl Pts',(-20.6468701248426,13.7645800832284,-4.74570434171374));
#639=CARTESIAN_POINT('Ctrl Pts',(-19.7416254869711,13.1610836579807,-5.5668876997793));
#640=CARTESIAN_POINT('Ctrl Pts',(-19.2698797351475,12.8465864900983,-5.90341350990169));
#641=CARTESIAN_POINT('Ctrl Pts',(-18.75,12.5,-6.25));
#642=CARTESIAN_POINT('Ctrl Pts',(-18.75,-12.5,6.25));
#643=CARTESIAN_POINT('Ctrl Pts',(-19.2698797351475,-11.8068270198034,6.42329324504915));
#644=CARTESIAN_POINT('Ctrl Pts',(-19.7416254869711,-11.1337753995586,6.58054182899036));
#645=CARTESIAN_POINT('Ctrl Pts',(-20.6468701248426,-9.49140868342749,6.88229004161419));
#646=CARTESIAN_POINT('Ctrl Pts',(-21.0803690108905,-8.52209358754114,7.02678967029681));
#647=CARTESIAN_POINT('Ctrl Pts',(-22.3234953703704,-5.16975308641976,7.44116512345679));
#648=CARTESIAN_POINT('Ctrl Pts',(-23.3940972222222,-2.22044604925031E-15,
7.7980324074074));
#649=CARTESIAN_POINT('Ctrl Pts',(-22.3234953703704,5.16975308641975,7.44116512345679));
#650=CARTESIAN_POINT('Ctrl Pts',(-21.0803690108904,8.52209358754114,7.02678967029682));
#651=CARTESIAN_POINT('Ctrl Pts',(-20.6468701248426,9.49140868342749,6.8822900416142));
#652=CARTESIAN_POINT('Ctrl Pts',(-19.7416254869711,11.1337753995586,6.58054182899036));
#653=CARTESIAN_POINT('Ctrl Pts',(-19.2698797351474,11.8068270198034,6.42329324504915));
#654=CARTESIAN_POINT('Ctrl Pts',(-18.75,12.5,6.25));
#655=CARTESIAN_POINT('Ctrl Pts',(-17.7102405297051,-12.8465864900983,6.42329324504915));
#656=CARTESIAN_POINT('Ctrl Pts',(-18.1045307548439,-12.0696871698959,6.68765571085075));
#657=CARTESIAN_POINT('Ctrl Pts',(-18.5985541402097,-11.3454228059301,6.8763301127088));
#658=CARTESIAN_POINT('Ctrl Pts',(-19.417387677792,-9.55348906307789,7.27677028495845));
#659=CARTESIAN_POINT('Ctrl Pts',(-19.8149067713071,-8.52209358754114,7.44861041682459));
#660=CARTESIAN_POINT('Ctrl Pts',(-20.923755787037,-5.16975308641975,7.9077449845679));
#661=CARTESIAN_POINT('Ctrl Pts',(-21.9292534722222,0.,8.28631365740741));
#662=CARTESIAN_POINT('Ctrl Pts',(-20.923755787037,5.16975308641975,7.9077449845679));
#663=CARTESIAN_POINT('Ctrl Pts',(-19.8149067713071,8.52209358754114,7.4486104168246));
#664=CARTESIAN_POINT('Ctrl Pts',(-19.417387677792,9.55348906307788,7.27677028495846));
#665=CARTESIAN_POINT('Ctrl Pts',(-18.5985541402097,11.3454228059301,6.8763301127088));
#666=CARTESIAN_POINT('Ctrl Pts',(-18.1045307548438,12.0696871698959,6.68765571085074));
#667=CARTESIAN_POINT('Ctrl Pts',(-17.7102405297051,12.8465864900983,6.42329324504915));
#668=CARTESIAN_POINT('Ctrl Pts',(-16.7006630993379,-13.1610836579807,6.58054182899037));
#669=CARTESIAN_POINT('Ctrl Pts',(-17.0181342088951,-12.3990360934732,6.8763301127088));
#670=CARTESIAN_POINT('Ctrl Pts',(-17.3353680378276,-11.5569120252184,7.14196188720722));
#671=CARTESIAN_POINT('Ctrl Pts',(-18.0234966505212,-9.66182914077767,7.61217515426237));
#672=CARTESIAN_POINT('Ctrl Pts',(-18.3884882666283,-8.60934892821392,7.81393073234261));
#673=CARTESIAN_POINT('Ctrl Pts',(-19.3513093171296,-5.20351080246914,8.31675588348765));
#674=CARTESIAN_POINT('Ctrl Pts',(-20.2826605902778,-3.33066907387547E-15,
8.71401186342592));
#675=CARTESIAN_POINT('Ctrl Pts',(-19.3513093171296,5.20351080246913,8.31675588348766));
#676=CARTESIAN_POINT('Ctrl Pts',(-18.3884882666283,8.60934892821391,7.81393073234261));
#677=CARTESIAN_POINT('Ctrl Pts',(-18.0234966505212,9.66182914077767,7.61217515426237));
#678=CARTESIAN_POINT('Ctrl Pts',(-17.3353680378276,11.5569120252184,7.14196188720722));
#679=CARTESIAN_POINT('Ctrl Pts',(-17.0181342088951,12.3990360934731,6.8763301127088));
#680=CARTESIAN_POINT('Ctrl Pts',(-16.7006630993379,13.1610836579807,6.58054182899036));
#681=CARTESIAN_POINT('Ctrl Pts',(-14.2371130251412,-13.7645800832284,6.8822900416142));
#682=CARTESIAN_POINT('Ctrl Pts',(-14.3302335946168,-12.944925118528,7.27677028495846));
#683=CARTESIAN_POINT('Ctrl Pts',(-14.4927437111665,-12.0156644336808,7.61217515426237));
#684=CARTESIAN_POINT('Ctrl Pts',(-14.9478926571454,-9.96526177143024,8.19169933679287));
#685=CARTESIAN_POINT('Ctrl Pts',(-15.2169225304966,-8.8538344937107,8.43168631679966));
#686=CARTESIAN_POINT('Ctrl Pts',(-15.9473560474537,-5.30478395061729,9.01888623649691));
#687=CARTESIAN_POINT('Ctrl Pts',(-16.7168511284722,0.,9.44779007523148));
#688=CARTESIAN_POINT('Ctrl Pts',(-15.9473560474537,5.30478395061728,9.01888623649691));
#689=CARTESIAN_POINT('Ctrl Pts',(-15.2169225304966,8.85383449371069,8.43168631679967));
#690=CARTESIAN_POINT('Ctrl Pts',(-14.9478926571454,9.96526177143024,8.19169933679287));
#691=CARTESIAN_POINT('Ctrl Pts',(-14.4927437111665,12.0156644336808,7.61217515426237));
#692=CARTESIAN_POINT('Ctrl Pts',(-14.3302335946168,12.944925118528,7.27677028495846));
#693=CARTESIAN_POINT('Ctrl Pts',(-14.2371130251412,13.7645800832284,6.88229004161419));
#694=CARTESIAN_POINT('Ctrl Pts',(-12.7831403813117,-14.0535793405936,7.02678967029682));
#695=CARTESIAN_POINT('Ctrl Pts',(-12.7831403813117,-13.2099378475381,7.4486104168246));
#696=CARTESIAN_POINT('Ctrl Pts',(-12.9140233923209,-12.2589921777522,7.81393073234261));
#697=CARTESIAN_POINT('Ctrl Pts',(-13.280751740566,-10.1446150203311,8.43168631679967));
#698=CARTESIAN_POINT('Ctrl Pts',(-13.4980378327546,-8.99869188850309,8.68673442322531));
#699=CARTESIAN_POINT('Ctrl Pts',(-14.1158492476852,-5.37229938271605,9.31200569058642));
#700=CARTESIAN_POINT('Ctrl Pts',(-14.7976345486111,3.33066907387547E-15,
9.75387008101852));
#701=CARTESIAN_POINT('Ctrl Pts',(-14.1158492476852,5.37229938271604,9.31200569058642));
#702=CARTESIAN_POINT('Ctrl Pts',(-13.4980378327546,8.99869188850308,8.68673442322531));
#703=CARTESIAN_POINT('Ctrl Pts',(-13.280751740566,10.1446150203311,8.43168631679967));
#704=CARTESIAN_POINT('Ctrl Pts',(-12.9140233923209,12.2589921777522,7.81393073234261));
#705=CARTESIAN_POINT('Ctrl Pts',(-12.7831403813117,13.2099378475381,7.44861041682459));
#706=CARTESIAN_POINT('Ctrl Pts',(-12.7831403813117,14.0535793405936,7.02678967029682));
#707=CARTESIAN_POINT('Ctrl Pts',(-7.75462962962963,-14.8823302469136,7.44116512345679));
#708=CARTESIAN_POINT('Ctrl Pts',(-7.75462962962963,-13.9491705246914,7.9077449845679));
#709=CARTESIAN_POINT('Ctrl Pts',(-7.8052662037037,-12.9008728780864,8.31675588348765));
#710=CARTESIAN_POINT('Ctrl Pts',(-7.95717592592593,-10.6315706983025,9.01888623649691));
#711=CARTESIAN_POINT('Ctrl Pts',(-8.05844907407408,-9.41056616512346,9.31200569058642));
#712=CARTESIAN_POINT('Ctrl Pts',(-8.36226851851852,-5.57484567901235,10.0163966049383));
#713=CARTESIAN_POINT('Ctrl Pts',(-8.76736111111111,-5.55111512312578E-15,
10.4890046296296));
#714=CARTESIAN_POINT('Ctrl Pts',(-8.36226851851852,5.57484567901234,10.0163966049383));
#715=CARTESIAN_POINT('Ctrl Pts',(-8.05844907407408,9.41056616512346,9.31200569058642));
#716=CARTESIAN_POINT('Ctrl Pts',(-7.95717592592592,10.6315706983025,9.01888623649691));
#717=CARTESIAN_POINT('Ctrl Pts',(-7.8052662037037,12.9008728780864,8.31675588348765));
#718=CARTESIAN_POINT('Ctrl Pts',(-7.75462962962963,13.9491705246914,7.9077449845679));
#719=CARTESIAN_POINT('Ctrl Pts',(-7.75462962962963,14.8823302469136,7.44116512345679));
#720=CARTESIAN_POINT('Ctrl Pts',(-1.11022302462516E-15,-15.5960648148148,
7.7980324074074));
#721=CARTESIAN_POINT('Ctrl Pts',(-2.22044604925031E-15,-14.6195023148148,
8.28631365740741));
#722=CARTESIAN_POINT('Ctrl Pts',(8.88178419700125E-15,-13.5217737268519,
8.71401186342593));
#723=CARTESIAN_POINT('Ctrl Pts',(-6.66133814775094E-15,-11.1445674189815,
9.44779007523148));
#724=CARTESIAN_POINT('Ctrl Pts',(-3.33066907387547E-15,-9.86508969907407,
9.75387008101851));
#725=CARTESIAN_POINT('Ctrl Pts',(3.33066907387547E-15,-5.84490740740741,
10.4890046296296));
#726=CARTESIAN_POINT('Ctrl Pts',(9.99200722162641E-15,0.,10.9809027777778));
#727=CARTESIAN_POINT('Ctrl Pts',(-3.33066907387547E-15,5.84490740740741,
10.4890046296296));
#728=CARTESIAN_POINT('Ctrl Pts',(-2.22044604925031E-15,9.86508969907407,
9.75387008101852));
#729=CARTESIAN_POINT('Ctrl Pts',(4.44089209850063E-15,11.1445674189815,
9.44779007523148));
#730=CARTESIAN_POINT('Ctrl Pts',(-1.11022302462516E-15,13.5217737268519,
8.71401186342593));
#731=CARTESIAN_POINT('Ctrl Pts',(-2.22044604925031E-15,14.6195023148148,
8.2863136574074));
#732=CARTESIAN_POINT('Ctrl Pts',(6.66133814775094E-15,15.5960648148148,
7.7980324074074));
#733=CARTESIAN_POINT('Ctrl Pts',(7.75462962962963,-14.8823302469136,7.44116512345679));
#734=CARTESIAN_POINT('Ctrl Pts',(7.75462962962963,-13.9491705246914,7.9077449845679));
#735=CARTESIAN_POINT('Ctrl Pts',(7.8052662037037,-12.9008728780864,8.31675588348766));
#736=CARTESIAN_POINT('Ctrl Pts',(7.95717592592593,-10.6315706983025,9.01888623649691));
#737=CARTESIAN_POINT('Ctrl Pts',(8.05844907407407,-9.41056616512346,9.31200569058642));
#738=CARTESIAN_POINT('Ctrl Pts',(8.36226851851852,-5.57484567901235,10.0163966049383));
#739=CARTESIAN_POINT('Ctrl Pts',(8.76736111111111,-6.66133814775094E-15,
10.4890046296296));
#740=CARTESIAN_POINT('Ctrl Pts',(8.36226851851851,5.57484567901234,10.0163966049383));
#741=CARTESIAN_POINT('Ctrl Pts',(8.05844907407407,9.41056616512346,9.31200569058642));
#742=CARTESIAN_POINT('Ctrl Pts',(7.95717592592592,10.6315706983025,9.01888623649691));
#743=CARTESIAN_POINT('Ctrl Pts',(7.8052662037037,12.9008728780864,8.31675588348766));
#744=CARTESIAN_POINT('Ctrl Pts',(7.75462962962963,13.9491705246914,7.9077449845679));
#745=CARTESIAN_POINT('Ctrl Pts',(7.75462962962963,14.8823302469136,7.44116512345679));
#746=CARTESIAN_POINT('Ctrl Pts',(12.7831403813117,-14.0535793405936,7.02678967029682));
#747=CARTESIAN_POINT('Ctrl Pts',(12.7831403813117,-13.2099378475381,7.44861041682459));
#748=CARTESIAN_POINT('Ctrl Pts',(12.9140233923209,-12.2589921777522,7.81393073234261));
#749=CARTESIAN_POINT('Ctrl Pts',(13.280751740566,-10.1446150203311,8.43168631679967));
#750=CARTESIAN_POINT('Ctrl Pts',(13.4980378327546,-8.99869188850309,8.68673442322531));
#751=CARTESIAN_POINT('Ctrl Pts',(14.1158492476852,-5.37229938271605,9.31200569058642));
#752=CARTESIAN_POINT('Ctrl Pts',(14.7976345486111,-4.44089209850063E-15,
9.75387008101852));
#753=CARTESIAN_POINT('Ctrl Pts',(14.1158492476852,5.37229938271605,9.31200569058642));
#754=CARTESIAN_POINT('Ctrl Pts',(13.4980378327546,8.99869188850309,8.68673442322531));
#755=CARTESIAN_POINT('Ctrl Pts',(13.280751740566,10.1446150203311,8.43168631679967));
#756=CARTESIAN_POINT('Ctrl Pts',(12.9140233923209,12.2589921777522,7.81393073234261));
#757=CARTESIAN_POINT('Ctrl Pts',(12.7831403813117,13.2099378475381,7.4486104168246));
#758=CARTESIAN_POINT('Ctrl Pts',(12.7831403813117,14.0535793405936,7.02678967029682));
#759=CARTESIAN_POINT('Ctrl Pts',(14.2371130251412,-13.7645800832284,6.8822900416142));
#760=CARTESIAN_POINT('Ctrl Pts',(14.3302335946168,-12.944925118528,7.27677028495846));
#761=CARTESIAN_POINT('Ctrl Pts',(14.4927437111665,-12.0156644336808,7.61217515426237));
#762=CARTESIAN_POINT('Ctrl Pts',(14.9478926571454,-9.96526177143024,8.19169933679287));
#763=CARTESIAN_POINT('Ctrl Pts',(15.2169225304966,-8.8538344937107,8.43168631679967));
#764=CARTESIAN_POINT('Ctrl Pts',(15.9473560474537,-5.30478395061729,9.01888623649691));
#765=CARTESIAN_POINT('Ctrl Pts',(16.7168511284722,-4.44089209850063E-15,
9.44779007523148));
#766=CARTESIAN_POINT('Ctrl Pts',(15.9473560474537,5.30478395061728,9.01888623649691));
#767=CARTESIAN_POINT('Ctrl Pts',(15.2169225304966,8.85383449371069,8.43168631679967));
#768=CARTESIAN_POINT('Ctrl Pts',(14.9478926571454,9.96526177143024,8.19169933679287));
#769=CARTESIAN_POINT('Ctrl Pts',(14.4927437111665,12.0156644336808,7.61217515426237));
#770=CARTESIAN_POINT('Ctrl Pts',(14.3302335946168,12.944925118528,7.27677028495846));
#771=CARTESIAN_POINT('Ctrl Pts',(14.2371130251412,13.7645800832284,6.8822900416142));
#772=CARTESIAN_POINT('Ctrl Pts',(16.7006630993379,-13.1610836579807,6.58054182899036));
#773=CARTESIAN_POINT('Ctrl Pts',(17.0181342088951,-12.3990360934732,6.8763301127088));
#774=CARTESIAN_POINT('Ctrl Pts',(17.3353680378276,-11.5569120252184,7.14196188720722));
#775=CARTESIAN_POINT('Ctrl Pts',(18.0234966505212,-9.66182914077767,7.61217515426237));
#776=CARTESIAN_POINT('Ctrl Pts',(18.3884882666283,-8.60934892821392,7.81393073234261));
#777=CARTESIAN_POINT('Ctrl Pts',(19.3513093171296,-5.20351080246914,8.31675588348766));
#778=CARTESIAN_POINT('Ctrl Pts',(20.2826605902778,-3.33066907387547E-15,
8.71401186342592));
#779=CARTESIAN_POINT('Ctrl Pts',(19.3513093171296,5.20351080246913,8.31675588348765));
#780=CARTESIAN_POINT('Ctrl Pts',(18.3884882666283,8.60934892821391,7.81393073234261));
#781=CARTESIAN_POINT('Ctrl Pts',(18.0234966505212,9.66182914077767,7.61217515426237));
#782=CARTESIAN_POINT('Ctrl Pts',(17.3353680378276,11.5569120252184,7.14196188720722));
#783=CARTESIAN_POINT('Ctrl Pts',(17.0181342088951,12.3990360934731,6.8763301127088));
#784=CARTESIAN_POINT('Ctrl Pts',(16.7006630993379,13.1610836579807,6.58054182899036));
#785=CARTESIAN_POINT('Ctrl Pts',(17.7102405297051,-12.8465864900983,6.42329324504915));
#786=CARTESIAN_POINT('Ctrl Pts',(18.1045307548439,-12.0696871698959,6.68765571085075));
#787=CARTESIAN_POINT('Ctrl Pts',(18.5985541402097,-11.3454228059301,6.87633011270879));
#788=CARTESIAN_POINT('Ctrl Pts',(19.417387677792,-9.55348906307788,7.27677028495845));
#789=CARTESIAN_POINT('Ctrl Pts',(19.8149067713071,-8.52209358754114,7.44861041682459));
#790=CARTESIAN_POINT('Ctrl Pts',(20.923755787037,-5.16975308641975,7.9077449845679));
#791=CARTESIAN_POINT('Ctrl Pts',(21.9292534722222,-1.11022302462516E-15,
8.28631365740741));
#792=CARTESIAN_POINT('Ctrl Pts',(20.923755787037,5.16975308641975,7.9077449845679));
#793=CARTESIAN_POINT('Ctrl Pts',(19.8149067713071,8.52209358754113,7.4486104168246));
#794=CARTESIAN_POINT('Ctrl Pts',(19.417387677792,9.55348906307788,7.27677028495846));
#795=CARTESIAN_POINT('Ctrl Pts',(18.5985541402097,11.3454228059301,6.8763301127088));
#796=CARTESIAN_POINT('Ctrl Pts',(18.1045307548438,12.0696871698959,6.68765571085075));
#797=CARTESIAN_POINT('Ctrl Pts',(17.7102405297051,12.8465864900983,6.42329324504915));
#798=CARTESIAN_POINT('Ctrl Pts',(18.75,-12.5,6.25));
#799=CARTESIAN_POINT('Ctrl Pts',(19.2698797351474,-11.8068270198034,6.42329324504915));
#800=CARTESIAN_POINT('Ctrl Pts',(19.7416254869711,-11.1337753995586,6.58054182899036));
#801=CARTESIAN_POINT('Ctrl Pts',(20.6468701248426,-9.49140868342749,6.88229004161419));
#802=CARTESIAN_POINT('Ctrl Pts',(21.0803690108905,-8.52209358754114,7.02678967029681));
#803=CARTESIAN_POINT('Ctrl Pts',(22.3234953703704,-5.16975308641976,7.44116512345679));
#804=CARTESIAN_POINT('Ctrl Pts',(23.3940972222222,1.11022302462516E-15,
7.7980324074074));
#805=CARTESIAN_POINT('Ctrl Pts',(22.3234953703704,5.16975308641975,7.44116512345679));
#806=CARTESIAN_POINT('Ctrl Pts',(21.0803690108905,8.52209358754114,7.02678967029682));
#807=CARTESIAN_POINT('Ctrl Pts',(20.6468701248426,9.49140868342748,6.8822900416142));
#808=CARTESIAN_POINT('Ctrl Pts',(19.7416254869711,11.1337753995586,6.58054182899036));
#809=CARTESIAN_POINT('Ctrl Pts',(19.2698797351474,11.8068270198034,6.42329324504915));
#810=CARTESIAN_POINT('Ctrl Pts',(18.75,12.5,6.25));
#811=CARTESIAN_POINT('',(-18.75,-12.5,6.25));
#812=CARTESIAN_POINT('Ctrl Pts',(18.75,-12.5,6.25));
#813=CARTESIAN_POINT('Ctrl Pts',(17.7102405297051,-12.8465864900983,6.42329324504915));
#814=CARTESIAN_POINT('Ctrl Pts',(16.7006630993379,-13.1610836579807,6.58054182899036));
#815=CARTESIAN_POINT('Ctrl Pts',(14.2371130251412,-13.7645800832284,6.8822900416142));
#816=CARTESIAN_POINT('Ctrl Pts',(12.7831403813117,-14.0535793405936,7.02678967029682));
#817=CARTESIAN_POINT('Ctrl Pts',(7.75462962962963,-14.8823302469136,7.44116512345679));
#818=CARTESIAN_POINT('Ctrl Pts',(-1.11022302462516E-15,-15.5960648148148,
7.7980324074074));
#819=CARTESIAN_POINT('Ctrl Pts',(-7.75462962962963,-14.8823302469136,7.44116512345679));
#820=CARTESIAN_POINT('Ctrl Pts',(-12.7831403813117,-14.0535793405936,7.02678967029682));
#821=CARTESIAN_POINT('Ctrl Pts',(-14.2371130251412,-13.7645800832284,6.8822900416142));
#822=CARTESIAN_POINT('Ctrl Pts',(-16.7006630993379,-13.1610836579807,6.58054182899037));
#823=CARTESIAN_POINT('Ctrl Pts',(-17.7102405297051,-12.8465864900983,6.42329324504915));
#824=CARTESIAN_POINT('Ctrl Pts',(-18.75,-12.5,6.25));
#825=CARTESIAN_POINT('Ctrl Pts',(-18.75,-12.5,6.25));
#826=CARTESIAN_POINT('Ctrl Pts',(-19.2698797351475,-11.8068270198034,6.42329324504915));
#827=CARTESIAN_POINT('Ctrl Pts',(-19.7416254869711,-11.1337753995586,6.58054182899036));
#828=CARTESIAN_POINT('Ctrl Pts',(-20.6468701248426,-9.49140868342749,6.88229004161419));
#829=CARTESIAN_POINT('Ctrl Pts',(-21.0803690108905,-8.52209358754114,7.02678967029681));
#830=CARTESIAN_POINT('Ctrl Pts',(-22.3234953703704,-5.16975308641976,7.44116512345679));
#831=CARTESIAN_POINT('Ctrl Pts',(-23.3940972222222,-2.22044604925031E-15,
7.7980324074074));
#832=CARTESIAN_POINT('Ctrl Pts',(-22.3234953703704,5.16975308641975,7.44116512345679));
#833=CARTESIAN_POINT('Ctrl Pts',(-21.0803690108904,8.52209358754114,7.02678967029682));
#834=CARTESIAN_POINT('Ctrl Pts',(-20.6468701248426,9.49140868342749,6.8822900416142));
#835=CARTESIAN_POINT('Ctrl Pts',(-19.7416254869711,11.1337753995586,6.58054182899036));
#836=CARTESIAN_POINT('Ctrl Pts',(-19.2698797351474,11.8068270198034,6.42329324504915));
#837=CARTESIAN_POINT('Ctrl Pts',(-18.75,12.5,6.25));
#838=CARTESIAN_POINT('Ctrl Pts',(-18.75,-12.5,-6.25));
#839=CARTESIAN_POINT('Ctrl Pts',(-19.2698797351475,-11.8068270198034,-6.42329324504915));
#840=CARTESIAN_POINT('Ctrl Pts',(-19.7416254869711,-11.1337753995586,-6.58054182899036));
#841=CARTESIAN_POINT('Ctrl Pts',(-20.6468701248426,-9.49140868342748,-6.88229004161419));
#842=CARTESIAN_POINT('Ctrl Pts',(-21.0803690108905,-8.52209358754114,-7.02678967029681));
#843=CARTESIAN_POINT('Ctrl Pts',(-22.3234953703704,-5.16975308641975,-7.44116512345679));
#844=CARTESIAN_POINT('Ctrl Pts',(-23.3940972222222,1.11022302462516E-15,
-7.79803240740741));
#845=CARTESIAN_POINT('Ctrl Pts',(-22.3234953703704,5.16975308641975,-7.44116512345679));
#846=CARTESIAN_POINT('Ctrl Pts',(-21.0803690108904,8.52209358754113,-7.02678967029682));
#847=CARTESIAN_POINT('Ctrl Pts',(-20.6468701248426,9.49140868342748,-6.8822900416142));
#848=CARTESIAN_POINT('Ctrl Pts',(-19.7416254869711,11.1337753995586,-6.58054182899036));
#849=CARTESIAN_POINT('Ctrl Pts',(-19.2698797351474,11.8068270198034,-6.42329324504915));
#850=CARTESIAN_POINT('Ctrl Pts',(-18.75,12.5,-6.25));
#851=CARTESIAN_POINT('Ctrl Pts',(-19.2698797351475,-12.8465864900983,-5.90341350990169));
#852=CARTESIAN_POINT('Ctrl Pts',(-20.0629671325523,-12.0696871698959,-6.03484358494795));
#853=CARTESIAN_POINT('Ctrl Pts',(-20.6289903381264,-11.3454228059301,-6.19951804673657));
#854=CARTESIAN_POINT('Ctrl Pts',(-21.8303108548754,-9.55348906307788,-6.47246255926401));
#855=CARTESIAN_POINT('Ctrl Pts',(-22.3458312504738,-8.52209358754113,-6.60496892376904));
#856=CARTESIAN_POINT('Ctrl Pts',(-23.7232349537037,-5.16975308641975,-6.97458526234568));
#857=CARTESIAN_POINT('Ctrl Pts',(-24.8589409722222,3.33066907387547E-15,
-7.30975115740741));
#858=CARTESIAN_POINT('Ctrl Pts',(-23.7232349537037,5.16975308641975,-6.97458526234568));
#859=CARTESIAN_POINT('Ctrl Pts',(-22.3458312504738,8.52209358754114,-6.60496892376904));
#860=CARTESIAN_POINT('Ctrl Pts',(-21.8303108548754,9.55348906307787,-6.47246255926401));
#861=CARTESIAN_POINT('Ctrl Pts',(-20.6289903381264,11.3454228059301,-6.19951804673658));
#862=CARTESIAN_POINT('Ctrl Pts',(-20.0629671325522,12.0696871698959,-6.03484358494795));
#863=CARTESIAN_POINT('Ctrl Pts',(-19.2698797351475,12.8465864900983,-5.90341350990169));
#864=CARTESIAN_POINT('Ctrl Pts',(-19.7416254869711,-13.1610836579807,-5.56688769977931));
#865=CARTESIAN_POINT('Ctrl Pts',(-20.6289903381264,-12.3990360934732,-5.67271140296503));
#866=CARTESIAN_POINT('Ctrl Pts',(-21.4258856616217,-11.5569120252184,-5.77845601260921));
#867=CARTESIAN_POINT('Ctrl Pts',(-22.8365254627871,-9.66182914077766,-6.0078322168404));
#868=CARTESIAN_POINT('Ctrl Pts',(-23.4417921970278,-8.60934892821392,-6.12949608887611));
#869=CARTESIAN_POINT('Ctrl Pts',(-24.950267650463,-5.20351080246914,-6.45043643904321));
#870=CARTESIAN_POINT('Ctrl Pts',(-26.1420355902778,-2.22044604925031E-15,
-6.76088686342593));
#871=CARTESIAN_POINT('Ctrl Pts',(-24.950267650463,5.20351080246913,-6.45043643904321));
#872=CARTESIAN_POINT('Ctrl Pts',(-23.4417921970278,8.60934892821391,-6.12949608887611));
#873=CARTESIAN_POINT('Ctrl Pts',(-22.8365254627871,9.66182914077767,-6.0078322168404));
#874=CARTESIAN_POINT('Ctrl Pts',(-21.4258856616217,11.5569120252184,-5.77845601260921));
#875=CARTESIAN_POINT('Ctrl Pts',(-20.6289903381264,12.3990360934731,-5.67271140296503));
#876=CARTESIAN_POINT('Ctrl Pts',(-19.7416254869711,13.1610836579807,-5.5668876997793));
#877=CARTESIAN_POINT('Ctrl Pts',(-20.6468701248426,-13.7645800832284,-4.74570434171374));
#878=CARTESIAN_POINT('Ctrl Pts',(-21.8303108548754,-12.944925118528,-4.77674453153894));
#879=CARTESIAN_POINT('Ctrl Pts',(-22.8365254627871,-12.0156644336808,-4.83091457038883));
#880=CARTESIAN_POINT('Ctrl Pts',(-24.5750980103786,-9.96526177143024,-4.98263088571512));
#881=CARTESIAN_POINT('Ctrl Pts',(-25.295058950399,-8.85383449371069,-5.07230751016553));
#882=CARTESIAN_POINT('Ctrl Pts',(-27.0566587094907,-5.30478395061729,-5.31578534915124));
#883=CARTESIAN_POINT('Ctrl Pts',(-28.3433702256944,-1.11022302462516E-15,
-5.57228370949074));
#884=CARTESIAN_POINT('Ctrl Pts',(-27.0566587094907,5.30478395061728,-5.31578534915123));
#885=CARTESIAN_POINT('Ctrl Pts',(-25.295058950399,8.85383449371069,-5.07230751016553));
#886=CARTESIAN_POINT('Ctrl Pts',(-24.5750980103786,9.96526177143024,-4.98263088571512));
#887=CARTESIAN_POINT('Ctrl Pts',(-22.8365254627871,12.0156644336808,-4.83091457038883));
#888=CARTESIAN_POINT('Ctrl Pts',(-21.8303108548753,12.944925118528,-4.77674453153894));
#889=CARTESIAN_POINT('Ctrl Pts',(-20.6468701248426,13.7645800832284,-4.74570434171374));
#890=CARTESIAN_POINT('Ctrl Pts',(-21.0803690108905,-14.0535793405936,-4.26104679377057));
#891=CARTESIAN_POINT('Ctrl Pts',(-22.3458312504738,-13.2099378475381,-4.26104679377057));
#892=CARTESIAN_POINT('Ctrl Pts',(-23.4417921970278,-12.2589921777522,-4.30467446410696));
#893=CARTESIAN_POINT('Ctrl Pts',(-25.295058950399,-10.1446150203311,-4.42691724685535));
#894=CARTESIAN_POINT('Ctrl Pts',(-26.0602032696759,-8.99869188850309,-4.49934594425154));
#895=CARTESIAN_POINT('Ctrl Pts',(-27.9360170717593,-5.37229938271605,-4.70528308256173));
#896=CARTESIAN_POINT('Ctrl Pts',(-29.2616102430556,0.,-4.93254484953704));
#897=CARTESIAN_POINT('Ctrl Pts',(-27.9360170717593,5.37229938271605,-4.70528308256173));
#898=CARTESIAN_POINT('Ctrl Pts',(-26.0602032696759,8.99869188850309,-4.49934594425154));
#899=CARTESIAN_POINT('Ctrl Pts',(-25.295058950399,10.1446150203311,-4.42691724685535));
#900=CARTESIAN_POINT('Ctrl Pts',(-23.4417921970278,12.2589921777522,-4.30467446410696));
#901=CARTESIAN_POINT('Ctrl Pts',(-22.3458312504738,13.2099378475381,-4.26104679377057));
#902=CARTESIAN_POINT('Ctrl Pts',(-21.0803690108904,14.0535793405936,-4.26104679377057));
#903=CARTESIAN_POINT('Ctrl Pts',(-22.3234953703704,-14.8823302469136,-2.58487654320988));
#904=CARTESIAN_POINT('Ctrl Pts',(-23.7232349537037,-13.9491705246914,-2.58487654320988));
#905=CARTESIAN_POINT('Ctrl Pts',(-24.950267650463,-12.9008728780864,-2.60175540123457));
#906=CARTESIAN_POINT('Ctrl Pts',(-27.0566587094907,-10.6315706983025,-2.65239197530864));
#907=CARTESIAN_POINT('Ctrl Pts',(-27.9360170717593,-9.41056616512346,-2.68614969135803));
#908=CARTESIAN_POINT('Ctrl Pts',(-30.0491898148148,-5.57484567901235,-2.78742283950617));
#909=CARTESIAN_POINT('Ctrl Pts',(-31.4670138888889,-4.44089209850063E-15,
-2.92245370370371));
#910=CARTESIAN_POINT('Ctrl Pts',(-30.0491898148148,5.57484567901235,-2.78742283950617));
#911=CARTESIAN_POINT('Ctrl Pts',(-27.9360170717593,9.41056616512346,-2.68614969135802));
#912=CARTESIAN_POINT('Ctrl Pts',(-27.0566587094907,10.6315706983025,-2.65239197530864));
#913=CARTESIAN_POINT('Ctrl Pts',(-24.950267650463,12.9008728780864,-2.60175540123457));
#914=CARTESIAN_POINT('Ctrl Pts',(-23.7232349537037,13.9491705246914,-2.58487654320988));
#915=CARTESIAN_POINT('Ctrl Pts',(-22.3234953703704,14.8823302469136,-2.58487654320988));
#916=CARTESIAN_POINT('Ctrl Pts',(-23.3940972222222,-15.5960648148148,-3.33066907387547E-15));
#917=CARTESIAN_POINT('Ctrl Pts',(-24.8589409722222,-14.6195023148148,-2.22044604925031E-15));
#918=CARTESIAN_POINT('Ctrl Pts',(-26.1420355902778,-13.5217737268518,-1.66533453693773E-15));
#919=CARTESIAN_POINT('Ctrl Pts',(-28.3433702256944,-11.1445674189815,5.55111512312578E-16));
#920=CARTESIAN_POINT('Ctrl Pts',(-29.2616102430556,-9.86508969907407,1.66533453693773E-15));
#921=CARTESIAN_POINT('Ctrl Pts',(-31.4670138888889,-5.84490740740741,-2.77555756156289E-15));
#922=CARTESIAN_POINT('Ctrl Pts',(-32.9427083333334,0.,2.22044604925031E-15));
#923=CARTESIAN_POINT('Ctrl Pts',(-31.4670138888889,5.84490740740741,0.));
#924=CARTESIAN_POINT('Ctrl Pts',(-29.2616102430556,9.86508969907407,1.11022302462516E-15));
#925=CARTESIAN_POINT('Ctrl Pts',(-28.3433702256944,11.1445674189815,2.22044604925031E-15));
#926=CARTESIAN_POINT('Ctrl Pts',(-26.1420355902778,13.5217737268518,0.));
#927=CARTESIAN_POINT('Ctrl Pts',(-24.8589409722222,14.6195023148148,0.));
#928=CARTESIAN_POINT('Ctrl Pts',(-23.3940972222222,15.5960648148148,-1.11022302462516E-15));
#929=CARTESIAN_POINT('Ctrl Pts',(-22.3234953703704,-14.8823302469136,2.58487654320988));
#930=CARTESIAN_POINT('Ctrl Pts',(-23.7232349537037,-13.9491705246914,2.58487654320988));
#931=CARTESIAN_POINT('Ctrl Pts',(-24.950267650463,-12.9008728780864,2.60175540123457));
#932=CARTESIAN_POINT('Ctrl Pts',(-27.0566587094907,-10.6315706983025,2.65239197530864));
#933=CARTESIAN_POINT('Ctrl Pts',(-27.9360170717593,-9.41056616512346,2.68614969135802));
#934=CARTESIAN_POINT('Ctrl Pts',(-30.0491898148148,-5.57484567901235,2.78742283950617));
#935=CARTESIAN_POINT('Ctrl Pts',(-31.4670138888889,-4.44089209850063E-15,
2.9224537037037));
#936=CARTESIAN_POINT('Ctrl Pts',(-30.0491898148148,5.57484567901234,2.78742283950617));
#937=CARTESIAN_POINT('Ctrl Pts',(-27.9360170717593,9.41056616512346,2.68614969135803));
#938=CARTESIAN_POINT('Ctrl Pts',(-27.0566587094907,10.6315706983025,2.65239197530864));
#939=CARTESIAN_POINT('Ctrl Pts',(-24.950267650463,12.9008728780864,2.60175540123457));
#940=CARTESIAN_POINT('Ctrl Pts',(-23.7232349537037,13.9491705246914,2.58487654320988));
#941=CARTESIAN_POINT('Ctrl Pts',(-22.3234953703704,14.8823302469136,2.58487654320988));
#942=CARTESIAN_POINT('Ctrl Pts',(-21.0803690108905,-14.0535793405936,4.26104679377057));
#943=CARTESIAN_POINT('Ctrl Pts',(-22.3458312504738,-13.2099378475381,4.26104679377057));
#944=CARTESIAN_POINT('Ctrl Pts',(-23.4417921970278,-12.2589921777522,4.30467446410696));
#945=CARTESIAN_POINT('Ctrl Pts',(-25.295058950399,-10.1446150203311,4.42691724685535));
#946=CARTESIAN_POINT('Ctrl Pts',(-26.0602032696759,-8.99869188850309,4.49934594425154));
#947=CARTESIAN_POINT('Ctrl Pts',(-27.9360170717593,-5.37229938271605,4.70528308256173));
#948=CARTESIAN_POINT('Ctrl Pts',(-29.2616102430556,0.,4.93254484953704));
#949=CARTESIAN_POINT('Ctrl Pts',(-27.9360170717593,5.37229938271605,4.70528308256173));
#950=CARTESIAN_POINT('Ctrl Pts',(-26.0602032696759,8.99869188850309,4.49934594425154));
#951=CARTESIAN_POINT('Ctrl Pts',(-25.295058950399,10.1446150203311,4.42691724685535));
#952=CARTESIAN_POINT('Ctrl Pts',(-23.4417921970278,12.2589921777522,4.30467446410696));
#953=CARTESIAN_POINT('Ctrl Pts',(-22.3458312504738,13.2099378475381,4.26104679377057));
#954=CARTESIAN_POINT('Ctrl Pts',(-21.0803690108905,14.0535793405936,4.26104679377057));
#955=CARTESIAN_POINT('Ctrl Pts',(-20.6468701248426,-13.7645800832284,4.74570434171374));
#956=CARTESIAN_POINT('Ctrl Pts',(-21.8303108548754,-12.944925118528,4.77674453153894));
#957=CARTESIAN_POINT('Ctrl Pts',(-22.8365254627871,-12.0156644336808,4.83091457038883));
#958=CARTESIAN_POINT('Ctrl Pts',(-24.5750980103786,-9.96526177143024,4.98263088571512));
#959=CARTESIAN_POINT('Ctrl Pts',(-25.295058950399,-8.85383449371069,5.07230751016553));
#960=CARTESIAN_POINT('Ctrl Pts',(-27.0566587094907,-5.30478395061729,5.31578534915124));
#961=CARTESIAN_POINT('Ctrl Pts',(-28.3433702256944,-1.11022302462516E-15,
5.57228370949074));
#962=CARTESIAN_POINT('Ctrl Pts',(-27.0566587094907,5.30478395061728,5.31578534915124));
#963=CARTESIAN_POINT('Ctrl Pts',(-25.295058950399,8.85383449371069,5.07230751016553));
#964=CARTESIAN_POINT('Ctrl Pts',(-24.5750980103786,9.96526177143024,4.98263088571512));
#965=CARTESIAN_POINT('Ctrl Pts',(-22.8365254627871,12.0156644336808,4.83091457038883));
#966=CARTESIAN_POINT('Ctrl Pts',(-21.8303108548754,12.944925118528,4.77674453153894));
#967=CARTESIAN_POINT('Ctrl Pts',(-20.6468701248426,13.7645800832284,4.74570434171374));
#968=CARTESIAN_POINT('Ctrl Pts',(-19.7416254869711,-13.1610836579807,5.56688769977931));
#969=CARTESIAN_POINT('Ctrl Pts',(-20.6289903381264,-12.3990360934732,5.67271140296503));
#970=CARTESIAN_POINT('Ctrl Pts',(-21.4258856616217,-11.5569120252184,5.77845601260921));
#971=CARTESIAN_POINT('Ctrl Pts',(-22.8365254627871,-9.66182914077767,6.0078322168404));
#972=CARTESIAN_POINT('Ctrl Pts',(-23.4417921970278,-8.60934892821392,6.12949608887611));
#973=CARTESIAN_POINT('Ctrl Pts',(-24.950267650463,-5.20351080246914,6.45043643904321));
#974=CARTESIAN_POINT('Ctrl Pts',(-26.1420355902778,-3.33066907387547E-15,
6.76088686342592));
#975=CARTESIAN_POINT('Ctrl Pts',(-24.950267650463,5.20351080246913,6.45043643904321));
#976=CARTESIAN_POINT('Ctrl Pts',(-23.4417921970278,8.60934892821391,6.12949608887611));
#977=CARTESIAN_POINT('Ctrl Pts',(-22.8365254627871,9.66182914077767,6.0078322168404));
#978=CARTESIAN_POINT('Ctrl Pts',(-21.4258856616217,11.5569120252184,5.77845601260921));
#979=CARTESIAN_POINT('Ctrl Pts',(-20.6289903381264,12.3990360934731,5.67271140296503));
#980=CARTESIAN_POINT('Ctrl Pts',(-19.7416254869711,13.1610836579807,5.5668876997793));
#981=CARTESIAN_POINT('Ctrl Pts',(-19.2698797351475,-12.8465864900983,5.90341350990169));
#982=CARTESIAN_POINT('Ctrl Pts',(-20.0629671325523,-12.0696871698959,6.03484358494796));
#983=CARTESIAN_POINT('Ctrl Pts',(-20.6289903381264,-11.3454228059301,6.19951804673657));
#984=CARTESIAN_POINT('Ctrl Pts',(-21.8303108548754,-9.55348906307789,6.47246255926401));
#985=CARTESIAN_POINT('Ctrl Pts',(-22.3458312504738,-8.52209358754114,6.60496892376904));
#986=CARTESIAN_POINT('Ctrl Pts',(-23.7232349537037,-5.16975308641975,6.97458526234568));
#987=CARTESIAN_POINT('Ctrl Pts',(-24.8589409722222,-1.11022302462516E-15,
7.30975115740741));
#988=CARTESIAN_POINT('Ctrl Pts',(-23.7232349537037,5.16975308641975,6.97458526234568));
#989=CARTESIAN_POINT('Ctrl Pts',(-22.3458312504738,8.52209358754114,6.60496892376904));
#990=CARTESIAN_POINT('Ctrl Pts',(-21.8303108548754,9.55348906307788,6.47246255926402));
#991=CARTESIAN_POINT('Ctrl Pts',(-20.6289903381264,11.3454228059301,6.19951804673658));
#992=CARTESIAN_POINT('Ctrl Pts',(-20.0629671325523,12.0696871698959,6.03484358494795));
#993=CARTESIAN_POINT('Ctrl Pts',(-19.2698797351474,12.8465864900983,5.90341350990169));
#994=CARTESIAN_POINT('Ctrl Pts',(-18.75,-12.5,6.25));
#995=CARTESIAN_POINT('Ctrl Pts',(-19.2698797351475,-11.8068270198034,6.42329324504915));
#996=CARTESIAN_POINT('Ctrl Pts',(-19.7416254869711,-11.1337753995586,6.58054182899036));
#997=CARTESIAN_POINT('Ctrl Pts',(-20.6468701248426,-9.49140868342749,6.88229004161419));
#998=CARTESIAN_POINT('Ctrl Pts',(-21.0803690108905,-8.52209358754114,7.02678967029681));
#999=CARTESIAN_POINT('Ctrl Pts',(-22.3234953703704,-5.16975308641976,7.44116512345679));
#1000=CARTESIAN_POINT('Ctrl Pts',(-23.3940972222222,-2.22044604925031E-15,
7.7980324074074));
#1001=CARTESIAN_POINT('Ctrl Pts',(-22.3234953703704,5.16975308641975,7.44116512345679));
#1002=CARTESIAN_POINT('Ctrl Pts',(-21.0803690108904,8.52209358754114,7.02678967029682));
#1003=CARTESIAN_POINT('Ctrl Pts',(-20.6468701248426,9.49140868342749,6.8822900416142));
#1004=CARTESIAN_POINT('Ctrl Pts',(-19.7416254869711,11.1337753995586,6.58054182899036));
#1005=CARTESIAN_POINT('Ctrl Pts',(-19.2698797351474,11.8068270198034,6.42329324504915));
#1006=CARTESIAN_POINT('Ctrl Pts',(-18.75,12.5,6.25));
#1007=CARTESIAN_POINT('',(-18.75,-12.5,-6.25));
#1008=CARTESIAN_POINT('Ctrl Pts',(-18.75,-12.5,6.25));
#1009=CARTESIAN_POINT('Ctrl Pts',(-19.2698797351475,-12.8465864900983,5.90341350990169));
#1010=CARTESIAN_POINT('Ctrl Pts',(-19.7416254869711,-13.1610836579807,5.56688769977931));
#1011=CARTESIAN_POINT('Ctrl Pts',(-20.6468701248426,-13.7645800832284,4.74570434171374));
#1012=CARTESIAN_POINT('Ctrl Pts',(-21.0803690108905,-14.0535793405936,4.26104679377057));
#1013=CARTESIAN_POINT('Ctrl Pts',(-22.3234953703704,-14.8823302469136,2.58487654320988));
#1014=CARTESIAN_POINT('Ctrl Pts',(-23.3940972222222,-15.5960648148148,-3.33066907387547E-15));
#1015=CARTESIAN_POINT('Ctrl Pts',(-22.3234953703704,-14.8823302469136,-2.58487654320988));
#1016=CARTESIAN_POINT('Ctrl Pts',(-21.0803690108905,-14.0535793405936,-4.26104679377057));
#1017=CARTESIAN_POINT('Ctrl Pts',(-20.6468701248426,-13.7645800832284,-4.74570434171374));
#1018=CARTESIAN_POINT('Ctrl Pts',(-19.7416254869711,-13.1610836579807,-5.56688769977931));
#1019=CARTESIAN_POINT('Ctrl Pts',(-19.2698797351475,-12.8465864900983,-5.90341350990169));
#1020=CARTESIAN_POINT('Ctrl Pts',(-18.75,-12.5,-6.25));
#1021=CARTESIAN_POINT('Ctrl Pts',(-18.75,-12.5,-6.25));
#1022=CARTESIAN_POINT('Ctrl Pts',(-19.2698797351475,-11.8068270198034,-6.42329324504915));
#1023=CARTESIAN_POINT('Ctrl Pts',(-19.7416254869711,-11.1337753995586,-6.58054182899036));
#1024=CARTESIAN_POINT('Ctrl Pts',(-20.6468701248426,-9.49140868342748,-6.88229004161419));
#1025=CARTESIAN_POINT('Ctrl Pts',(-21.0803690108905,-8.52209358754114,-7.02678967029681));
#1026=CARTESIAN_POINT('Ctrl Pts',(-22.3234953703704,-5.16975308641975,-7.44116512345679));
#1027=CARTESIAN_POINT('Ctrl Pts',(-23.3940972222222,1.11022302462516E-15,
-7.79803240740741));
#1028=CARTESIAN_POINT('Ctrl Pts',(-22.3234953703704,5.16975308641975,-7.44116512345679));
#1029=CARTESIAN_POINT('Ctrl Pts',(-21.0803690108904,8.52209358754113,-7.02678967029682));
#1030=CARTESIAN_POINT('Ctrl Pts',(-20.6468701248426,9.49140868342748,-6.8822900416142));
#1031=CARTESIAN_POINT('Ctrl Pts',(-19.7416254869711,11.1337753995586,-6.58054182899036));
#1032=CARTESIAN_POINT('Ctrl Pts',(-19.2698797351474,11.8068270198034,-6.42329324504915));
#1033=CARTESIAN_POINT('Ctrl Pts',(-18.75,12.5,-6.25));
#1034=CARTESIAN_POINT('Ctrl Pts',(-18.75,-12.5,-6.25));
#1035=CARTESIAN_POINT('Ctrl Pts',(-19.2698797351475,-12.8465864900983,-5.90341350990169));
#1036=CARTESIAN_POINT('Ctrl Pts',(-19.7416254869711,-13.1610836579807,-5.56688769977931));
#1037=CARTESIAN_POINT('Ctrl Pts',(-20.6468701248426,-13.7645800832284,-4.74570434171374));
#1038=CARTESIAN_POINT('Ctrl Pts',(-21.0803690108905,-14.0535793405936,-4.26104679377057));
#1039=CARTESIAN_POINT('Ctrl Pts',(-22.3234953703704,-14.8823302469136,-2.58487654320988));
#1040=CARTESIAN_POINT('Ctrl Pts',(-23.3940972222222,-15.5960648148148,-3.33066907387547E-15));
#1041=CARTESIAN_POINT('Ctrl Pts',(-22.3234953703704,-14.8823302469136,2.58487654320988));
#1042=CARTESIAN_POINT('Ctrl Pts',(-21.0803690108905,-14.0535793405936,4.26104679377057));
#1043=CARTESIAN_POINT('Ctrl Pts',(-20.6468701248426,-13.7645800832284,4.74570434171374));
#1044=CARTESIAN_POINT('Ctrl Pts',(-19.7416254869711,-13.1610836579807,5.56688769977931));
#1045=CARTESIAN_POINT('Ctrl Pts',(-19.2698797351475,-12.8465864900983,5.90341350990169));
#1046=CARTESIAN_POINT('Ctrl Pts',(-18.75,-12.5,6.25));
#1047=CARTESIAN_POINT('Ctrl Pts',(-17.7102405297051,-12.8465864900983,-6.42329324504915));
#1048=CARTESIAN_POINT('Ctrl Pts',(-18.1045307548439,-13.3753114217015,-6.03484358494795));
#1049=CARTESIAN_POINT('Ctrl Pts',(-18.5985541402097,-13.7526602254176,-5.67271140296503));
#1050=CARTESIAN_POINT('Ctrl Pts',(-19.417387677792,-14.5535405699169,-4.77674453153894));
#1051=CARTESIAN_POINT('Ctrl Pts',(-19.8149067713071,-14.8972208336492,-4.26104679377057));
#1052=CARTESIAN_POINT('Ctrl Pts',(-20.923755787037,-15.8154899691358,-2.58487654320988));
#1053=CARTESIAN_POINT('Ctrl Pts',(-21.9292534722222,-16.5726273148148,-1.11022302462516E-15));
#1054=CARTESIAN_POINT('Ctrl Pts',(-20.923755787037,-15.8154899691358,2.58487654320988));
#1055=CARTESIAN_POINT('Ctrl Pts',(-19.8149067713071,-14.8972208336492,4.26104679377057));
#1056=CARTESIAN_POINT('Ctrl Pts',(-19.417387677792,-14.5535405699169,4.77674453153894));
#1057=CARTESIAN_POINT('Ctrl Pts',(-18.5985541402097,-13.7526602254176,5.67271140296503));
#1058=CARTESIAN_POINT('Ctrl Pts',(-18.1045307548439,-13.3753114217015,6.03484358494795));
#1059=CARTESIAN_POINT('Ctrl Pts',(-17.7102405297051,-12.8465864900983,6.42329324504915));
#1060=CARTESIAN_POINT('Ctrl Pts',(-16.7006630993379,-13.1610836579807,-6.58054182899036));
#1061=CARTESIAN_POINT('Ctrl Pts',(-17.0181342088951,-13.7526602254176,-6.19951804673658));
#1062=CARTESIAN_POINT('Ctrl Pts',(-17.3353680378276,-14.2839237744144,-5.77845601260921));
#1063=CARTESIAN_POINT('Ctrl Pts',(-18.0234966505212,-15.2243503085247,-4.83091457038883));
#1064=CARTESIAN_POINT('Ctrl Pts',(-18.3884882666283,-15.6278614646852,-4.30467446410696));
#1065=CARTESIAN_POINT('Ctrl Pts',(-19.3513093171296,-16.6335117669753,-2.60175540123457));
#1066=CARTESIAN_POINT('Ctrl Pts',(-20.2826605902778,-17.4280237268518,5.55111512312578E-16));
#1067=CARTESIAN_POINT('Ctrl Pts',(-19.3513093171296,-16.6335117669753,2.60175540123457));
#1068=CARTESIAN_POINT('Ctrl Pts',(-18.3884882666283,-15.6278614646852,4.30467446410696));
#1069=CARTESIAN_POINT('Ctrl Pts',(-18.0234966505212,-15.2243503085247,4.83091457038883));
#1070=CARTESIAN_POINT('Ctrl Pts',(-17.3353680378276,-14.2839237744145,5.77845601260921));
#1071=CARTESIAN_POINT('Ctrl Pts',(-17.0181342088951,-13.7526602254176,6.19951804673658));
#1072=CARTESIAN_POINT('Ctrl Pts',(-16.7006630993379,-13.1610836579807,6.58054182899037));
#1073=CARTESIAN_POINT('Ctrl Pts',(-14.2371130251412,-13.7645800832284,-6.88229004161419));
#1074=CARTESIAN_POINT('Ctrl Pts',(-14.3302335946168,-14.5535405699169,-6.47246255926401));
#1075=CARTESIAN_POINT('Ctrl Pts',(-14.4927437111665,-15.2243503085248,-6.0078322168404));
#1076=CARTESIAN_POINT('Ctrl Pts',(-14.9478926571454,-16.3833986735857,-4.98263088571512));
#1077=CARTESIAN_POINT('Ctrl Pts',(-15.2169225304966,-16.8633726335993,-4.42691724685535));
#1078=CARTESIAN_POINT('Ctrl Pts',(-15.9473560474537,-18.0377724729938,-2.65239197530864));
#1079=CARTESIAN_POINT('Ctrl Pts',(-16.7168511284722,-18.895580150463,5.55111512312578E-16));
#1080=CARTESIAN_POINT('Ctrl Pts',(-15.9473560474537,-18.0377724729938,2.65239197530864));
#1081=CARTESIAN_POINT('Ctrl Pts',(-15.2169225304966,-16.8633726335993,4.42691724685534));
#1082=CARTESIAN_POINT('Ctrl Pts',(-14.9478926571454,-16.3833986735857,4.98263088571512));
#1083=CARTESIAN_POINT('Ctrl Pts',(-14.4927437111665,-15.2243503085247,6.0078322168404));
#1084=CARTESIAN_POINT('Ctrl Pts',(-14.3302335946168,-14.5535405699169,6.47246255926401));
#1085=CARTESIAN_POINT('Ctrl Pts',(-14.2371130251412,-13.7645800832284,6.8822900416142));
#1086=CARTESIAN_POINT('Ctrl Pts',(-12.7831403813117,-14.0535793405937,-7.02678967029681));
#1087=CARTESIAN_POINT('Ctrl Pts',(-12.7831403813117,-14.8972208336492,-6.60496892376904));
#1088=CARTESIAN_POINT('Ctrl Pts',(-12.9140233923209,-15.6278614646852,-6.12949608887611));
#1089=CARTESIAN_POINT('Ctrl Pts',(-13.280751740566,-16.8633726335993,-5.07230751016553));
#1090=CARTESIAN_POINT('Ctrl Pts',(-13.4980378327546,-17.3734688464506,-4.49934594425154));
#1091=CARTESIAN_POINT('Ctrl Pts',(-14.1158492476852,-18.6240113811728,-2.68614969135803));
#1092=CARTESIAN_POINT('Ctrl Pts',(-14.7976345486111,-19.507740162037,5.55111512312578E-16));
#1093=CARTESIAN_POINT('Ctrl Pts',(-14.1158492476852,-18.6240113811728,2.68614969135802));
#1094=CARTESIAN_POINT('Ctrl Pts',(-13.4980378327546,-17.3734688464506,4.49934594425154));
#1095=CARTESIAN_POINT('Ctrl Pts',(-13.280751740566,-16.8633726335993,5.07230751016553));
#1096=CARTESIAN_POINT('Ctrl Pts',(-12.9140233923209,-15.6278614646852,6.12949608887611));
#1097=CARTESIAN_POINT('Ctrl Pts',(-12.7831403813117,-14.8972208336492,6.60496892376904));
#1098=CARTESIAN_POINT('Ctrl Pts',(-12.7831403813117,-14.0535793405936,7.02678967029682));
#1099=CARTESIAN_POINT('Ctrl Pts',(-7.75462962962963,-14.8823302469136,-7.44116512345679));
#1100=CARTESIAN_POINT('Ctrl Pts',(-7.75462962962963,-15.8154899691358,-6.97458526234568));
#1101=CARTESIAN_POINT('Ctrl Pts',(-7.8052662037037,-16.6335117669753,-6.45043643904321));
#1102=CARTESIAN_POINT('Ctrl Pts',(-7.95717592592592,-18.0377724729938,-5.31578534915123));
#1103=CARTESIAN_POINT('Ctrl Pts',(-8.05844907407407,-18.6240113811728,-4.70528308256173));
#1104=CARTESIAN_POINT('Ctrl Pts',(-8.36226851851852,-20.0327932098765,-2.78742283950617));
#1105=CARTESIAN_POINT('Ctrl Pts',(-8.76736111111111,-20.9780092592593,-2.77555756156289E-15));
#1106=CARTESIAN_POINT('Ctrl Pts',(-8.36226851851852,-20.0327932098765,2.78742283950617));
#1107=CARTESIAN_POINT('Ctrl Pts',(-8.05844907407407,-18.6240113811728,4.70528308256173));
#1108=CARTESIAN_POINT('Ctrl Pts',(-7.95717592592592,-18.0377724729938,5.31578534915124));
#1109=CARTESIAN_POINT('Ctrl Pts',(-7.8052662037037,-16.6335117669753,6.45043643904321));
#1110=CARTESIAN_POINT('Ctrl Pts',(-7.75462962962963,-15.8154899691358,6.97458526234568));
#1111=CARTESIAN_POINT('Ctrl Pts',(-7.75462962962963,-14.8823302469136,7.44116512345679));
#1112=CARTESIAN_POINT('Ctrl Pts',(-1.11022302462516E-15,-15.5960648148148,
-7.79803240740741));
#1113=CARTESIAN_POINT('Ctrl Pts',(1.11022302462516E-15,-16.5726273148148,
-7.30975115740741));
#1114=CARTESIAN_POINT('Ctrl Pts',(5.55111512312578E-15,-17.4280237268519,
-6.76088686342593));
#1115=CARTESIAN_POINT('Ctrl Pts',(-2.22044604925031E-15,-18.895580150463,
-5.57228370949074));
#1116=CARTESIAN_POINT('Ctrl Pts',(4.44089209850063E-15,-19.507740162037,
-4.93254484953704));
#1117=CARTESIAN_POINT('Ctrl Pts',(5.55111512312578E-15,-20.9780092592593,
-2.9224537037037));
#1118=CARTESIAN_POINT('Ctrl Pts',(5.55111512312578E-15,-21.9618055555556,
-5.55111512312578E-15));
#1119=CARTESIAN_POINT('Ctrl Pts',(-7.7715611723761E-15,-20.9780092592593,
2.92245370370371));
#1120=CARTESIAN_POINT('Ctrl Pts',(0.,-19.507740162037,4.93254484953703));
#1121=CARTESIAN_POINT('Ctrl Pts',(3.33066907387547E-15,-18.895580150463,
5.57228370949074));
#1122=CARTESIAN_POINT('Ctrl Pts',(-5.55111512312578E-15,-17.4280237268519,
6.76088686342593));
#1123=CARTESIAN_POINT('Ctrl Pts',(-1.11022302462516E-14,-16.5726273148148,
7.30975115740741));
#1124=CARTESIAN_POINT('Ctrl Pts',(-1.11022302462516E-15,-15.5960648148148,
7.7980324074074));
#1125=CARTESIAN_POINT('Ctrl Pts',(7.75462962962963,-14.8823302469136,-7.44116512345679));
#1126=CARTESIAN_POINT('Ctrl Pts',(7.75462962962963,-15.8154899691358,-6.97458526234568));
#1127=CARTESIAN_POINT('Ctrl Pts',(7.80526620370371,-16.6335117669753,-6.45043643904321));
#1128=CARTESIAN_POINT('Ctrl Pts',(7.95717592592593,-18.0377724729938,-5.31578534915123));
#1129=CARTESIAN_POINT('Ctrl Pts',(8.05844907407407,-18.6240113811728,-4.70528308256173));
#1130=CARTESIAN_POINT('Ctrl Pts',(8.36226851851852,-20.0327932098765,-2.78742283950617));
#1131=CARTESIAN_POINT('Ctrl Pts',(8.76736111111111,-20.9780092592593,0.));
#1132=CARTESIAN_POINT('Ctrl Pts',(8.36226851851852,-20.0327932098765,2.78742283950617));
#1133=CARTESIAN_POINT('Ctrl Pts',(8.05844907407407,-18.6240113811728,4.70528308256173));
#1134=CARTESIAN_POINT('Ctrl Pts',(7.95717592592592,-18.0377724729938,5.31578534915124));
#1135=CARTESIAN_POINT('Ctrl Pts',(7.8052662037037,-16.6335117669753,6.45043643904321));
#1136=CARTESIAN_POINT('Ctrl Pts',(7.75462962962963,-15.8154899691358,6.97458526234568));
#1137=CARTESIAN_POINT('Ctrl Pts',(7.75462962962963,-14.8823302469136,7.44116512345679));
#1138=CARTESIAN_POINT('Ctrl Pts',(12.7831403813117,-14.0535793405936,-7.02678967029682));
#1139=CARTESIAN_POINT('Ctrl Pts',(12.7831403813117,-14.8972208336492,-6.60496892376904));
#1140=CARTESIAN_POINT('Ctrl Pts',(12.9140233923209,-15.6278614646852,-6.12949608887611));
#1141=CARTESIAN_POINT('Ctrl Pts',(13.280751740566,-16.8633726335993,-5.07230751016553));
#1142=CARTESIAN_POINT('Ctrl Pts',(13.4980378327546,-17.3734688464506,-4.49934594425154));
#1143=CARTESIAN_POINT('Ctrl Pts',(14.1158492476852,-18.6240113811728,-2.68614969135802));
#1144=CARTESIAN_POINT('Ctrl Pts',(14.7976345486111,-19.507740162037,3.33066907387547E-15));
#1145=CARTESIAN_POINT('Ctrl Pts',(14.1158492476852,-18.6240113811728,2.68614969135803));
#1146=CARTESIAN_POINT('Ctrl Pts',(13.4980378327546,-17.3734688464506,4.49934594425154));
#1147=CARTESIAN_POINT('Ctrl Pts',(13.280751740566,-16.8633726335993,5.07230751016553));
#1148=CARTESIAN_POINT('Ctrl Pts',(12.9140233923209,-15.6278614646852,6.12949608887611));
#1149=CARTESIAN_POINT('Ctrl Pts',(12.7831403813117,-14.8972208336492,6.60496892376904));
#1150=CARTESIAN_POINT('Ctrl Pts',(12.7831403813117,-14.0535793405936,7.02678967029682));
#1151=CARTESIAN_POINT('Ctrl Pts',(14.2371130251412,-13.7645800832284,-6.8822900416142));
#1152=CARTESIAN_POINT('Ctrl Pts',(14.3302335946168,-14.5535405699169,-6.47246255926401));
#1153=CARTESIAN_POINT('Ctrl Pts',(14.4927437111665,-15.2243503085247,-6.0078322168404));
#1154=CARTESIAN_POINT('Ctrl Pts',(14.9478926571454,-16.3833986735857,-4.98263088571512));
#1155=CARTESIAN_POINT('Ctrl Pts',(15.2169225304966,-16.8633726335993,-4.42691724685534));
#1156=CARTESIAN_POINT('Ctrl Pts',(15.9473560474537,-18.0377724729938,-2.65239197530864));
#1157=CARTESIAN_POINT('Ctrl Pts',(16.7168511284722,-18.895580150463,2.22044604925031E-15));
#1158=CARTESIAN_POINT('Ctrl Pts',(15.9473560474537,-18.0377724729938,2.65239197530864));
#1159=CARTESIAN_POINT('Ctrl Pts',(15.2169225304966,-16.8633726335993,4.42691724685535));
#1160=CARTESIAN_POINT('Ctrl Pts',(14.9478926571454,-16.3833986735857,4.98263088571512));
#1161=CARTESIAN_POINT('Ctrl Pts',(14.4927437111665,-15.2243503085247,6.0078322168404));
#1162=CARTESIAN_POINT('Ctrl Pts',(14.3302335946168,-14.5535405699169,6.47246255926401));
#1163=CARTESIAN_POINT('Ctrl Pts',(14.2371130251412,-13.7645800832284,6.8822900416142));
#1164=CARTESIAN_POINT('Ctrl Pts',(16.7006630993379,-13.1610836579807,-6.58054182899036));
#1165=CARTESIAN_POINT('Ctrl Pts',(17.0181342088951,-13.7526602254176,-6.19951804673658));
#1166=CARTESIAN_POINT('Ctrl Pts',(17.3353680378276,-14.2839237744145,-5.77845601260921));
#1167=CARTESIAN_POINT('Ctrl Pts',(18.0234966505212,-15.2243503085247,-4.83091457038883));
#1168=CARTESIAN_POINT('Ctrl Pts',(18.3884882666283,-15.6278614646852,-4.30467446410696));
#1169=CARTESIAN_POINT('Ctrl Pts',(19.3513093171296,-16.6335117669753,-2.60175540123457));
#1170=CARTESIAN_POINT('Ctrl Pts',(20.2826605902778,-17.4280237268518,4.44089209850063E-15));
#1171=CARTESIAN_POINT('Ctrl Pts',(19.3513093171296,-16.6335117669753,2.60175540123457));
#1172=CARTESIAN_POINT('Ctrl Pts',(18.3884882666283,-15.6278614646852,4.30467446410696));
#1173=CARTESIAN_POINT('Ctrl Pts',(18.0234966505212,-15.2243503085247,4.83091457038883));
#1174=CARTESIAN_POINT('Ctrl Pts',(17.3353680378276,-14.2839237744145,5.77845601260921));
#1175=CARTESIAN_POINT('Ctrl Pts',(17.0181342088951,-13.7526602254176,6.19951804673658));
#1176=CARTESIAN_POINT('Ctrl Pts',(16.7006630993379,-13.1610836579807,6.58054182899036));
#1177=CARTESIAN_POINT('Ctrl Pts',(17.7102405297051,-12.8465864900983,-6.42329324504915));
#1178=CARTESIAN_POINT('Ctrl Pts',(18.1045307548439,-13.3753114217015,-6.03484358494795));
#1179=CARTESIAN_POINT('Ctrl Pts',(18.5985541402097,-13.7526602254176,-5.67271140296503));
#1180=CARTESIAN_POINT('Ctrl Pts',(19.417387677792,-14.5535405699169,-4.77674453153894));
#1181=CARTESIAN_POINT('Ctrl Pts',(19.8149067713071,-14.8972208336492,-4.26104679377057));
#1182=CARTESIAN_POINT('Ctrl Pts',(20.923755787037,-15.8154899691358,-2.58487654320987));
#1183=CARTESIAN_POINT('Ctrl Pts',(21.9292534722222,-16.5726273148148,1.11022302462516E-15));
#1184=CARTESIAN_POINT('Ctrl Pts',(20.923755787037,-15.8154899691358,2.58487654320988));
#1185=CARTESIAN_POINT('Ctrl Pts',(19.8149067713071,-14.8972208336492,4.26104679377057));
#1186=CARTESIAN_POINT('Ctrl Pts',(19.417387677792,-14.5535405699169,4.77674453153894));
#1187=CARTESIAN_POINT('Ctrl Pts',(18.5985541402097,-13.7526602254176,5.67271140296503));
#1188=CARTESIAN_POINT('Ctrl Pts',(18.1045307548439,-13.3753114217015,6.03484358494795));
#1189=CARTESIAN_POINT('Ctrl Pts',(17.7102405297051,-12.8465864900983,6.42329324504915));
#1190=CARTESIAN_POINT('Ctrl Pts',(18.75,-12.5,-6.25));
#1191=CARTESIAN_POINT('Ctrl Pts',(19.2698797351475,-12.8465864900983,-5.90341350990169));
#1192=CARTESIAN_POINT('Ctrl Pts',(19.7416254869711,-13.1610836579807,-5.5668876997793));
#1193=CARTESIAN_POINT('Ctrl Pts',(20.6468701248426,-13.7645800832284,-4.74570434171374));
#1194=CARTESIAN_POINT('Ctrl Pts',(21.0803690108905,-14.0535793405936,-4.26104679377057));
#1195=CARTESIAN_POINT('Ctrl Pts',(22.3234953703704,-14.8823302469136,-2.58487654320988));
#1196=CARTESIAN_POINT('Ctrl Pts',(23.3940972222222,-15.5960648148148,-1.11022302462516E-15));
#1197=CARTESIAN_POINT('Ctrl Pts',(22.3234953703704,-14.8823302469136,2.58487654320988));
#1198=CARTESIAN_POINT('Ctrl Pts',(21.0803690108905,-14.0535793405936,4.26104679377057));
#1199=CARTESIAN_POINT('Ctrl Pts',(20.6468701248426,-13.7645800832284,4.74570434171375));
#1200=CARTESIAN_POINT('Ctrl Pts',(19.7416254869711,-13.1610836579807,5.56688769977931));
#1201=CARTESIAN_POINT('Ctrl Pts',(19.2698797351475,-12.8465864900983,5.90341350990169));
#1202=CARTESIAN_POINT('Ctrl Pts',(18.75,-12.5,6.25));
#1203=CARTESIAN_POINT('Ctrl Pts',(18.75,-12.5,-6.25));
#1204=CARTESIAN_POINT('Ctrl Pts',(17.7102405297051,-12.8465864900983,-6.42329324504915));
#1205=CARTESIAN_POINT('Ctrl Pts',(16.7006630993379,-13.1610836579807,-6.58054182899036));
#1206=CARTESIAN_POINT('Ctrl Pts',(14.2371130251412,-13.7645800832284,-6.8822900416142));
#1207=CARTESIAN_POINT('Ctrl Pts',(12.7831403813117,-14.0535793405936,-7.02678967029682));
#1208=CARTESIAN_POINT('Ctrl Pts',(7.75462962962963,-14.8823302469136,-7.44116512345679));
#1209=CARTESIAN_POINT('Ctrl Pts',(3.33066907387547E-15,-15.5960648148148,
-7.79803240740741));
#1210=CARTESIAN_POINT('Ctrl Pts',(-7.75462962962963,-14.8823302469136,-7.44116512345679));
#1211=CARTESIAN_POINT('Ctrl Pts',(-12.7831403813117,-14.0535793405937,-7.02678967029681));
#1212=CARTESIAN_POINT('Ctrl Pts',(-14.2371130251412,-13.7645800832284,-6.88229004161419));
#1213=CARTESIAN_POINT('Ctrl Pts',(-16.7006630993379,-13.1610836579807,-6.58054182899036));
#1214=CARTESIAN_POINT('Ctrl Pts',(-17.7102405297051,-12.8465864900983,-6.42329324504915));
#1215=CARTESIAN_POINT('Ctrl Pts',(-18.75,-12.5,-6.25));
#1216=CARTESIAN_POINT('Ctrl Pts',(18.75,-12.5,-6.25));
#1217=CARTESIAN_POINT('Ctrl Pts',(19.2698797351475,-11.8068270198034,-6.42329324504915));
#1218=CARTESIAN_POINT('Ctrl Pts',(19.7416254869711,-11.1337753995586,-6.58054182899036));
#1219=CARTESIAN_POINT('Ctrl Pts',(20.6468701248426,-9.49140868342749,-6.88229004161419));
#1220=CARTESIAN_POINT('Ctrl Pts',(21.0803690108905,-8.52209358754114,-7.02678967029681));
#1221=CARTESIAN_POINT('Ctrl Pts',(22.3234953703704,-5.16975308641976,-7.44116512345679));
#1222=CARTESIAN_POINT('Ctrl Pts',(23.3940972222222,-1.11022302462516E-15,
-7.79803240740741));
#1223=CARTESIAN_POINT('Ctrl Pts',(22.3234953703704,5.16975308641975,-7.44116512345679));
#1224=CARTESIAN_POINT('Ctrl Pts',(21.0803690108904,8.52209358754114,-7.02678967029682));
#1225=CARTESIAN_POINT('Ctrl Pts',(20.6468701248426,9.49140868342749,-6.8822900416142));
#1226=CARTESIAN_POINT('Ctrl Pts',(19.7416254869711,11.1337753995586,-6.58054182899036));
#1227=CARTESIAN_POINT('Ctrl Pts',(19.2698797351474,11.8068270198034,-6.42329324504915));
#1228=CARTESIAN_POINT('Ctrl Pts',(18.75,12.5,-6.25));
#1229=CARTESIAN_POINT('Ctrl Pts',(17.7102405297051,-12.8465864900983,-6.42329324504915));
#1230=CARTESIAN_POINT('Ctrl Pts',(18.1045307548439,-12.0696871698959,-6.68765571085075));
#1231=CARTESIAN_POINT('Ctrl Pts',(18.5985541402097,-11.3454228059301,-6.8763301127088));
#1232=CARTESIAN_POINT('Ctrl Pts',(19.417387677792,-9.55348906307789,-7.27677028495845));
#1233=CARTESIAN_POINT('Ctrl Pts',(19.8149067713071,-8.52209358754114,-7.44861041682459));
#1234=CARTESIAN_POINT('Ctrl Pts',(20.923755787037,-5.16975308641975,-7.9077449845679));
#1235=CARTESIAN_POINT('Ctrl Pts',(21.9292534722222,0.,-8.28631365740741));
#1236=CARTESIAN_POINT('Ctrl Pts',(20.923755787037,5.16975308641975,-7.9077449845679));
#1237=CARTESIAN_POINT('Ctrl Pts',(19.8149067713071,8.52209358754114,-7.4486104168246));
#1238=CARTESIAN_POINT('Ctrl Pts',(19.417387677792,9.55348906307788,-7.27677028495846));
#1239=CARTESIAN_POINT('Ctrl Pts',(18.5985541402097,11.3454228059301,-6.8763301127088));
#1240=CARTESIAN_POINT('Ctrl Pts',(18.1045307548438,12.0696871698959,-6.68765571085075));
#1241=CARTESIAN_POINT('Ctrl Pts',(17.7102405297051,12.8465864900983,-6.42329324504915));
#1242=CARTESIAN_POINT('Ctrl Pts',(16.7006630993379,-13.1610836579807,-6.58054182899036));
#1243=CARTESIAN_POINT('Ctrl Pts',(17.0181342088951,-12.3990360934732,-6.8763301127088));
#1244=CARTESIAN_POINT('Ctrl Pts',(17.3353680378276,-11.5569120252184,-7.14196188720722));
#1245=CARTESIAN_POINT('Ctrl Pts',(18.0234966505212,-9.66182914077767,-7.61217515426237));
#1246=CARTESIAN_POINT('Ctrl Pts',(18.3884882666283,-8.60934892821392,-7.81393073234261));
#1247=CARTESIAN_POINT('Ctrl Pts',(19.3513093171296,-5.20351080246914,-8.31675588348765));
#1248=CARTESIAN_POINT('Ctrl Pts',(20.2826605902778,-2.22044604925031E-15,
-8.71401186342593));
#1249=CARTESIAN_POINT('Ctrl Pts',(19.3513093171296,5.20351080246913,-8.31675588348766));
#1250=CARTESIAN_POINT('Ctrl Pts',(18.3884882666283,8.60934892821391,-7.81393073234261));
#1251=CARTESIAN_POINT('Ctrl Pts',(18.0234966505212,9.66182914077767,-7.61217515426237));
#1252=CARTESIAN_POINT('Ctrl Pts',(17.3353680378276,11.5569120252184,-7.14196188720722));
#1253=CARTESIAN_POINT('Ctrl Pts',(17.0181342088951,12.3990360934731,-6.8763301127088));
#1254=CARTESIAN_POINT('Ctrl Pts',(16.7006630993379,13.1610836579807,-6.58054182899036));
#1255=CARTESIAN_POINT('Ctrl Pts',(14.2371130251412,-13.7645800832284,-6.8822900416142));
#1256=CARTESIAN_POINT('Ctrl Pts',(14.3302335946168,-12.944925118528,-7.27677028495846));
#1257=CARTESIAN_POINT('Ctrl Pts',(14.4927437111665,-12.0156644336808,-7.61217515426237));
#1258=CARTESIAN_POINT('Ctrl Pts',(14.9478926571454,-9.96526177143024,-8.19169933679287));
#1259=CARTESIAN_POINT('Ctrl Pts',(15.2169225304966,-8.8538344937107,-8.43168631679967));
#1260=CARTESIAN_POINT('Ctrl Pts',(15.9473560474537,-5.30478395061729,-9.01888623649691));
#1261=CARTESIAN_POINT('Ctrl Pts',(16.7168511284722,2.22044604925031E-15,
-9.44779007523148));
#1262=CARTESIAN_POINT('Ctrl Pts',(15.9473560474537,5.30478395061728,-9.01888623649691));
#1263=CARTESIAN_POINT('Ctrl Pts',(15.2169225304966,8.85383449371069,-8.43168631679967));
#1264=CARTESIAN_POINT('Ctrl Pts',(14.9478926571454,9.96526177143024,-8.19169933679287));
#1265=CARTESIAN_POINT('Ctrl Pts',(14.4927437111665,12.0156644336808,-7.61217515426237));
#1266=CARTESIAN_POINT('Ctrl Pts',(14.3302335946168,12.944925118528,-7.27677028495846));
#1267=CARTESIAN_POINT('Ctrl Pts',(14.2371130251412,13.7645800832284,-6.8822900416142));
#1268=CARTESIAN_POINT('Ctrl Pts',(12.7831403813117,-14.0535793405936,-7.02678967029682));
#1269=CARTESIAN_POINT('Ctrl Pts',(12.7831403813117,-13.2099378475381,-7.4486104168246));
#1270=CARTESIAN_POINT('Ctrl Pts',(12.9140233923209,-12.2589921777522,-7.81393073234261));
#1271=CARTESIAN_POINT('Ctrl Pts',(13.280751740566,-10.1446150203311,-8.43168631679967));
#1272=CARTESIAN_POINT('Ctrl Pts',(13.4980378327546,-8.99869188850309,-8.68673442322531));
#1273=CARTESIAN_POINT('Ctrl Pts',(14.1158492476852,-5.37229938271605,-9.31200569058642));
#1274=CARTESIAN_POINT('Ctrl Pts',(14.7976345486111,2.22044604925031E-15,
-9.75387008101852));
#1275=CARTESIAN_POINT('Ctrl Pts',(14.1158492476852,5.37229938271604,-9.31200569058642));
#1276=CARTESIAN_POINT('Ctrl Pts',(13.4980378327546,8.99869188850308,-8.68673442322531));
#1277=CARTESIAN_POINT('Ctrl Pts',(13.280751740566,10.1446150203311,-8.43168631679967));
#1278=CARTESIAN_POINT('Ctrl Pts',(12.9140233923209,12.2589921777522,-7.81393073234261));
#1279=CARTESIAN_POINT('Ctrl Pts',(12.7831403813117,13.2099378475381,-7.4486104168246));
#1280=CARTESIAN_POINT('Ctrl Pts',(12.7831403813117,14.0535793405936,-7.02678967029682));
#1281=CARTESIAN_POINT('Ctrl Pts',(7.75462962962963,-14.8823302469136,-7.44116512345679));
#1282=CARTESIAN_POINT('Ctrl Pts',(7.75462962962963,-13.9491705246914,-7.9077449845679));
#1283=CARTESIAN_POINT('Ctrl Pts',(7.8052662037037,-12.9008728780864,-8.31675588348765));
#1284=CARTESIAN_POINT('Ctrl Pts',(7.95717592592593,-10.6315706983025,-9.01888623649691));
#1285=CARTESIAN_POINT('Ctrl Pts',(8.05844907407407,-9.41056616512346,-9.31200569058642));
#1286=CARTESIAN_POINT('Ctrl Pts',(8.36226851851852,-5.57484567901235,-10.0163966049383));
#1287=CARTESIAN_POINT('Ctrl Pts',(8.76736111111111,-5.55111512312578E-15,
-10.4890046296296));
#1288=CARTESIAN_POINT('Ctrl Pts',(8.36226851851852,5.57484567901234,-10.0163966049383));
#1289=CARTESIAN_POINT('Ctrl Pts',(8.05844907407408,9.41056616512346,-9.31200569058642));
#1290=CARTESIAN_POINT('Ctrl Pts',(7.95717592592593,10.6315706983025,-9.01888623649691));
#1291=CARTESIAN_POINT('Ctrl Pts',(7.80526620370371,12.9008728780864,-8.31675588348766));
#1292=CARTESIAN_POINT('Ctrl Pts',(7.75462962962964,13.9491705246914,-7.9077449845679));
#1293=CARTESIAN_POINT('Ctrl Pts',(7.75462962962963,14.8823302469136,-7.44116512345679));
#1294=CARTESIAN_POINT('Ctrl Pts',(3.33066907387547E-15,-15.5960648148148,
-7.79803240740741));
#1295=CARTESIAN_POINT('Ctrl Pts',(0.,-14.6195023148148,-8.28631365740741));
#1296=CARTESIAN_POINT('Ctrl Pts',(-5.55111512312578E-15,-13.5217737268519,
-8.71401186342593));
#1297=CARTESIAN_POINT('Ctrl Pts',(3.33066907387547E-15,-11.1445674189815,
-9.44779007523148));
#1298=CARTESIAN_POINT('Ctrl Pts',(0.,-9.86508969907407,-9.75387008101852));
#1299=CARTESIAN_POINT('Ctrl Pts',(-1.11022302462516E-15,-5.84490740740741,
-10.4890046296296));
#1300=CARTESIAN_POINT('Ctrl Pts',(2.22044604925031E-15,7.7715611723761E-15,
-10.9809027777778));
#1301=CARTESIAN_POINT('Ctrl Pts',(2.22044604925031E-15,5.8449074074074,
-10.4890046296296));
#1302=CARTESIAN_POINT('Ctrl Pts',(0.,9.86508969907407,-9.75387008101852));
#1303=CARTESIAN_POINT('Ctrl Pts',(0.,11.1445674189815,-9.44779007523148));
#1304=CARTESIAN_POINT('Ctrl Pts',(2.22044604925031E-15,13.5217737268518,
-8.71401186342593));
#1305=CARTESIAN_POINT('Ctrl Pts',(6.66133814775094E-15,14.6195023148148,
-8.28631365740741));
#1306=CARTESIAN_POINT('Ctrl Pts',(3.33066907387547E-15,15.5960648148148,
-7.79803240740741));
#1307=CARTESIAN_POINT('Ctrl Pts',(-7.75462962962963,-14.8823302469136,-7.44116512345679));
#1308=CARTESIAN_POINT('Ctrl Pts',(-7.75462962962963,-13.9491705246914,-7.9077449845679));
#1309=CARTESIAN_POINT('Ctrl Pts',(-7.8052662037037,-12.9008728780864,-8.31675588348765));
#1310=CARTESIAN_POINT('Ctrl Pts',(-7.95717592592592,-10.6315706983025,-9.01888623649691));
#1311=CARTESIAN_POINT('Ctrl Pts',(-8.05844907407407,-9.41056616512346,-9.31200569058642));
#1312=CARTESIAN_POINT('Ctrl Pts',(-8.36226851851852,-5.57484567901235,-10.0163966049383));
#1313=CARTESIAN_POINT('Ctrl Pts',(-8.76736111111111,-7.7715611723761E-15,
-10.4890046296296));
#1314=CARTESIAN_POINT('Ctrl Pts',(-8.36226851851851,5.57484567901234,-10.0163966049383));
#1315=CARTESIAN_POINT('Ctrl Pts',(-8.05844907407407,9.41056616512346,-9.31200569058642));
#1316=CARTESIAN_POINT('Ctrl Pts',(-7.95717592592592,10.6315706983025,-9.01888623649691));
#1317=CARTESIAN_POINT('Ctrl Pts',(-7.8052662037037,12.9008728780864,-8.31675588348765));
#1318=CARTESIAN_POINT('Ctrl Pts',(-7.75462962962963,13.9491705246914,-7.9077449845679));
#1319=CARTESIAN_POINT('Ctrl Pts',(-7.75462962962963,14.8823302469136,-7.44116512345679));
#1320=CARTESIAN_POINT('Ctrl Pts',(-12.7831403813117,-14.0535793405937,-7.02678967029681));
#1321=CARTESIAN_POINT('Ctrl Pts',(-12.7831403813117,-13.2099378475381,-7.44861041682459));
#1322=CARTESIAN_POINT('Ctrl Pts',(-12.9140233923209,-12.2589921777522,-7.81393073234261));
#1323=CARTESIAN_POINT('Ctrl Pts',(-13.280751740566,-10.1446150203311,-8.43168631679967));
#1324=CARTESIAN_POINT('Ctrl Pts',(-13.4980378327546,-8.99869188850309,-8.68673442322531));
#1325=CARTESIAN_POINT('Ctrl Pts',(-14.1158492476852,-5.37229938271605,-9.31200569058642));
#1326=CARTESIAN_POINT('Ctrl Pts',(-14.7976345486111,-1.11022302462516E-15,
-9.75387008101852));
#1327=CARTESIAN_POINT('Ctrl Pts',(-14.1158492476852,5.37229938271604,-9.31200569058642));
#1328=CARTESIAN_POINT('Ctrl Pts',(-13.4980378327546,8.99869188850308,-8.68673442322531));
#1329=CARTESIAN_POINT('Ctrl Pts',(-13.280751740566,10.1446150203311,-8.43168631679967));
#1330=CARTESIAN_POINT('Ctrl Pts',(-12.9140233923209,12.2589921777522,-7.81393073234261));
#1331=CARTESIAN_POINT('Ctrl Pts',(-12.7831403813117,13.2099378475381,-7.4486104168246));
#1332=CARTESIAN_POINT('Ctrl Pts',(-12.7831403813117,14.0535793405936,-7.02678967029682));
#1333=CARTESIAN_POINT('Ctrl Pts',(-14.2371130251412,-13.7645800832284,-6.88229004161419));
#1334=CARTESIAN_POINT('Ctrl Pts',(-14.3302335946168,-12.944925118528,-7.27677028495845));
#1335=CARTESIAN_POINT('Ctrl Pts',(-14.4927437111665,-12.0156644336808,-7.61217515426237));
#1336=CARTESIAN_POINT('Ctrl Pts',(-14.9478926571454,-9.96526177143025,-8.19169933679287));
#1337=CARTESIAN_POINT('Ctrl Pts',(-15.2169225304966,-8.8538344937107,-8.43168631679967));
#1338=CARTESIAN_POINT('Ctrl Pts',(-15.9473560474537,-5.30478395061729,-9.01888623649691));
#1339=CARTESIAN_POINT('Ctrl Pts',(-16.7168511284722,-3.33066907387547E-15,
-9.44779007523148));
#1340=CARTESIAN_POINT('Ctrl Pts',(-15.9473560474537,5.30478395061728,-9.01888623649691));
#1341=CARTESIAN_POINT('Ctrl Pts',(-15.2169225304966,8.85383449371069,-8.43168631679967));
#1342=CARTESIAN_POINT('Ctrl Pts',(-14.9478926571454,9.96526177143024,-8.19169933679287));
#1343=CARTESIAN_POINT('Ctrl Pts',(-14.4927437111665,12.0156644336808,-7.61217515426237));
#1344=CARTESIAN_POINT('Ctrl Pts',(-14.3302335946168,12.944925118528,-7.27677028495846));
#1345=CARTESIAN_POINT('Ctrl Pts',(-14.2371130251412,13.7645800832284,-6.8822900416142));
#1346=CARTESIAN_POINT('Ctrl Pts',(-16.7006630993379,-13.1610836579807,-6.58054182899036));
#1347=CARTESIAN_POINT('Ctrl Pts',(-17.0181342088951,-12.3990360934732,-6.8763301127088));
#1348=CARTESIAN_POINT('Ctrl Pts',(-17.3353680378276,-11.5569120252184,-7.14196188720722));
#1349=CARTESIAN_POINT('Ctrl Pts',(-18.0234966505212,-9.66182914077767,-7.61217515426237));
#1350=CARTESIAN_POINT('Ctrl Pts',(-18.3884882666283,-8.60934892821392,-7.81393073234261));
#1351=CARTESIAN_POINT('Ctrl Pts',(-19.3513093171296,-5.20351080246914,-8.31675588348765));
#1352=CARTESIAN_POINT('Ctrl Pts',(-20.2826605902778,-4.44089209850063E-15,
-8.71401186342593));
#1353=CARTESIAN_POINT('Ctrl Pts',(-19.3513093171296,5.20351080246913,-8.31675588348766));
#1354=CARTESIAN_POINT('Ctrl Pts',(-18.3884882666283,8.60934892821391,-7.81393073234261));
#1355=CARTESIAN_POINT('Ctrl Pts',(-18.0234966505212,9.66182914077767,-7.61217515426237));
#1356=CARTESIAN_POINT('Ctrl Pts',(-17.3353680378276,11.5569120252184,-7.14196188720722));
#1357=CARTESIAN_POINT('Ctrl Pts',(-17.0181342088951,12.3990360934731,-6.8763301127088));
#1358=CARTESIAN_POINT('Ctrl Pts',(-16.7006630993379,13.1610836579807,-6.58054182899036));
#1359=CARTESIAN_POINT('Ctrl Pts',(-17.7102405297051,-12.8465864900983,-6.42329324504915));
#1360=CARTESIAN_POINT('Ctrl Pts',(-18.1045307548439,-12.0696871698959,-6.68765571085075));
#1361=CARTESIAN_POINT('Ctrl Pts',(-18.5985541402097,-11.3454228059301,-6.87633011270879));
#1362=CARTESIAN_POINT('Ctrl Pts',(-19.417387677792,-9.55348906307788,-7.27677028495845));
#1363=CARTESIAN_POINT('Ctrl Pts',(-19.8149067713071,-8.52209358754114,-7.44861041682459));
#1364=CARTESIAN_POINT('Ctrl Pts',(-20.923755787037,-5.16975308641975,-7.9077449845679));
#1365=CARTESIAN_POINT('Ctrl Pts',(-21.9292534722222,-1.11022302462516E-15,
-8.28631365740741));
#1366=CARTESIAN_POINT('Ctrl Pts',(-20.923755787037,5.16975308641975,-7.9077449845679));
#1367=CARTESIAN_POINT('Ctrl Pts',(-19.8149067713071,8.52209358754114,-7.4486104168246));
#1368=CARTESIAN_POINT('Ctrl Pts',(-19.417387677792,9.55348906307788,-7.27677028495846));
#1369=CARTESIAN_POINT('Ctrl Pts',(-18.5985541402097,11.3454228059301,-6.8763301127088));
#1370=CARTESIAN_POINT('Ctrl Pts',(-18.1045307548438,12.0696871698959,-6.68765571085075));
#1371=CARTESIAN_POINT('Ctrl Pts',(-17.7102405297051,12.8465864900983,-6.42329324504915));
#1372=CARTESIAN_POINT('Ctrl Pts',(-18.75,-12.5,-6.25));
#1373=CARTESIAN_POINT('Ctrl Pts',(-19.2698797351475,-11.8068270198034,-6.42329324504915));
#1374=CARTESIAN_POINT('Ctrl Pts',(-19.7416254869711,-11.1337753995586,-6.58054182899036));
#1375=CARTESIAN_POINT('Ctrl Pts',(-20.6468701248426,-9.49140868342748,-6.88229004161419));
#1376=CARTESIAN_POINT('Ctrl Pts',(-21.0803690108905,-8.52209358754114,-7.02678967029681));
#1377=CARTESIAN_POINT('Ctrl Pts',(-22.3234953703704,-5.16975308641975,-7.44116512345679));
#1378=CARTESIAN_POINT('Ctrl Pts',(-23.3940972222222,1.11022302462516E-15,
-7.79803240740741));
#1379=CARTESIAN_POINT('Ctrl Pts',(-22.3234953703704,5.16975308641975,-7.44116512345679));
#1380=CARTESIAN_POINT('Ctrl Pts',(-21.0803690108904,8.52209358754113,-7.02678967029682));
#1381=CARTESIAN_POINT('Ctrl Pts',(-20.6468701248426,9.49140868342748,-6.8822900416142));
#1382=CARTESIAN_POINT('Ctrl Pts',(-19.7416254869711,11.1337753995586,-6.58054182899036));
#1383=CARTESIAN_POINT('Ctrl Pts',(-19.2698797351474,11.8068270198034,-6.42329324504915));
#1384=CARTESIAN_POINT('Ctrl Pts',(-18.75,12.5,-6.25));
#1385=CARTESIAN_POINT('Ctrl Pts',(-18.693672581616,56.25,20.3928686250462));
#1386=CARTESIAN_POINT('Ctrl Pts',(-19.2135523167635,56.7698797351474,20.7394551151445));
#1387=CARTESIAN_POINT('Ctrl Pts',(-19.6852980685871,57.2416254869711,21.0759809252668));
#1388=CARTESIAN_POINT('Ctrl Pts',(-20.5905427064586,58.1468701248426,21.8971642833324));
#1389=CARTESIAN_POINT('Ctrl Pts',(-21.0240415925065,58.5803690108904,22.3818218312756));
#1390=CARTESIAN_POINT('Ctrl Pts',(-22.2671679519864,59.8234953703704,24.0579920818363));
#1391=CARTESIAN_POINT('Ctrl Pts',(-23.3377698038382,60.8940972222222,26.6428686250462));
#1392=CARTESIAN_POINT('Ctrl Pts',(-22.2671679519864,59.8234953703704,29.227745168256));
#1393=CARTESIAN_POINT('Ctrl Pts',(-21.0240415925065,58.5803690108905,30.9039154188167));
#1394=CARTESIAN_POINT('Ctrl Pts',(-20.5905427064586,58.1468701248426,31.3885729667599));
#1395=CARTESIAN_POINT('Ctrl Pts',(-19.6852980685871,57.2416254869711,32.2097563248255));
#1396=CARTESIAN_POINT('Ctrl Pts',(-19.2135523167635,56.7698797351474,32.5462821349479));
#1397=CARTESIAN_POINT('Ctrl Pts',(-18.693672581616,56.25,32.8928686250462));
#1398=CARTESIAN_POINT('Ctrl Pts',(-19.2135523167635,55.2102405297051,20.219575379997));
#1399=CARTESIAN_POINT('Ctrl Pts',(-20.0066397141683,55.6045307548439,20.6080250400982));
#1400=CARTESIAN_POINT('Ctrl Pts',(-20.5726629197424,56.0985541402097,20.9701572220811));
#1401=CARTESIAN_POINT('Ctrl Pts',(-21.7739834364914,56.917387677792,21.8661240935072));
#1402=CARTESIAN_POINT('Ctrl Pts',(-22.2895038320898,57.3149067713071,22.3818218312756));
#1403=CARTESIAN_POINT('Ctrl Pts',(-23.6669075353197,58.423755787037,24.0579920818363));
#1404=CARTESIAN_POINT('Ctrl Pts',(-24.8026135538382,59.4292534722222,26.6428686250462));
#1405=CARTESIAN_POINT('Ctrl Pts',(-23.6669075353197,58.423755787037,29.227745168256));
#1406=CARTESIAN_POINT('Ctrl Pts',(-22.2895038320898,57.3149067713071,30.9039154188167));
#1407=CARTESIAN_POINT('Ctrl Pts',(-21.7739834364914,56.917387677792,31.4196131565851));
#1408=CARTESIAN_POINT('Ctrl Pts',(-20.5726629197424,56.0985541402097,32.3155800280112));
#1409=CARTESIAN_POINT('Ctrl Pts',(-20.0066397141683,55.6045307548438,32.6777122099941));
#1410=CARTESIAN_POINT('Ctrl Pts',(-19.2135523167635,55.210240529705,33.0661618700953));
#1411=CARTESIAN_POINT('Ctrl Pts',(-19.6852980685871,54.2006630993379,20.0623267960558));
#1412=CARTESIAN_POINT('Ctrl Pts',(-20.5726629197424,54.5181342088951,20.4433505783096));
#1413=CARTESIAN_POINT('Ctrl Pts',(-21.3695582432377,54.8353680378276,20.8644126124369));
#1414=CARTESIAN_POINT('Ctrl Pts',(-22.7801980444031,55.5234966505212,21.8119540546573));
#1415=CARTESIAN_POINT('Ctrl Pts',(-23.3854647786438,55.8884882666283,22.3381941609392));
#1416=CARTESIAN_POINT('Ctrl Pts',(-24.893940232079,56.8513093171296,24.0411132238116));
#1417=CARTESIAN_POINT('Ctrl Pts',(-26.0857081718938,57.7826605902778,26.6428686250462));
#1418=CARTESIAN_POINT('Ctrl Pts',(-24.893940232079,56.8513093171296,29.2446240262807));
#1419=CARTESIAN_POINT('Ctrl Pts',(-23.3854647786438,55.8884882666283,30.9475430891531));
#1420=CARTESIAN_POINT('Ctrl Pts',(-22.7801980444031,55.5234966505212,31.473783195435));
#1421=CARTESIAN_POINT('Ctrl Pts',(-21.3695582432377,54.8353680378276,32.4213246376554));
#1422=CARTESIAN_POINT('Ctrl Pts',(-20.5726629197424,54.5181342088951,32.8423866717827));
#1423=CARTESIAN_POINT('Ctrl Pts',(-19.6852980685871,54.2006630993379,33.2234104540365));
#1424=CARTESIAN_POINT('Ctrl Pts',(-20.5905427064586,51.7371130251412,19.760578583432));
#1425=CARTESIAN_POINT('Ctrl Pts',(-21.7739834364914,51.8302335946168,20.1704060657822));
#1426=CARTESIAN_POINT('Ctrl Pts',(-22.7801980444031,51.9927437111665,20.6350364082058));
#1427=CARTESIAN_POINT('Ctrl Pts',(-24.5187705919946,52.4478926571453,21.660237739331));
#1428=CARTESIAN_POINT('Ctrl Pts',(-25.238731532015,52.7169225304966,22.2159513781908));
#1429=CARTESIAN_POINT('Ctrl Pts',(-27.0003312911068,53.4473560474537,23.9904766497375));
#1430=CARTESIAN_POINT('Ctrl Pts',(-28.2870428073105,54.2168511284722,26.6428686250462));
#1431=CARTESIAN_POINT('Ctrl Pts',(-27.0003312911068,53.4473560474537,29.2952606003548));
#1432=CARTESIAN_POINT('Ctrl Pts',(-25.238731532015,52.7169225304966,31.0697858719015));
#1433=CARTESIAN_POINT('Ctrl Pts',(-24.5187705919946,52.4478926571453,31.6254995107613));
#1434=CARTESIAN_POINT('Ctrl Pts',(-22.7801980444031,51.9927437111665,32.6507008418866));
#1435=CARTESIAN_POINT('Ctrl Pts',(-21.7739834364914,51.8302335946168,33.1153311843102));
#1436=CARTESIAN_POINT('Ctrl Pts',(-20.5905427064586,51.7371130251412,33.5251586666604));
#1437=CARTESIAN_POINT('Ctrl Pts',(-21.0240415925065,50.2831403813117,19.6160789547494));
#1438=CARTESIAN_POINT('Ctrl Pts',(-22.2895038320898,50.2831403813117,20.0378997012771));
#1439=CARTESIAN_POINT('Ctrl Pts',(-23.3854647786438,50.4140233923209,20.51337253617));
#1440=CARTESIAN_POINT('Ctrl Pts',(-25.238731532015,50.780751740566,21.5705611148806));
#1441=CARTESIAN_POINT('Ctrl Pts',(-26.0038758512919,50.9980378327546,22.1435226807946));
#1442=CARTESIAN_POINT('Ctrl Pts',(-27.8796896533753,51.6158492476852,23.9567189336881));
#1443=CARTESIAN_POINT('Ctrl Pts',(-29.2052828246716,52.2976345486111,26.6428686250462));
#1444=CARTESIAN_POINT('Ctrl Pts',(-27.8796896533753,51.6158492476852,29.3290183164042));
#1445=CARTESIAN_POINT('Ctrl Pts',(-26.0038758512919,50.9980378327546,31.1422145692977));
#1446=CARTESIAN_POINT('Ctrl Pts',(-25.238731532015,50.780751740566,31.7151761352117));
#1447=CARTESIAN_POINT('Ctrl Pts',(-23.3854647786438,50.4140233923209,32.7723647139223));
#1448=CARTESIAN_POINT('Ctrl Pts',(-22.2895038320898,50.2831403813117,33.2478375488152));
#1449=CARTESIAN_POINT('Ctrl Pts',(-21.0240415925065,50.2831403813117,33.669658295343));
#1450=CARTESIAN_POINT('Ctrl Pts',(-22.2671679519864,45.2546296296296,19.2017035015894));
#1451=CARTESIAN_POINT('Ctrl Pts',(-23.6669075353197,45.2546296296296,19.6682833627005));
#1452=CARTESIAN_POINT('Ctrl Pts',(-24.893940232079,45.3052662037037,20.192432186003));
#1453=CARTESIAN_POINT('Ctrl Pts',(-27.0003312911068,45.4571759259259,21.3270832758949));
#1454=CARTESIAN_POINT('Ctrl Pts',(-27.8796896533753,45.5584490740741,21.9375855424844));
#1455=CARTESIAN_POINT('Ctrl Pts',(-29.9928623964308,45.8622685185185,23.85544578554));
#1456=CARTESIAN_POINT('Ctrl Pts',(-31.4106864705049,46.2673611111111,26.6428686250462));
#1457=CARTESIAN_POINT('Ctrl Pts',(-29.9928623964308,45.8622685185185,29.4302914645523));
#1458=CARTESIAN_POINT('Ctrl Pts',(-27.8796896533753,45.5584490740741,31.3481517076079));
#1459=CARTESIAN_POINT('Ctrl Pts',(-27.0003312911068,45.4571759259259,31.9586539741974));
#1460=CARTESIAN_POINT('Ctrl Pts',(-24.893940232079,45.3052662037037,33.0933050640894));
#1461=CARTESIAN_POINT('Ctrl Pts',(-23.6669075353197,45.2546296296296,33.6174538873918));
#1462=CARTESIAN_POINT('Ctrl Pts',(-22.2671679519864,45.2546296296296,34.084033748503));
#1463=CARTESIAN_POINT('Ctrl Pts',(-23.3377698038382,37.5,18.8448362176387));
#1464=CARTESIAN_POINT('Ctrl Pts',(-24.8026135538382,37.5,19.3331174676388));
#1465=CARTESIAN_POINT('Ctrl Pts',(-26.0857081718938,37.5,19.8819817616202));
#1466=CARTESIAN_POINT('Ctrl Pts',(-28.2870428073105,37.5,21.0705849155554));
#1467=CARTESIAN_POINT('Ctrl Pts',(-29.2052828246716,37.5,21.7103237755091));
#1468=CARTESIAN_POINT('Ctrl Pts',(-31.4106864705049,37.5,23.7204149213425));
#1469=CARTESIAN_POINT('Ctrl Pts',(-32.8863809149493,37.5,26.6428686250462));
#1470=CARTESIAN_POINT('Ctrl Pts',(-31.4106864705049,37.5,29.5653223287499));
#1471=CARTESIAN_POINT('Ctrl Pts',(-29.2052828246716,37.5,31.5754134745832));
#1472=CARTESIAN_POINT('Ctrl Pts',(-28.2870428073105,37.5,32.2151523345369));
#1473=CARTESIAN_POINT('Ctrl Pts',(-26.0857081718938,37.5,33.4037554884721));
#1474=CARTESIAN_POINT('Ctrl Pts',(-24.8026135538382,37.5,33.9526197824536));
#1475=CARTESIAN_POINT('Ctrl Pts',(-23.3377698038382,37.5,34.4409010324536));
#1476=CARTESIAN_POINT('Ctrl Pts',(-22.2671679519864,29.7453703703704,19.2017035015894));
#1477=CARTESIAN_POINT('Ctrl Pts',(-23.6669075353197,29.7453703703704,19.6682833627005));
#1478=CARTESIAN_POINT('Ctrl Pts',(-24.893940232079,29.6947337962963,20.1924321860029));
#1479=CARTESIAN_POINT('Ctrl Pts',(-27.0003312911068,29.5428240740741,21.3270832758949));
#1480=CARTESIAN_POINT('Ctrl Pts',(-27.8796896533753,29.4415509259259,21.9375855424844));
#1481=CARTESIAN_POINT('Ctrl Pts',(-29.9928623964308,29.1377314814815,23.85544578554));
#1482=CARTESIAN_POINT('Ctrl Pts',(-31.4106864705049,28.7326388888889,26.6428686250462));
#1483=CARTESIAN_POINT('Ctrl Pts',(-29.9928623964308,29.1377314814815,29.4302914645523));
#1484=CARTESIAN_POINT('Ctrl Pts',(-27.8796896533753,29.4415509259259,31.3481517076079));
#1485=CARTESIAN_POINT('Ctrl Pts',(-27.0003312911068,29.5428240740741,31.9586539741974));
#1486=CARTESIAN_POINT('Ctrl Pts',(-24.893940232079,29.6947337962963,33.0933050640894));
#1487=CARTESIAN_POINT('Ctrl Pts',(-23.6669075353197,29.7453703703704,33.6174538873918));
#1488=CARTESIAN_POINT('Ctrl Pts',(-22.2671679519864,29.7453703703704,34.084033748503));
#1489=CARTESIAN_POINT('Ctrl Pts',(-21.0240415925065,24.7168596186883,19.6160789547493));
#1490=CARTESIAN_POINT('Ctrl Pts',(-22.2895038320898,24.7168596186883,20.0378997012771));
#1491=CARTESIAN_POINT('Ctrl Pts',(-23.3854647786438,24.5859766076791,20.51337253617));
#1492=CARTESIAN_POINT('Ctrl Pts',(-25.238731532015,24.219248259434,21.5705611148806));
#1493=CARTESIAN_POINT('Ctrl Pts',(-26.0038758512919,24.0019621672454,22.1435226807946));
#1494=CARTESIAN_POINT('Ctrl Pts',(-27.8796896533753,23.3841507523148,23.9567189336881));
#1495=CARTESIAN_POINT('Ctrl Pts',(-29.2052828246716,22.7023654513889,26.6428686250462));
#1496=CARTESIAN_POINT('Ctrl Pts',(-27.8796896533753,23.3841507523148,29.3290183164042));
#1497=CARTESIAN_POINT('Ctrl Pts',(-26.0038758512919,24.0019621672454,31.1422145692977));
#1498=CARTESIAN_POINT('Ctrl Pts',(-25.238731532015,24.219248259434,31.7151761352117));
#1499=CARTESIAN_POINT('Ctrl Pts',(-23.3854647786438,24.5859766076791,32.7723647139223));
#1500=CARTESIAN_POINT('Ctrl Pts',(-22.2895038320898,24.7168596186883,33.2478375488152));
#1501=CARTESIAN_POINT('Ctrl Pts',(-21.0240415925065,24.7168596186883,33.669658295343));
#1502=CARTESIAN_POINT('Ctrl Pts',(-20.5905427064586,23.2628869748588,19.760578583432));
#1503=CARTESIAN_POINT('Ctrl Pts',(-21.7739834364914,23.1697664053832,20.1704060657821));
#1504=CARTESIAN_POINT('Ctrl Pts',(-22.7801980444031,23.0072562888335,20.6350364082058));
#1505=CARTESIAN_POINT('Ctrl Pts',(-24.5187705919946,22.5521073428546,21.660237739331));
#1506=CARTESIAN_POINT('Ctrl Pts',(-25.238731532015,22.2830774695034,22.2159513781908));
#1507=CARTESIAN_POINT('Ctrl Pts',(-27.0003312911068,21.5526439525463,23.9904766497375));
#1508=CARTESIAN_POINT('Ctrl Pts',(-28.2870428073105,20.7831488715278,26.6428686250462));
#1509=CARTESIAN_POINT('Ctrl Pts',(-27.0003312911068,21.5526439525463,29.2952606003548));
#1510=CARTESIAN_POINT('Ctrl Pts',(-25.238731532015,22.2830774695034,31.0697858719015));
#1511=CARTESIAN_POINT('Ctrl Pts',(-24.5187705919946,22.5521073428546,31.6254995107613));
#1512=CARTESIAN_POINT('Ctrl Pts',(-22.7801980444031,23.0072562888335,32.6507008418866));
#1513=CARTESIAN_POINT('Ctrl Pts',(-21.7739834364914,23.1697664053832,33.1153311843102));
#1514=CARTESIAN_POINT('Ctrl Pts',(-20.5905427064586,23.2628869748588,33.5251586666604));
#1515=CARTESIAN_POINT('Ctrl Pts',(-19.6852980685871,20.7993369006621,20.0623267960558));
#1516=CARTESIAN_POINT('Ctrl Pts',(-20.5726629197424,20.4818657911049,20.4433505783096));
#1517=CARTESIAN_POINT('Ctrl Pts',(-21.3695582432377,20.1646319621724,20.8644126124369));
#1518=CARTESIAN_POINT('Ctrl Pts',(-22.7801980444031,19.4765033494788,21.8119540546573));
#1519=CARTESIAN_POINT('Ctrl Pts',(-23.3854647786438,19.1115117333717,22.3381941609392));
#1520=CARTESIAN_POINT('Ctrl Pts',(-24.893940232079,18.1486906828704,24.0411132238116));
#1521=CARTESIAN_POINT('Ctrl Pts',(-26.0857081718938,17.2173394097222,26.6428686250462));
#1522=CARTESIAN_POINT('Ctrl Pts',(-24.893940232079,18.1486906828704,29.2446240262807));
#1523=CARTESIAN_POINT('Ctrl Pts',(-23.3854647786438,19.1115117333717,30.9475430891531));
#1524=CARTESIAN_POINT('Ctrl Pts',(-22.7801980444031,19.4765033494788,31.473783195435));
#1525=CARTESIAN_POINT('Ctrl Pts',(-21.3695582432377,20.1646319621724,32.4213246376554));
#1526=CARTESIAN_POINT('Ctrl Pts',(-20.5726629197424,20.4818657911049,32.8423866717827));
#1527=CARTESIAN_POINT('Ctrl Pts',(-19.6852980685871,20.7993369006621,33.2234104540365));
#1528=CARTESIAN_POINT('Ctrl Pts',(-19.2135523167635,19.7897594702949,20.219575379997));
#1529=CARTESIAN_POINT('Ctrl Pts',(-20.0066397141683,19.3954692451561,20.6080250400982));
#1530=CARTESIAN_POINT('Ctrl Pts',(-20.5726629197424,18.9014458597903,20.9701572220811));
#1531=CARTESIAN_POINT('Ctrl Pts',(-21.7739834364914,18.082612322208,21.8661240935072));
#1532=CARTESIAN_POINT('Ctrl Pts',(-22.2895038320898,17.6850932286929,22.3818218312756));
#1533=CARTESIAN_POINT('Ctrl Pts',(-23.6669075353197,16.576244212963,24.0579920818363));
#1534=CARTESIAN_POINT('Ctrl Pts',(-24.8026135538382,15.5707465277778,26.6428686250462));
#1535=CARTESIAN_POINT('Ctrl Pts',(-23.6669075353197,16.576244212963,29.227745168256));
#1536=CARTESIAN_POINT('Ctrl Pts',(-22.2895038320898,17.6850932286929,30.9039154188167));
#1537=CARTESIAN_POINT('Ctrl Pts',(-21.7739834364914,18.082612322208,31.4196131565851));
#1538=CARTESIAN_POINT('Ctrl Pts',(-20.5726629197424,18.9014458597903,32.3155800280112));
#1539=CARTESIAN_POINT('Ctrl Pts',(-20.0066397141683,19.3954692451561,32.6777122099941));
#1540=CARTESIAN_POINT('Ctrl Pts',(-19.2135523167635,19.7897594702949,33.0661618700953));
#1541=CARTESIAN_POINT('Ctrl Pts',(-18.693672581616,18.75,20.3928686250462));
#1542=CARTESIAN_POINT('Ctrl Pts',(-19.2135523167635,18.2301202648525,20.7394551151445));
#1543=CARTESIAN_POINT('Ctrl Pts',(-19.6852980685871,17.7583745130289,21.0759809252669));
#1544=CARTESIAN_POINT('Ctrl Pts',(-20.5905427064586,16.8531298751574,21.8971642833324));
#1545=CARTESIAN_POINT('Ctrl Pts',(-21.0240415925065,16.4196309891096,22.3818218312756));
#1546=CARTESIAN_POINT('Ctrl Pts',(-22.2671679519864,15.1765046296296,24.0579920818363));
#1547=CARTESIAN_POINT('Ctrl Pts',(-23.3377698038382,14.1059027777778,26.6428686250462));
#1548=CARTESIAN_POINT('Ctrl Pts',(-22.2671679519864,15.1765046296296,29.227745168256));
#1549=CARTESIAN_POINT('Ctrl Pts',(-21.0240415925065,16.4196309891095,30.9039154188167));
#1550=CARTESIAN_POINT('Ctrl Pts',(-20.5905427064586,16.8531298751574,31.3885729667599));
#1551=CARTESIAN_POINT('Ctrl Pts',(-19.6852980685871,17.7583745130289,32.2097563248255));
#1552=CARTESIAN_POINT('Ctrl Pts',(-19.2135523167635,18.2301202648525,32.5462821349478));
#1553=CARTESIAN_POINT('Ctrl Pts',(-18.693672581616,18.75,32.8928686250462));
#1554=CARTESIAN_POINT('',(-18.693672581616,18.75,20.3928686250462));
#1555=CARTESIAN_POINT('',(-18.693672581616,56.25,20.3928686250462));
#1556=CARTESIAN_POINT('Ctrl Pts',(-18.693672581616,18.75,20.3928686250462));
#1557=CARTESIAN_POINT('Ctrl Pts',(-19.2135523167635,19.7897594702949,20.219575379997));
#1558=CARTESIAN_POINT('Ctrl Pts',(-19.6852980685871,20.7993369006621,20.0623267960558));
#1559=CARTESIAN_POINT('Ctrl Pts',(-20.5905427064586,23.2628869748588,19.760578583432));
#1560=CARTESIAN_POINT('Ctrl Pts',(-21.0240415925065,24.7168596186883,19.6160789547493));
#1561=CARTESIAN_POINT('Ctrl Pts',(-22.2671679519864,29.7453703703704,19.2017035015894));
#1562=CARTESIAN_POINT('Ctrl Pts',(-23.3377698038382,37.5,18.8448362176388));
#1563=CARTESIAN_POINT('Ctrl Pts',(-22.2671679519864,45.2546296296296,19.2017035015894));
#1564=CARTESIAN_POINT('Ctrl Pts',(-21.0240415925065,50.2831403813117,19.6160789547494));
#1565=CARTESIAN_POINT('Ctrl Pts',(-20.5905427064586,51.7371130251412,19.760578583432));
#1566=CARTESIAN_POINT('Ctrl Pts',(-19.6852980685871,54.2006630993379,20.0623267960558));
#1567=CARTESIAN_POINT('Ctrl Pts',(-19.2135523167635,55.2102405297051,20.219575379997));
#1568=CARTESIAN_POINT('Ctrl Pts',(-18.693672581616,56.25,20.3928686250462));
#1569=CARTESIAN_POINT('',(-18.693672581616,18.75,32.8928686250462));
#1570=CARTESIAN_POINT('Ctrl Pts',(-18.693672581616,18.75,32.8928686250462));
#1571=CARTESIAN_POINT('Ctrl Pts',(-19.2135523167635,18.2301202648525,32.5462821349478));
#1572=CARTESIAN_POINT('Ctrl Pts',(-19.6852980685871,17.7583745130289,32.2097563248255));
#1573=CARTESIAN_POINT('Ctrl Pts',(-20.5905427064586,16.8531298751574,31.3885729667599));
#1574=CARTESIAN_POINT('Ctrl Pts',(-21.0240415925065,16.4196309891095,30.9039154188167));
#1575=CARTESIAN_POINT('Ctrl Pts',(-22.2671679519864,15.1765046296296,29.227745168256));
#1576=CARTESIAN_POINT('Ctrl Pts',(-23.3377698038382,14.1059027777778,26.6428686250462));
#1577=CARTESIAN_POINT('Ctrl Pts',(-22.2671679519864,15.1765046296296,24.0579920818363));
#1578=CARTESIAN_POINT('Ctrl Pts',(-21.0240415925065,16.4196309891096,22.3818218312756));
#1579=CARTESIAN_POINT('Ctrl Pts',(-20.5905427064586,16.8531298751574,21.8971642833324));
#1580=CARTESIAN_POINT('Ctrl Pts',(-19.6852980685871,17.7583745130289,21.0759809252669));
#1581=CARTESIAN_POINT('Ctrl Pts',(-19.2135523167635,18.2301202648525,20.7394551151445));
#1582=CARTESIAN_POINT('Ctrl Pts',(-18.693672581616,18.75,20.3928686250462));
#1583=CARTESIAN_POINT('',(-18.693672581616,56.25,32.8928686250462));
#1584=CARTESIAN_POINT('Ctrl Pts',(-18.693672581616,56.25,32.8928686250462));
#1585=CARTESIAN_POINT('Ctrl Pts',(-19.2135523167635,55.210240529705,33.0661618700953));
#1586=CARTESIAN_POINT('Ctrl Pts',(-19.6852980685871,54.2006630993379,33.2234104540365));
#1587=CARTESIAN_POINT('Ctrl Pts',(-20.5905427064586,51.7371130251412,33.5251586666604));
#1588=CARTESIAN_POINT('Ctrl Pts',(-21.0240415925065,50.2831403813117,33.669658295343));
#1589=CARTESIAN_POINT('Ctrl Pts',(-22.2671679519864,45.2546296296296,34.084033748503));
#1590=CARTESIAN_POINT('Ctrl Pts',(-23.3377698038382,37.5,34.4409010324536));
#1591=CARTESIAN_POINT('Ctrl Pts',(-22.2671679519864,29.7453703703704,34.084033748503));
#1592=CARTESIAN_POINT('Ctrl Pts',(-21.0240415925065,24.7168596186883,33.669658295343));
#1593=CARTESIAN_POINT('Ctrl Pts',(-20.5905427064586,23.2628869748588,33.5251586666604));
#1594=CARTESIAN_POINT('Ctrl Pts',(-19.6852980685871,20.7993369006621,33.2234104540365));
#1595=CARTESIAN_POINT('Ctrl Pts',(-19.2135523167635,19.7897594702949,33.0661618700953));
#1596=CARTESIAN_POINT('Ctrl Pts',(-18.693672581616,18.75,32.8928686250462));
#1597=CARTESIAN_POINT('Ctrl Pts',(-18.693672581616,56.25,20.3928686250462));
#1598=CARTESIAN_POINT('Ctrl Pts',(-19.2135523167635,56.7698797351474,20.7394551151445));
#1599=CARTESIAN_POINT('Ctrl Pts',(-19.6852980685871,57.2416254869711,21.0759809252668));
#1600=CARTESIAN_POINT('Ctrl Pts',(-20.5905427064586,58.1468701248426,21.8971642833324));
#1601=CARTESIAN_POINT('Ctrl Pts',(-21.0240415925065,58.5803690108904,22.3818218312756));
#1602=CARTESIAN_POINT('Ctrl Pts',(-22.2671679519864,59.8234953703704,24.0579920818363));
#1603=CARTESIAN_POINT('Ctrl Pts',(-23.3377698038382,60.8940972222222,26.6428686250462));
#1604=CARTESIAN_POINT('Ctrl Pts',(-22.2671679519864,59.8234953703704,29.227745168256));
#1605=CARTESIAN_POINT('Ctrl Pts',(-21.0240415925065,58.5803690108905,30.9039154188167));
#1606=CARTESIAN_POINT('Ctrl Pts',(-20.5905427064586,58.1468701248426,31.3885729667599));
#1607=CARTESIAN_POINT('Ctrl Pts',(-19.6852980685871,57.2416254869711,32.2097563248255));
#1608=CARTESIAN_POINT('Ctrl Pts',(-19.2135523167635,56.7698797351474,32.5462821349479));
#1609=CARTESIAN_POINT('Ctrl Pts',(-18.693672581616,56.25,32.8928686250462));
#1610=CARTESIAN_POINT('Ctrl Pts',(18.806327418384,56.25,32.8928686250462));
#1611=CARTESIAN_POINT('Ctrl Pts',(19.3262071535314,55.210240529705,33.0661618700953));
#1612=CARTESIAN_POINT('Ctrl Pts',(19.7979529053551,54.2006630993379,33.2234104540365));
#1613=CARTESIAN_POINT('Ctrl Pts',(20.7031975432266,51.7371130251412,33.5251586666604));
#1614=CARTESIAN_POINT('Ctrl Pts',(21.1366964292744,50.2831403813117,33.669658295343));
#1615=CARTESIAN_POINT('Ctrl Pts',(22.3798227887543,45.2546296296296,34.084033748503));
#1616=CARTESIAN_POINT('Ctrl Pts',(23.4504246406062,37.5,34.4409010324536));
#1617=CARTESIAN_POINT('Ctrl Pts',(22.3798227887543,29.7453703703704,34.084033748503));
#1618=CARTESIAN_POINT('Ctrl Pts',(21.1366964292744,24.7168596186883,33.669658295343));
#1619=CARTESIAN_POINT('Ctrl Pts',(20.7031975432266,23.2628869748588,33.5251586666604));
#1620=CARTESIAN_POINT('Ctrl Pts',(19.7979529053551,20.7993369006621,33.2234104540365));
#1621=CARTESIAN_POINT('Ctrl Pts',(19.3262071535314,19.7897594702949,33.0661618700953));
#1622=CARTESIAN_POINT('Ctrl Pts',(18.806327418384,18.75,32.8928686250462));
#1623=CARTESIAN_POINT('Ctrl Pts',(17.7665679480891,56.7698797351474,33.0661618700953));
#1624=CARTESIAN_POINT('Ctrl Pts',(18.1608581732278,55.6045307548438,33.3305243358969));
#1625=CARTESIAN_POINT('Ctrl Pts',(18.6548815585937,54.5181342088951,33.5191987377549));
#1626=CARTESIAN_POINT('Ctrl Pts',(19.473715096176,51.8302335946168,33.9196389100046));
#1627=CARTESIAN_POINT('Ctrl Pts',(19.8712341896911,50.2831403813117,34.0914790418708));
#1628=CARTESIAN_POINT('Ctrl Pts',(20.980083205421,45.2546296296296,34.5506136096141));
#1629=CARTESIAN_POINT('Ctrl Pts',(21.9855808906062,37.5,34.9291822824536));
#1630=CARTESIAN_POINT('Ctrl Pts',(20.980083205421,29.7453703703704,34.5506136096141));
#1631=CARTESIAN_POINT('Ctrl Pts',(19.8712341896911,24.7168596186883,34.0914790418708));
#1632=CARTESIAN_POINT('Ctrl Pts',(19.473715096176,23.1697664053832,33.9196389100046));
#1633=CARTESIAN_POINT('Ctrl Pts',(18.6548815585937,20.4818657911049,33.5191987377549));
#1634=CARTESIAN_POINT('Ctrl Pts',(18.1608581732279,19.3954692451561,33.3305243358969));
#1635=CARTESIAN_POINT('Ctrl Pts',(17.7665679480891,18.2301202648525,33.0661618700953));
#1636=CARTESIAN_POINT('Ctrl Pts',(16.7569905177219,57.2416254869711,33.2234104540365));
#1637=CARTESIAN_POINT('Ctrl Pts',(17.0744616272791,56.0985541402097,33.519198737755));
#1638=CARTESIAN_POINT('Ctrl Pts',(17.3916954562116,54.8353680378276,33.7848305122534));
#1639=CARTESIAN_POINT('Ctrl Pts',(18.0798240689052,51.9927437111665,34.2550437793085));
#1640=CARTESIAN_POINT('Ctrl Pts',(18.4448156850123,50.4140233923209,34.4567993573888));
#1641=CARTESIAN_POINT('Ctrl Pts',(19.4076367355136,45.3052662037037,34.9596245085338));
#1642=CARTESIAN_POINT('Ctrl Pts',(20.3389880086618,37.5,35.3568804884721));
#1643=CARTESIAN_POINT('Ctrl Pts',(19.4076367355136,29.6947337962963,34.9596245085338));
#1644=CARTESIAN_POINT('Ctrl Pts',(18.4448156850123,24.5859766076791,34.4567993573888));
#1645=CARTESIAN_POINT('Ctrl Pts',(18.0798240689052,23.0072562888335,34.2550437793085));
#1646=CARTESIAN_POINT('Ctrl Pts',(17.3916954562116,20.1646319621724,33.7848305122534));
#1647=CARTESIAN_POINT('Ctrl Pts',(17.0744616272791,18.9014458597903,33.519198737755));
#1648=CARTESIAN_POINT('Ctrl Pts',(16.7569905177219,17.7583745130289,33.2234104540365));
#1649=CARTESIAN_POINT('Ctrl Pts',(14.2934404435252,58.1468701248426,33.5251586666604));
#1650=CARTESIAN_POINT('Ctrl Pts',(14.3865610130008,56.917387677792,33.9196389100046));
#1651=CARTESIAN_POINT('Ctrl Pts',(14.5490711295505,55.5234966505212,34.2550437793085));
#1652=CARTESIAN_POINT('Ctrl Pts',(15.0042200755293,52.4478926571454,34.834567961839));
#1653=CARTESIAN_POINT('Ctrl Pts',(15.2732499488806,50.780751740566,35.0745549418458));
#1654=CARTESIAN_POINT('Ctrl Pts',(16.0036834658377,45.4571759259259,35.6617548615431));
#1655=CARTESIAN_POINT('Ctrl Pts',(16.7731785468562,37.5,36.0906587002777));
#1656=CARTESIAN_POINT('Ctrl Pts',(16.0036834658377,29.5428240740741,35.6617548615431));
#1657=CARTESIAN_POINT('Ctrl Pts',(15.2732499488806,24.219248259434,35.0745549418458));
#1658=CARTESIAN_POINT('Ctrl Pts',(15.0042200755293,22.5521073428546,34.834567961839));
#1659=CARTESIAN_POINT('Ctrl Pts',(14.5490711295505,19.4765033494788,34.2550437793085));
#1660=CARTESIAN_POINT('Ctrl Pts',(14.3865610130008,18.0826123222079,33.9196389100046));
#1661=CARTESIAN_POINT('Ctrl Pts',(14.2934404435252,16.8531298751574,33.5251586666604));
#1662=CARTESIAN_POINT('Ctrl Pts',(12.8394677996957,58.5803690108905,33.669658295343));
#1663=CARTESIAN_POINT('Ctrl Pts',(12.8394677996957,57.3149067713071,34.0914790418708));
#1664=CARTESIAN_POINT('Ctrl Pts',(12.9703508107049,55.8884882666283,34.4567993573888));
#1665=CARTESIAN_POINT('Ctrl Pts',(13.33707915895,52.7169225304966,35.0745549418458));
#1666=CARTESIAN_POINT('Ctrl Pts',(13.5543652511386,50.9980378327546,35.3296030482715));
#1667=CARTESIAN_POINT('Ctrl Pts',(14.1721766660692,45.5584490740741,35.9548743156326));
#1668=CARTESIAN_POINT('Ctrl Pts',(14.8539619669951,37.5,36.3967387060647));
#1669=CARTESIAN_POINT('Ctrl Pts',(14.1721766660692,29.4415509259259,35.9548743156326));
#1670=CARTESIAN_POINT('Ctrl Pts',(13.5543652511386,24.0019621672454,35.3296030482715));
#1671=CARTESIAN_POINT('Ctrl Pts',(13.33707915895,22.2830774695034,35.0745549418458));
#1672=CARTESIAN_POINT('Ctrl Pts',(12.9703508107049,19.1115117333717,34.4567993573888));
#1673=CARTESIAN_POINT('Ctrl Pts',(12.8394677996957,17.6850932286929,34.0914790418708));
#1674=CARTESIAN_POINT('Ctrl Pts',(12.8394677996957,16.4196309891095,33.669658295343));
#1675=CARTESIAN_POINT('Ctrl Pts',(7.81095704801361,59.8234953703704,34.084033748503));
#1676=CARTESIAN_POINT('Ctrl Pts',(7.81095704801361,58.423755787037,34.5506136096141));
#1677=CARTESIAN_POINT('Ctrl Pts',(7.86159362208768,56.8513093171296,34.9596245085338));
#1678=CARTESIAN_POINT('Ctrl Pts',(8.0135033443099,53.4473560474537,35.6617548615431));
#1679=CARTESIAN_POINT('Ctrl Pts',(8.11477649245805,51.6158492476852,35.9548743156326));
#1680=CARTESIAN_POINT('Ctrl Pts',(8.4185959369025,45.8622685185185,36.6592652299844));
#1681=CARTESIAN_POINT('Ctrl Pts',(8.82368852949509,37.5,37.1318732546758));
#1682=CARTESIAN_POINT('Ctrl Pts',(8.4185959369025,29.1377314814815,36.6592652299844));
#1683=CARTESIAN_POINT('Ctrl Pts',(8.11477649245805,23.3841507523148,35.9548743156326));
#1684=CARTESIAN_POINT('Ctrl Pts',(8.0135033443099,21.5526439525463,35.6617548615431));
#1685=CARTESIAN_POINT('Ctrl Pts',(7.86159362208768,18.1486906828704,34.9596245085338));
#1686=CARTESIAN_POINT('Ctrl Pts',(7.8109570480136,16.576244212963,34.5506136096141));
#1687=CARTESIAN_POINT('Ctrl Pts',(7.8109570480136,15.1765046296296,34.084033748503));
#1688=CARTESIAN_POINT('Ctrl Pts',(0.0563274183839724,60.8940972222222,34.4409010324536));
#1689=CARTESIAN_POINT('Ctrl Pts',(0.0563274183839757,59.4292534722222,34.9291822824536));
#1690=CARTESIAN_POINT('Ctrl Pts',(0.0563274183839801,57.7826605902778,35.3568804884721));
#1691=CARTESIAN_POINT('Ctrl Pts',(0.0563274183839857,54.2168511284722,36.0906587002777));
#1692=CARTESIAN_POINT('Ctrl Pts',(0.0563274183839779,52.2976345486111,36.3967387060647));
#1693=CARTESIAN_POINT('Ctrl Pts',(0.0563274183839868,46.2673611111111,37.1318732546758));
#1694=CARTESIAN_POINT('Ctrl Pts',(0.0563274183839735,37.5,37.6237714028239));
#1695=CARTESIAN_POINT('Ctrl Pts',(0.0563274183839757,28.7326388888889,37.1318732546758));
#1696=CARTESIAN_POINT('Ctrl Pts',(0.056327418383969,22.7023654513889,36.3967387060647));
#1697=CARTESIAN_POINT('Ctrl Pts',(0.0563274183839779,20.7831488715278,36.0906587002776));
#1698=CARTESIAN_POINT('Ctrl Pts',(0.0563274183839713,17.2173394097222,35.3568804884721));
#1699=CARTESIAN_POINT('Ctrl Pts',(0.0563274183839735,15.5707465277778,34.9291822824536));
#1700=CARTESIAN_POINT('Ctrl Pts',(0.0563274183839746,14.1059027777778,34.4409010324536));
#1701=CARTESIAN_POINT('Ctrl Pts',(-7.69830221124565,59.8234953703704,34.084033748503));
#1702=CARTESIAN_POINT('Ctrl Pts',(-7.69830221124565,58.423755787037,34.5506136096141));
#1703=CARTESIAN_POINT('Ctrl Pts',(-7.74893878531972,56.8513093171296,34.9596245085338));
#1704=CARTESIAN_POINT('Ctrl Pts',(-7.90084850754195,53.4473560474537,35.6617548615431));
#1705=CARTESIAN_POINT('Ctrl Pts',(-8.00212165569009,51.6158492476852,35.9548743156326));
#1706=CARTESIAN_POINT('Ctrl Pts',(-8.30594110013454,45.8622685185185,36.6592652299844));
#1707=CARTESIAN_POINT('Ctrl Pts',(-8.71103369272714,37.5,37.1318732546758));
#1708=CARTESIAN_POINT('Ctrl Pts',(-8.30594110013454,29.1377314814815,36.6592652299844));
#1709=CARTESIAN_POINT('Ctrl Pts',(-8.0021216556901,23.3841507523148,35.9548743156326));
#1710=CARTESIAN_POINT('Ctrl Pts',(-7.90084850754195,21.5526439525463,35.6617548615431));
#1711=CARTESIAN_POINT('Ctrl Pts',(-7.74893878531973,18.1486906828704,34.9596245085338));
#1712=CARTESIAN_POINT('Ctrl Pts',(-7.69830221124565,16.576244212963,34.5506136096141));
#1713=CARTESIAN_POINT('Ctrl Pts',(-7.69830221124566,15.1765046296296,34.084033748503));
#1714=CARTESIAN_POINT('Ctrl Pts',(-12.7268129629277,58.5803690108905,33.669658295343));
#1715=CARTESIAN_POINT('Ctrl Pts',(-12.7268129629277,57.3149067713071,34.0914790418708));
#1716=CARTESIAN_POINT('Ctrl Pts',(-12.8576959739369,55.8884882666283,34.4567993573888));
#1717=CARTESIAN_POINT('Ctrl Pts',(-13.2244243221821,52.7169225304966,35.0745549418458));
#1718=CARTESIAN_POINT('Ctrl Pts',(-13.4417104143707,50.9980378327546,35.3296030482715));
#1719=CARTESIAN_POINT('Ctrl Pts',(-14.0595218293012,45.5584490740741,35.9548743156326));
#1720=CARTESIAN_POINT('Ctrl Pts',(-14.7413071302271,37.5,36.3967387060647));
#1721=CARTESIAN_POINT('Ctrl Pts',(-14.0595218293012,29.4415509259259,35.9548743156326));
#1722=CARTESIAN_POINT('Ctrl Pts',(-13.4417104143707,24.0019621672454,35.3296030482715));
#1723=CARTESIAN_POINT('Ctrl Pts',(-13.2244243221821,22.2830774695034,35.0745549418458));
#1724=CARTESIAN_POINT('Ctrl Pts',(-12.8576959739369,19.1115117333717,34.4567993573888));
#1725=CARTESIAN_POINT('Ctrl Pts',(-12.7268129629277,17.6850932286929,34.0914790418708));
#1726=CARTESIAN_POINT('Ctrl Pts',(-12.7268129629277,16.4196309891096,33.669658295343));
#1727=CARTESIAN_POINT('Ctrl Pts',(-14.1807856067572,58.1468701248426,33.5251586666604));
#1728=CARTESIAN_POINT('Ctrl Pts',(-14.2739061762328,56.917387677792,33.9196389100046));
#1729=CARTESIAN_POINT('Ctrl Pts',(-14.4364162927825,55.5234966505212,34.2550437793085));
#1730=CARTESIAN_POINT('Ctrl Pts',(-14.8915652387614,52.4478926571453,34.834567961839));
#1731=CARTESIAN_POINT('Ctrl Pts',(-15.1605951121126,50.780751740566,35.0745549418458));
#1732=CARTESIAN_POINT('Ctrl Pts',(-15.8910286290697,45.4571759259259,35.6617548615431));
#1733=CARTESIAN_POINT('Ctrl Pts',(-16.6605237100882,37.5,36.0906587002776));
#1734=CARTESIAN_POINT('Ctrl Pts',(-15.8910286290697,29.5428240740741,35.6617548615431));
#1735=CARTESIAN_POINT('Ctrl Pts',(-15.1605951121126,24.219248259434,35.0745549418458));
#1736=CARTESIAN_POINT('Ctrl Pts',(-14.8915652387614,22.5521073428546,34.834567961839));
#1737=CARTESIAN_POINT('Ctrl Pts',(-14.4364162927825,19.4765033494788,34.2550437793085));
#1738=CARTESIAN_POINT('Ctrl Pts',(-14.2739061762328,18.082612322208,33.9196389100046));
#1739=CARTESIAN_POINT('Ctrl Pts',(-14.1807856067572,16.8531298751574,33.5251586666604));
#1740=CARTESIAN_POINT('Ctrl Pts',(-16.6443356809539,57.2416254869711,33.2234104540365));
#1741=CARTESIAN_POINT('Ctrl Pts',(-16.9618067905111,56.0985541402097,33.519198737755));
#1742=CARTESIAN_POINT('Ctrl Pts',(-17.2790406194437,54.8353680378276,33.7848305122534));
#1743=CARTESIAN_POINT('Ctrl Pts',(-17.9671692321372,51.9927437111665,34.2550437793085));
#1744=CARTESIAN_POINT('Ctrl Pts',(-18.3321608482443,50.4140233923209,34.4567993573888));
#1745=CARTESIAN_POINT('Ctrl Pts',(-19.2949818987457,45.3052662037037,34.9596245085338));
#1746=CARTESIAN_POINT('Ctrl Pts',(-20.2263331718938,37.5,35.3568804884721));
#1747=CARTESIAN_POINT('Ctrl Pts',(-19.2949818987456,29.6947337962963,34.9596245085338));
#1748=CARTESIAN_POINT('Ctrl Pts',(-18.3321608482443,24.5859766076791,34.4567993573888));
#1749=CARTESIAN_POINT('Ctrl Pts',(-17.9671692321372,23.0072562888335,34.2550437793085));
#1750=CARTESIAN_POINT('Ctrl Pts',(-17.2790406194437,20.1646319621724,33.7848305122534));
#1751=CARTESIAN_POINT('Ctrl Pts',(-16.9618067905111,18.9014458597903,33.519198737755));
#1752=CARTESIAN_POINT('Ctrl Pts',(-16.6443356809539,17.7583745130289,33.2234104540365));
#1753=CARTESIAN_POINT('Ctrl Pts',(-17.6539131113211,56.7698797351474,33.0661618700953));
#1754=CARTESIAN_POINT('Ctrl Pts',(-18.0482033364599,55.6045307548439,33.3305243358969));
#1755=CARTESIAN_POINT('Ctrl Pts',(-18.5422267218257,54.5181342088951,33.5191987377549));
#1756=CARTESIAN_POINT('Ctrl Pts',(-19.361060259408,51.8302335946168,33.9196389100046));
#1757=CARTESIAN_POINT('Ctrl Pts',(-19.7585793529231,50.2831403813117,34.0914790418708));
#1758=CARTESIAN_POINT('Ctrl Pts',(-20.8674283686531,45.2546296296296,34.5506136096141));
#1759=CARTESIAN_POINT('Ctrl Pts',(-21.8729260538382,37.5,34.9291822824536));
#1760=CARTESIAN_POINT('Ctrl Pts',(-20.867428368653,29.7453703703704,34.5506136096141));
#1761=CARTESIAN_POINT('Ctrl Pts',(-19.7585793529231,24.7168596186883,34.0914790418708));
#1762=CARTESIAN_POINT('Ctrl Pts',(-19.361060259408,23.1697664053832,33.9196389100046));
#1763=CARTESIAN_POINT('Ctrl Pts',(-18.5422267218257,20.4818657911049,33.519198737755));
#1764=CARTESIAN_POINT('Ctrl Pts',(-18.0482033364599,19.3954692451561,33.3305243358969));
#1765=CARTESIAN_POINT('Ctrl Pts',(-17.6539131113211,18.2301202648525,33.0661618700953));
#1766=CARTESIAN_POINT('Ctrl Pts',(-18.693672581616,56.25,32.8928686250462));
#1767=CARTESIAN_POINT('Ctrl Pts',(-19.2135523167635,55.210240529705,33.0661618700953));
#1768=CARTESIAN_POINT('Ctrl Pts',(-19.6852980685871,54.2006630993379,33.2234104540365));
#1769=CARTESIAN_POINT('Ctrl Pts',(-20.5905427064586,51.7371130251412,33.5251586666604));
#1770=CARTESIAN_POINT('Ctrl Pts',(-21.0240415925065,50.2831403813117,33.669658295343));
#1771=CARTESIAN_POINT('Ctrl Pts',(-22.2671679519864,45.2546296296296,34.084033748503));
#1772=CARTESIAN_POINT('Ctrl Pts',(-23.3377698038382,37.5,34.4409010324536));
#1773=CARTESIAN_POINT('Ctrl Pts',(-22.2671679519864,29.7453703703704,34.084033748503));
#1774=CARTESIAN_POINT('Ctrl Pts',(-21.0240415925065,24.7168596186883,33.669658295343));
#1775=CARTESIAN_POINT('Ctrl Pts',(-20.5905427064586,23.2628869748588,33.5251586666604));
#1776=CARTESIAN_POINT('Ctrl Pts',(-19.6852980685871,20.7993369006621,33.2234104540365));
#1777=CARTESIAN_POINT('Ctrl Pts',(-19.2135523167635,19.7897594702949,33.0661618700953));
#1778=CARTESIAN_POINT('Ctrl Pts',(-18.693672581616,18.75,32.8928686250462));
#1779=CARTESIAN_POINT('',(18.806327418384,56.25,32.8928686250462));
#1780=CARTESIAN_POINT('Ctrl Pts',(-18.693672581616,56.25,32.8928686250462));
#1781=CARTESIAN_POINT('Ctrl Pts',(-17.6539131113211,56.7698797351474,33.0661618700953));
#1782=CARTESIAN_POINT('Ctrl Pts',(-16.6443356809539,57.2416254869711,33.2234104540365));
#1783=CARTESIAN_POINT('Ctrl Pts',(-14.1807856067572,58.1468701248426,33.5251586666604));
#1784=CARTESIAN_POINT('Ctrl Pts',(-12.7268129629277,58.5803690108905,33.669658295343));
#1785=CARTESIAN_POINT('Ctrl Pts',(-7.69830221124565,59.8234953703704,34.084033748503));
#1786=CARTESIAN_POINT('Ctrl Pts',(0.0563274183839724,60.8940972222222,34.4409010324536));
#1787=CARTESIAN_POINT('Ctrl Pts',(7.81095704801361,59.8234953703704,34.084033748503));
#1788=CARTESIAN_POINT('Ctrl Pts',(12.8394677996957,58.5803690108905,33.669658295343));
#1789=CARTESIAN_POINT('Ctrl Pts',(14.2934404435252,58.1468701248426,33.5251586666604));
#1790=CARTESIAN_POINT('Ctrl Pts',(16.7569905177219,57.2416254869711,33.2234104540365));
#1791=CARTESIAN_POINT('Ctrl Pts',(17.7665679480891,56.7698797351474,33.0661618700953));
#1792=CARTESIAN_POINT('Ctrl Pts',(18.806327418384,56.25,32.8928686250462));
#1793=CARTESIAN_POINT('',(18.806327418384,18.75,32.8928686250462));
#1794=CARTESIAN_POINT('Ctrl Pts',(18.806327418384,18.75,32.8928686250462));
#1795=CARTESIAN_POINT('Ctrl Pts',(17.7665679480891,18.2301202648525,33.0661618700953));
#1796=CARTESIAN_POINT('Ctrl Pts',(16.7569905177219,17.7583745130289,33.2234104540365));
#1797=CARTESIAN_POINT('Ctrl Pts',(14.2934404435252,16.8531298751574,33.5251586666604));
#1798=CARTESIAN_POINT('Ctrl Pts',(12.8394677996957,16.4196309891095,33.669658295343));
#1799=CARTESIAN_POINT('Ctrl Pts',(7.8109570480136,15.1765046296296,34.084033748503));
#1800=CARTESIAN_POINT('Ctrl Pts',(0.0563274183839724,14.1059027777778,34.4409010324536));
#1801=CARTESIAN_POINT('Ctrl Pts',(-7.69830221124566,15.1765046296296,34.084033748503));
#1802=CARTESIAN_POINT('Ctrl Pts',(-12.7268129629277,16.4196309891096,33.669658295343));
#1803=CARTESIAN_POINT('Ctrl Pts',(-14.1807856067572,16.8531298751574,33.5251586666604));
#1804=CARTESIAN_POINT('Ctrl Pts',(-16.6443356809539,17.7583745130289,33.2234104540365));
#1805=CARTESIAN_POINT('Ctrl Pts',(-17.6539131113211,18.2301202648525,33.0661618700953));
#1806=CARTESIAN_POINT('Ctrl Pts',(-18.693672581616,18.75,32.8928686250462));
#1807=CARTESIAN_POINT('Ctrl Pts',(18.806327418384,56.25,32.8928686250462));
#1808=CARTESIAN_POINT('Ctrl Pts',(19.3262071535314,55.210240529705,33.0661618700953));
#1809=CARTESIAN_POINT('Ctrl Pts',(19.7979529053551,54.2006630993379,33.2234104540365));
#1810=CARTESIAN_POINT('Ctrl Pts',(20.7031975432266,51.7371130251412,33.5251586666604));
#1811=CARTESIAN_POINT('Ctrl Pts',(21.1366964292744,50.2831403813117,33.669658295343));
#1812=CARTESIAN_POINT('Ctrl Pts',(22.3798227887543,45.2546296296296,34.084033748503));
#1813=CARTESIAN_POINT('Ctrl Pts',(23.4504246406062,37.5,34.4409010324536));
#1814=CARTESIAN_POINT('Ctrl Pts',(22.3798227887543,29.7453703703704,34.084033748503));
#1815=CARTESIAN_POINT('Ctrl Pts',(21.1366964292744,24.7168596186883,33.669658295343));
#1816=CARTESIAN_POINT('Ctrl Pts',(20.7031975432266,23.2628869748588,33.5251586666604));
#1817=CARTESIAN_POINT('Ctrl Pts',(19.7979529053551,20.7993369006621,33.2234104540365));
#1818=CARTESIAN_POINT('Ctrl Pts',(19.3262071535314,19.7897594702949,33.0661618700953));
#1819=CARTESIAN_POINT('Ctrl Pts',(18.806327418384,18.75,32.8928686250462));
#1820=CARTESIAN_POINT('Ctrl Pts',(18.806327418384,56.25,20.3928686250462));
#1821=CARTESIAN_POINT('Ctrl Pts',(19.3262071535314,56.7698797351474,20.7394551151445));
#1822=CARTESIAN_POINT('Ctrl Pts',(19.7979529053551,57.2416254869711,21.0759809252669));
#1823=CARTESIAN_POINT('Ctrl Pts',(20.7031975432266,58.1468701248426,21.8971642833324));
#1824=CARTESIAN_POINT('Ctrl Pts',(21.1366964292744,58.5803690108904,22.3818218312756));
#1825=CARTESIAN_POINT('Ctrl Pts',(22.3798227887544,59.8234953703704,24.0579920818363));
#1826=CARTESIAN_POINT('Ctrl Pts',(23.4504246406062,60.8940972222222,26.6428686250462));
#1827=CARTESIAN_POINT('Ctrl Pts',(22.3798227887543,59.8234953703704,29.227745168256));
#1828=CARTESIAN_POINT('Ctrl Pts',(21.1366964292744,58.5803690108905,30.9039154188167));
#1829=CARTESIAN_POINT('Ctrl Pts',(20.7031975432266,58.1468701248426,31.3885729667599));
#1830=CARTESIAN_POINT('Ctrl Pts',(19.7979529053551,57.2416254869711,32.2097563248255));
#1831=CARTESIAN_POINT('Ctrl Pts',(19.3262071535314,56.7698797351474,32.5462821349478));
#1832=CARTESIAN_POINT('Ctrl Pts',(18.806327418384,56.25,32.8928686250462));
#1833=CARTESIAN_POINT('Ctrl Pts',(17.7665679480891,56.7698797351475,20.219575379997));
#1834=CARTESIAN_POINT('Ctrl Pts',(18.1608581732278,57.5629671325522,20.6080250400982));
#1835=CARTESIAN_POINT('Ctrl Pts',(18.6548815585937,58.1289903381264,20.9701572220811));
#1836=CARTESIAN_POINT('Ctrl Pts',(19.473715096176,59.3303108548753,21.8661240935072));
#1837=CARTESIAN_POINT('Ctrl Pts',(19.8712341896911,59.8458312504738,22.3818218312756));
#1838=CARTESIAN_POINT('Ctrl Pts',(20.980083205421,61.2232349537037,24.0579920818363));
#1839=CARTESIAN_POINT('Ctrl Pts',(21.9855808906062,62.3589409722222,26.6428686250462));
#1840=CARTESIAN_POINT('Ctrl Pts',(20.980083205421,61.2232349537037,29.227745168256));
#1841=CARTESIAN_POINT('Ctrl Pts',(19.8712341896911,59.8458312504738,30.9039154188168));
#1842=CARTESIAN_POINT('Ctrl Pts',(19.473715096176,59.3303108548754,31.4196131565851));
#1843=CARTESIAN_POINT('Ctrl Pts',(18.6548815585937,58.1289903381264,32.3155800280112));
#1844=CARTESIAN_POINT('Ctrl Pts',(18.1608581732278,57.5629671325522,32.6777122099941));
#1845=CARTESIAN_POINT('Ctrl Pts',(17.7665679480891,56.7698797351474,33.0661618700953));
#1846=CARTESIAN_POINT('Ctrl Pts',(16.7569905177219,57.2416254869711,20.0623267960558));
#1847=CARTESIAN_POINT('Ctrl Pts',(17.0744616272791,58.1289903381264,20.4433505783096));
#1848=CARTESIAN_POINT('Ctrl Pts',(17.3916954562116,58.9258856616217,20.8644126124369));
#1849=CARTESIAN_POINT('Ctrl Pts',(18.0798240689052,60.3365254627871,21.8119540546573));
#1850=CARTESIAN_POINT('Ctrl Pts',(18.4448156850123,60.9417921970278,22.3381941609392));
#1851=CARTESIAN_POINT('Ctrl Pts',(19.4076367355136,62.450267650463,24.0411132238116));
#1852=CARTESIAN_POINT('Ctrl Pts',(20.3389880086618,63.6420355902778,26.6428686250462));
#1853=CARTESIAN_POINT('Ctrl Pts',(19.4076367355136,62.450267650463,29.2446240262807));
#1854=CARTESIAN_POINT('Ctrl Pts',(18.4448156850123,60.9417921970278,30.9475430891531));
#1855=CARTESIAN_POINT('Ctrl Pts',(18.0798240689052,60.3365254627871,31.473783195435));
#1856=CARTESIAN_POINT('Ctrl Pts',(17.3916954562116,58.9258856616217,32.4213246376554));
#1857=CARTESIAN_POINT('Ctrl Pts',(17.0744616272791,58.1289903381264,32.8423866717827));
#1858=CARTESIAN_POINT('Ctrl Pts',(16.7569905177219,57.2416254869711,33.2234104540365));
#1859=CARTESIAN_POINT('Ctrl Pts',(14.2934404435252,58.1468701248426,19.760578583432));
#1860=CARTESIAN_POINT('Ctrl Pts',(14.3865610130008,59.3303108548754,20.1704060657822));
#1861=CARTESIAN_POINT('Ctrl Pts',(14.5490711295505,60.3365254627871,20.6350364082058));
#1862=CARTESIAN_POINT('Ctrl Pts',(15.0042200755293,62.0750980103786,21.660237739331));
#1863=CARTESIAN_POINT('Ctrl Pts',(15.2732499488806,62.795058950399,22.2159513781908));
#1864=CARTESIAN_POINT('Ctrl Pts',(16.0036834658377,64.5566587094907,23.9904766497375));
#1865=CARTESIAN_POINT('Ctrl Pts',(16.7731785468562,65.8433702256944,26.6428686250462));
#1866=CARTESIAN_POINT('Ctrl Pts',(16.0036834658377,64.5566587094907,29.2952606003548));
#1867=CARTESIAN_POINT('Ctrl Pts',(15.2732499488806,62.795058950399,31.0697858719015));
#1868=CARTESIAN_POINT('Ctrl Pts',(15.0042200755293,62.0750980103786,31.6254995107613));
#1869=CARTESIAN_POINT('Ctrl Pts',(14.5490711295505,60.3365254627871,32.6507008418866));
#1870=CARTESIAN_POINT('Ctrl Pts',(14.3865610130008,59.3303108548754,33.1153311843102));
#1871=CARTESIAN_POINT('Ctrl Pts',(14.2934404435252,58.1468701248426,33.5251586666604));
#1872=CARTESIAN_POINT('Ctrl Pts',(12.8394677996957,58.5803690108905,19.6160789547494));
#1873=CARTESIAN_POINT('Ctrl Pts',(12.8394677996957,59.8458312504738,20.0378997012771));
#1874=CARTESIAN_POINT('Ctrl Pts',(12.9703508107049,60.9417921970278,20.51337253617));
#1875=CARTESIAN_POINT('Ctrl Pts',(13.33707915895,62.795058950399,21.5705611148806));
#1876=CARTESIAN_POINT('Ctrl Pts',(13.5543652511386,63.5602032696759,22.1435226807946));
#1877=CARTESIAN_POINT('Ctrl Pts',(14.1721766660692,65.4360170717593,23.9567189336881));
#1878=CARTESIAN_POINT('Ctrl Pts',(14.8539619669951,66.7616102430556,26.6428686250462));
#1879=CARTESIAN_POINT('Ctrl Pts',(14.1721766660692,65.4360170717593,29.3290183164042));
#1880=CARTESIAN_POINT('Ctrl Pts',(13.5543652511386,63.5602032696759,31.1422145692977));
#1881=CARTESIAN_POINT('Ctrl Pts',(13.33707915895,62.795058950399,31.7151761352117));
#1882=CARTESIAN_POINT('Ctrl Pts',(12.9703508107049,60.9417921970278,32.7723647139223));
#1883=CARTESIAN_POINT('Ctrl Pts',(12.8394677996957,59.8458312504738,33.2478375488152));
#1884=CARTESIAN_POINT('Ctrl Pts',(12.8394677996957,58.5803690108905,33.669658295343));
#1885=CARTESIAN_POINT('Ctrl Pts',(7.81095704801361,59.8234953703704,19.2017035015894));
#1886=CARTESIAN_POINT('Ctrl Pts',(7.81095704801361,61.2232349537037,19.6682833627005));
#1887=CARTESIAN_POINT('Ctrl Pts',(7.86159362208768,62.450267650463,20.1924321860029));
#1888=CARTESIAN_POINT('Ctrl Pts',(8.01350334430991,64.5566587094907,21.3270832758949));
#1889=CARTESIAN_POINT('Ctrl Pts',(8.11477649245806,65.4360170717593,21.9375855424844));
#1890=CARTESIAN_POINT('Ctrl Pts',(8.4185959369025,67.5491898148148,23.85544578554));
#1891=CARTESIAN_POINT('Ctrl Pts',(8.82368852949509,68.9670138888889,26.6428686250462));
#1892=CARTESIAN_POINT('Ctrl Pts',(8.4185959369025,67.5491898148148,29.4302914645523));
#1893=CARTESIAN_POINT('Ctrl Pts',(8.11477649245805,65.4360170717593,31.3481517076079));
#1894=CARTESIAN_POINT('Ctrl Pts',(8.0135033443099,64.5566587094907,31.9586539741974));
#1895=CARTESIAN_POINT('Ctrl Pts',(7.86159362208768,62.450267650463,33.0933050640894));
#1896=CARTESIAN_POINT('Ctrl Pts',(7.81095704801361,61.2232349537037,33.6174538873918));
#1897=CARTESIAN_POINT('Ctrl Pts',(7.81095704801361,59.8234953703704,34.084033748503));
#1898=CARTESIAN_POINT('Ctrl Pts',(0.056327418383979,60.8940972222222,18.8448362176387));
#1899=CARTESIAN_POINT('Ctrl Pts',(0.0563274183839757,62.3589409722222,19.3331174676387));
#1900=CARTESIAN_POINT('Ctrl Pts',(0.0563274183839801,63.6420355902778,19.8819817616202));
#1901=CARTESIAN_POINT('Ctrl Pts',(0.0563274183839857,65.8433702256944,21.0705849155554));
#1902=CARTESIAN_POINT('Ctrl Pts',(0.0563274183839724,66.7616102430556,21.7103237755091));
#1903=CARTESIAN_POINT('Ctrl Pts',(0.0563274183839813,68.9670138888889,23.7204149213425));
#1904=CARTESIAN_POINT('Ctrl Pts',(0.0563274183839757,70.4427083333334,26.6428686250461));
#1905=CARTESIAN_POINT('Ctrl Pts',(0.0563274183839846,68.9670138888889,29.5653223287499));
#1906=CARTESIAN_POINT('Ctrl Pts',(0.0563274183839824,66.7616102430556,31.5754134745832));
#1907=CARTESIAN_POINT('Ctrl Pts',(0.0563274183839768,65.8433702256944,32.2151523345369));
#1908=CARTESIAN_POINT('Ctrl Pts',(0.056327418383979,63.6420355902778,33.4037554884721));
#1909=CARTESIAN_POINT('Ctrl Pts',(0.0563274183839757,62.3589409722222,33.9526197824536));
#1910=CARTESIAN_POINT('Ctrl Pts',(0.0563274183839724,60.8940972222222,34.4409010324536));
#1911=CARTESIAN_POINT('Ctrl Pts',(-7.69830221124565,59.8234953703704,19.2017035015894));
#1912=CARTESIAN_POINT('Ctrl Pts',(-7.69830221124565,61.2232349537037,19.6682833627005));
#1913=CARTESIAN_POINT('Ctrl Pts',(-7.74893878531972,62.450267650463,20.192432186003));
#1914=CARTESIAN_POINT('Ctrl Pts',(-7.90084850754195,64.5566587094907,21.3270832758949));
#1915=CARTESIAN_POINT('Ctrl Pts',(-8.00212165569009,65.4360170717593,21.9375855424844));
#1916=CARTESIAN_POINT('Ctrl Pts',(-8.30594110013454,67.5491898148148,23.85544578554));
#1917=CARTESIAN_POINT('Ctrl Pts',(-8.71103369272713,68.9670138888889,26.6428686250462));
#1918=CARTESIAN_POINT('Ctrl Pts',(-8.30594110013454,67.5491898148148,29.4302914645523));
#1919=CARTESIAN_POINT('Ctrl Pts',(-8.00212165569009,65.4360170717593,31.3481517076079));
#1920=CARTESIAN_POINT('Ctrl Pts',(-7.90084850754195,64.5566587094907,31.9586539741974));
#1921=CARTESIAN_POINT('Ctrl Pts',(-7.74893878531972,62.450267650463,33.0933050640894));
#1922=CARTESIAN_POINT('Ctrl Pts',(-7.69830221124565,61.2232349537037,33.6174538873918));
#1923=CARTESIAN_POINT('Ctrl Pts',(-7.69830221124565,59.8234953703704,34.084033748503));
#1924=CARTESIAN_POINT('Ctrl Pts',(-12.7268129629277,58.5803690108905,19.6160789547493));
#1925=CARTESIAN_POINT('Ctrl Pts',(-12.7268129629277,59.8458312504738,20.0378997012771));
#1926=CARTESIAN_POINT('Ctrl Pts',(-12.8576959739369,60.9417921970278,20.5133725361701));
#1927=CARTESIAN_POINT('Ctrl Pts',(-13.2244243221821,62.795058950399,21.5705611148806));
#1928=CARTESIAN_POINT('Ctrl Pts',(-13.4417104143706,63.5602032696759,22.1435226807946));
#1929=CARTESIAN_POINT('Ctrl Pts',(-14.0595218293012,65.4360170717593,23.9567189336881));
#1930=CARTESIAN_POINT('Ctrl Pts',(-14.7413071302271,66.7616102430556,26.6428686250461));
#1931=CARTESIAN_POINT('Ctrl Pts',(-14.0595218293012,65.4360170717593,29.3290183164042));
#1932=CARTESIAN_POINT('Ctrl Pts',(-13.4417104143706,63.5602032696759,31.1422145692977));
#1933=CARTESIAN_POINT('Ctrl Pts',(-13.2244243221821,62.795058950399,31.7151761352117));
#1934=CARTESIAN_POINT('Ctrl Pts',(-12.8576959739369,60.9417921970278,32.7723647139223));
#1935=CARTESIAN_POINT('Ctrl Pts',(-12.7268129629277,59.8458312504738,33.2478375488152));
#1936=CARTESIAN_POINT('Ctrl Pts',(-12.7268129629277,58.5803690108905,33.669658295343));
#1937=CARTESIAN_POINT('Ctrl Pts',(-14.1807856067573,58.1468701248426,19.760578583432));
#1938=CARTESIAN_POINT('Ctrl Pts',(-14.2739061762329,59.3303108548754,20.1704060657821));
#1939=CARTESIAN_POINT('Ctrl Pts',(-14.4364162927825,60.3365254627871,20.6350364082058));
#1940=CARTESIAN_POINT('Ctrl Pts',(-14.8915652387614,62.0750980103786,21.660237739331));
#1941=CARTESIAN_POINT('Ctrl Pts',(-15.1605951121126,62.795058950399,22.2159513781908));
#1942=CARTESIAN_POINT('Ctrl Pts',(-15.8910286290697,64.5566587094907,23.9904766497375));
#1943=CARTESIAN_POINT('Ctrl Pts',(-16.6605237100882,65.8433702256944,26.6428686250462));
#1944=CARTESIAN_POINT('Ctrl Pts',(-15.8910286290697,64.5566587094907,29.2952606003548));
#1945=CARTESIAN_POINT('Ctrl Pts',(-15.1605951121126,62.795058950399,31.0697858719015));
#1946=CARTESIAN_POINT('Ctrl Pts',(-14.8915652387614,62.0750980103786,31.6254995107613));
#1947=CARTESIAN_POINT('Ctrl Pts',(-14.4364162927825,60.3365254627871,32.6507008418866));
#1948=CARTESIAN_POINT('Ctrl Pts',(-14.2739061762328,59.3303108548754,33.1153311843102));
#1949=CARTESIAN_POINT('Ctrl Pts',(-14.1807856067572,58.1468701248426,33.5251586666604));
#1950=CARTESIAN_POINT('Ctrl Pts',(-16.6443356809539,57.2416254869711,20.0623267960558));
#1951=CARTESIAN_POINT('Ctrl Pts',(-16.9618067905111,58.1289903381264,20.4433505783096));
#1952=CARTESIAN_POINT('Ctrl Pts',(-17.2790406194437,58.9258856616217,20.8644126124369));
#1953=CARTESIAN_POINT('Ctrl Pts',(-17.9671692321372,60.3365254627871,21.8119540546573));
#1954=CARTESIAN_POINT('Ctrl Pts',(-18.3321608482444,60.9417921970278,22.3381941609392));
#1955=CARTESIAN_POINT('Ctrl Pts',(-19.2949818987457,62.450267650463,24.0411132238116));
#1956=CARTESIAN_POINT('Ctrl Pts',(-20.2263331718938,63.6420355902778,26.6428686250462));
#1957=CARTESIAN_POINT('Ctrl Pts',(-19.2949818987456,62.450267650463,29.2446240262807));
#1958=CARTESIAN_POINT('Ctrl Pts',(-18.3321608482443,60.9417921970278,30.9475430891531));
#1959=CARTESIAN_POINT('Ctrl Pts',(-17.9671692321372,60.3365254627871,31.473783195435));
#1960=CARTESIAN_POINT('Ctrl Pts',(-17.2790406194437,58.9258856616217,32.4213246376554));
#1961=CARTESIAN_POINT('Ctrl Pts',(-16.9618067905111,58.1289903381264,32.8423866717827));
#1962=CARTESIAN_POINT('Ctrl Pts',(-16.6443356809539,57.2416254869711,33.2234104540365));
#1963=CARTESIAN_POINT('Ctrl Pts',(-17.6539131113211,56.7698797351474,20.219575379997));
#1964=CARTESIAN_POINT('Ctrl Pts',(-18.0482033364599,57.5629671325523,20.6080250400982));
#1965=CARTESIAN_POINT('Ctrl Pts',(-18.5422267218257,58.1289903381264,20.9701572220811));
#1966=CARTESIAN_POINT('Ctrl Pts',(-19.3610602594081,59.3303108548753,21.8661240935072));
#1967=CARTESIAN_POINT('Ctrl Pts',(-19.7585793529231,59.8458312504738,22.3818218312756));
#1968=CARTESIAN_POINT('Ctrl Pts',(-20.8674283686531,61.2232349537037,24.0579920818363));
#1969=CARTESIAN_POINT('Ctrl Pts',(-21.8729260538382,62.3589409722222,26.6428686250462));
#1970=CARTESIAN_POINT('Ctrl Pts',(-20.8674283686531,61.2232349537037,29.227745168256));
#1971=CARTESIAN_POINT('Ctrl Pts',(-19.7585793529231,59.8458312504738,30.9039154188167));
#1972=CARTESIAN_POINT('Ctrl Pts',(-19.3610602594081,59.3303108548754,31.4196131565851));
#1973=CARTESIAN_POINT('Ctrl Pts',(-18.5422267218257,58.1289903381264,32.3155800280112));
#1974=CARTESIAN_POINT('Ctrl Pts',(-18.0482033364599,57.5629671325522,32.6777122099941));
#1975=CARTESIAN_POINT('Ctrl Pts',(-17.6539131113211,56.7698797351474,33.0661618700953));
#1976=CARTESIAN_POINT('Ctrl Pts',(-18.693672581616,56.25,20.3928686250462));
#1977=CARTESIAN_POINT('Ctrl Pts',(-19.2135523167635,56.7698797351474,20.7394551151445));
#1978=CARTESIAN_POINT('Ctrl Pts',(-19.6852980685871,57.2416254869711,21.0759809252668));
#1979=CARTESIAN_POINT('Ctrl Pts',(-20.5905427064586,58.1468701248426,21.8971642833324));
#1980=CARTESIAN_POINT('Ctrl Pts',(-21.0240415925065,58.5803690108904,22.3818218312756));
#1981=CARTESIAN_POINT('Ctrl Pts',(-22.2671679519864,59.8234953703704,24.0579920818363));
#1982=CARTESIAN_POINT('Ctrl Pts',(-23.3377698038382,60.8940972222222,26.6428686250462));
#1983=CARTESIAN_POINT('Ctrl Pts',(-22.2671679519864,59.8234953703704,29.227745168256));
#1984=CARTESIAN_POINT('Ctrl Pts',(-21.0240415925065,58.5803690108905,30.9039154188167));
#1985=CARTESIAN_POINT('Ctrl Pts',(-20.5905427064586,58.1468701248426,31.3885729667599));
#1986=CARTESIAN_POINT('Ctrl Pts',(-19.6852980685871,57.2416254869711,32.2097563248255));
#1987=CARTESIAN_POINT('Ctrl Pts',(-19.2135523167635,56.7698797351474,32.5462821349479));
#1988=CARTESIAN_POINT('Ctrl Pts',(-18.693672581616,56.25,32.8928686250462));
#1989=CARTESIAN_POINT('',(18.806327418384,56.25,20.3928686250462));
#1990=CARTESIAN_POINT('Ctrl Pts',(-18.693672581616,56.25,20.3928686250462));
#1991=CARTESIAN_POINT('Ctrl Pts',(-17.6539131113211,56.7698797351474,20.219575379997));
#1992=CARTESIAN_POINT('Ctrl Pts',(-16.6443356809539,57.2416254869711,20.0623267960558));
#1993=CARTESIAN_POINT('Ctrl Pts',(-14.1807856067573,58.1468701248426,19.760578583432));
#1994=CARTESIAN_POINT('Ctrl Pts',(-12.7268129629277,58.5803690108905,19.6160789547493));
#1995=CARTESIAN_POINT('Ctrl Pts',(-7.69830221124565,59.8234953703704,19.2017035015894));
#1996=CARTESIAN_POINT('Ctrl Pts',(0.056327418383979,60.8940972222222,18.8448362176387));
#1997=CARTESIAN_POINT('Ctrl Pts',(7.81095704801361,59.8234953703704,19.2017035015894));
#1998=CARTESIAN_POINT('Ctrl Pts',(12.8394677996957,58.5803690108905,19.6160789547494));
#1999=CARTESIAN_POINT('Ctrl Pts',(14.2934404435252,58.1468701248426,19.760578583432));
#2000=CARTESIAN_POINT('Ctrl Pts',(16.7569905177219,57.2416254869711,20.0623267960558));
#2001=CARTESIAN_POINT('Ctrl Pts',(17.7665679480891,56.7698797351475,20.219575379997));
#2002=CARTESIAN_POINT('Ctrl Pts',(18.806327418384,56.25,20.3928686250462));
#2003=CARTESIAN_POINT('Ctrl Pts',(18.806327418384,56.25,20.3928686250462));
#2004=CARTESIAN_POINT('Ctrl Pts',(19.3262071535314,56.7698797351474,20.7394551151445));
#2005=CARTESIAN_POINT('Ctrl Pts',(19.7979529053551,57.2416254869711,21.0759809252669));
#2006=CARTESIAN_POINT('Ctrl Pts',(20.7031975432266,58.1468701248426,21.8971642833324));
#2007=CARTESIAN_POINT('Ctrl Pts',(21.1366964292744,58.5803690108904,22.3818218312756));
#2008=CARTESIAN_POINT('Ctrl Pts',(22.3798227887544,59.8234953703704,24.0579920818363));
#2009=CARTESIAN_POINT('Ctrl Pts',(23.4504246406062,60.8940972222222,26.6428686250462));
#2010=CARTESIAN_POINT('Ctrl Pts',(22.3798227887543,59.8234953703704,29.227745168256));
#2011=CARTESIAN_POINT('Ctrl Pts',(21.1366964292744,58.5803690108905,30.9039154188167));
#2012=CARTESIAN_POINT('Ctrl Pts',(20.7031975432266,58.1468701248426,31.3885729667599));
#2013=CARTESIAN_POINT('Ctrl Pts',(19.7979529053551,57.2416254869711,32.2097563248255));
#2014=CARTESIAN_POINT('Ctrl Pts',(19.3262071535314,56.7698797351474,32.5462821349478));
#2015=CARTESIAN_POINT('Ctrl Pts',(18.806327418384,56.25,32.8928686250462));
#2016=CARTESIAN_POINT('Ctrl Pts',(18.806327418384,18.75,20.3928686250462));
#2017=CARTESIAN_POINT('Ctrl Pts',(19.3262071535314,18.2301202648525,20.7394551151445));
#2018=CARTESIAN_POINT('Ctrl Pts',(19.7979529053551,17.7583745130289,21.0759809252669));
#2019=CARTESIAN_POINT('Ctrl Pts',(20.7031975432266,16.8531298751574,21.8971642833324));
#2020=CARTESIAN_POINT('Ctrl Pts',(21.1366964292744,16.4196309891095,22.3818218312756));
#2021=CARTESIAN_POINT('Ctrl Pts',(22.3798227887544,15.1765046296296,24.0579920818363));
#2022=CARTESIAN_POINT('Ctrl Pts',(23.4504246406062,14.1059027777778,26.6428686250462));
#2023=CARTESIAN_POINT('Ctrl Pts',(22.3798227887543,15.1765046296296,29.227745168256));
#2024=CARTESIAN_POINT('Ctrl Pts',(21.1366964292744,16.4196309891095,30.9039154188167));
#2025=CARTESIAN_POINT('Ctrl Pts',(20.7031975432266,16.8531298751574,31.3885729667599));
#2026=CARTESIAN_POINT('Ctrl Pts',(19.7979529053551,17.7583745130289,32.2097563248255));
#2027=CARTESIAN_POINT('Ctrl Pts',(19.3262071535314,18.2301202648525,32.5462821349479));
#2028=CARTESIAN_POINT('Ctrl Pts',(18.806327418384,18.75,32.8928686250462));
#2029=CARTESIAN_POINT('Ctrl Pts',(19.3262071535314,19.7897594702949,20.219575379997));
#2030=CARTESIAN_POINT('Ctrl Pts',(20.1192945509362,19.3954692451561,20.6080250400982));
#2031=CARTESIAN_POINT('Ctrl Pts',(20.6853177565104,18.9014458597903,20.9701572220811));
#2032=CARTESIAN_POINT('Ctrl Pts',(21.8866382732594,18.082612322208,21.8661240935072));
#2033=CARTESIAN_POINT('Ctrl Pts',(22.4021586688578,17.6850932286929,22.3818218312756));
#2034=CARTESIAN_POINT('Ctrl Pts',(23.7795623720877,16.576244212963,24.0579920818363));
#2035=CARTESIAN_POINT('Ctrl Pts',(24.9152683906062,15.5707465277778,26.6428686250462));
#2036=CARTESIAN_POINT('Ctrl Pts',(23.7795623720877,16.576244212963,29.227745168256));
#2037=CARTESIAN_POINT('Ctrl Pts',(22.4021586688578,17.6850932286929,30.9039154188167));
#2038=CARTESIAN_POINT('Ctrl Pts',(21.8866382732593,18.082612322208,31.4196131565851));
#2039=CARTESIAN_POINT('Ctrl Pts',(20.6853177565104,18.9014458597903,32.3155800280112));
#2040=CARTESIAN_POINT('Ctrl Pts',(20.1192945509362,19.3954692451561,32.6777122099941));
#2041=CARTESIAN_POINT('Ctrl Pts',(19.3262071535314,19.7897594702949,33.0661618700953));
#2042=CARTESIAN_POINT('Ctrl Pts',(19.7979529053551,20.7993369006621,20.0623267960558));
#2043=CARTESIAN_POINT('Ctrl Pts',(20.6853177565104,20.4818657911049,20.4433505783096));
#2044=CARTESIAN_POINT('Ctrl Pts',(21.4822130800056,20.1646319621724,20.864412612437));
#2045=CARTESIAN_POINT('Ctrl Pts',(22.8928528811711,19.4765033494788,21.8119540546573));
#2046=CARTESIAN_POINT('Ctrl Pts',(23.4981196154118,19.1115117333717,22.3381941609392));
#2047=CARTESIAN_POINT('Ctrl Pts',(25.0065950688469,18.1486906828704,24.0411132238116));
#2048=CARTESIAN_POINT('Ctrl Pts',(26.1983630086618,17.2173394097222,26.6428686250462));
#2049=CARTESIAN_POINT('Ctrl Pts',(25.0065950688469,18.1486906828704,29.2446240262807));
#2050=CARTESIAN_POINT('Ctrl Pts',(23.4981196154118,19.1115117333717,30.9475430891531));
#2051=CARTESIAN_POINT('Ctrl Pts',(22.8928528811711,19.4765033494788,31.473783195435));
#2052=CARTESIAN_POINT('Ctrl Pts',(21.4822130800056,20.1646319621724,32.4213246376554));
#2053=CARTESIAN_POINT('Ctrl Pts',(20.6853177565104,20.4818657911049,32.8423866717827));
#2054=CARTESIAN_POINT('Ctrl Pts',(19.7979529053551,20.7993369006621,33.2234104540365));
#2055=CARTESIAN_POINT('Ctrl Pts',(20.7031975432266,23.2628869748588,19.760578583432));
#2056=CARTESIAN_POINT('Ctrl Pts',(21.8866382732594,23.1697664053832,20.1704060657822));
#2057=CARTESIAN_POINT('Ctrl Pts',(22.8928528811711,23.0072562888335,20.6350364082058));
#2058=CARTESIAN_POINT('Ctrl Pts',(24.6314254287626,22.5521073428546,21.660237739331));
#2059=CARTESIAN_POINT('Ctrl Pts',(25.351386368783,22.2830774695034,22.2159513781908));
#2060=CARTESIAN_POINT('Ctrl Pts',(27.1129861278747,21.5526439525463,23.9904766497375));
#2061=CARTESIAN_POINT('Ctrl Pts',(28.3996976440784,20.7831488715278,26.6428686250462));
#2062=CARTESIAN_POINT('Ctrl Pts',(27.1129861278747,21.5526439525463,29.2952606003548));
#2063=CARTESIAN_POINT('Ctrl Pts',(25.351386368783,22.2830774695034,31.0697858719015));
#2064=CARTESIAN_POINT('Ctrl Pts',(24.6314254287626,22.5521073428546,31.6254995107613));
#2065=CARTESIAN_POINT('Ctrl Pts',(22.8928528811711,23.0072562888335,32.6507008418866));
#2066=CARTESIAN_POINT('Ctrl Pts',(21.8866382732593,23.1697664053832,33.1153311843102));
#2067=CARTESIAN_POINT('Ctrl Pts',(20.7031975432266,23.2628869748588,33.5251586666604));
#2068=CARTESIAN_POINT('Ctrl Pts',(21.1366964292744,24.7168596186883,19.6160789547494));
#2069=CARTESIAN_POINT('Ctrl Pts',(22.4021586688578,24.7168596186883,20.0378997012771));
#2070=CARTESIAN_POINT('Ctrl Pts',(23.4981196154118,24.5859766076791,20.51337253617));
#2071=CARTESIAN_POINT('Ctrl Pts',(25.351386368783,24.219248259434,21.5705611148806));
#2072=CARTESIAN_POINT('Ctrl Pts',(26.1165306880599,24.0019621672454,22.1435226807946));
#2073=CARTESIAN_POINT('Ctrl Pts',(27.9923444901432,23.3841507523148,23.9567189336881));
#2074=CARTESIAN_POINT('Ctrl Pts',(29.3179376614395,22.7023654513889,26.6428686250462));
#2075=CARTESIAN_POINT('Ctrl Pts',(27.9923444901432,23.3841507523148,29.3290183164042));
#2076=CARTESIAN_POINT('Ctrl Pts',(26.1165306880599,24.0019621672454,31.1422145692977));
#2077=CARTESIAN_POINT('Ctrl Pts',(25.351386368783,24.219248259434,31.7151761352117));
#2078=CARTESIAN_POINT('Ctrl Pts',(23.4981196154118,24.5859766076791,32.7723647139223));
#2079=CARTESIAN_POINT('Ctrl Pts',(22.4021586688578,24.7168596186883,33.2478375488152));
#2080=CARTESIAN_POINT('Ctrl Pts',(21.1366964292744,24.7168596186883,33.669658295343));
#2081=CARTESIAN_POINT('Ctrl Pts',(22.3798227887544,29.7453703703704,19.2017035015894));
#2082=CARTESIAN_POINT('Ctrl Pts',(23.7795623720877,29.7453703703704,19.6682833627005));
#2083=CARTESIAN_POINT('Ctrl Pts',(25.0065950688469,29.6947337962963,20.192432186003));
#2084=CARTESIAN_POINT('Ctrl Pts',(27.1129861278747,29.5428240740741,21.3270832758949));
#2085=CARTESIAN_POINT('Ctrl Pts',(27.9923444901432,29.4415509259259,21.9375855424844));
#2086=CARTESIAN_POINT('Ctrl Pts',(30.1055172331988,29.1377314814815,23.85544578554));
#2087=CARTESIAN_POINT('Ctrl Pts',(31.5233413072729,28.7326388888889,26.6428686250462));
#2088=CARTESIAN_POINT('Ctrl Pts',(30.1055172331988,29.1377314814815,29.4302914645523));
#2089=CARTESIAN_POINT('Ctrl Pts',(27.9923444901432,29.4415509259259,31.3481517076079));
#2090=CARTESIAN_POINT('Ctrl Pts',(27.1129861278747,29.5428240740741,31.9586539741974));
#2091=CARTESIAN_POINT('Ctrl Pts',(25.0065950688469,29.6947337962963,33.0933050640894));
#2092=CARTESIAN_POINT('Ctrl Pts',(23.7795623720877,29.7453703703704,33.6174538873918));
#2093=CARTESIAN_POINT('Ctrl Pts',(22.3798227887543,29.7453703703704,34.084033748503));
#2094=CARTESIAN_POINT('Ctrl Pts',(23.4504246406062,37.5,18.8448362176388));
#2095=CARTESIAN_POINT('Ctrl Pts',(24.9152683906062,37.5,19.3331174676388));
#2096=CARTESIAN_POINT('Ctrl Pts',(26.1983630086618,37.5,19.8819817616202));
#2097=CARTESIAN_POINT('Ctrl Pts',(28.3996976440784,37.5,21.0705849155554));
#2098=CARTESIAN_POINT('Ctrl Pts',(29.3179376614395,37.5,21.7103237755091));
#2099=CARTESIAN_POINT('Ctrl Pts',(31.5233413072729,37.5,23.7204149213425));
#2100=CARTESIAN_POINT('Ctrl Pts',(32.9990357517173,37.5,26.6428686250462));
#2101=CARTESIAN_POINT('Ctrl Pts',(31.5233413072729,37.5,29.5653223287499));
#2102=CARTESIAN_POINT('Ctrl Pts',(29.3179376614395,37.5,31.5754134745832));
#2103=CARTESIAN_POINT('Ctrl Pts',(28.3996976440784,37.5,32.2151523345369));
#2104=CARTESIAN_POINT('Ctrl Pts',(26.1983630086618,37.5,33.4037554884721));
#2105=CARTESIAN_POINT('Ctrl Pts',(24.9152683906062,37.5,33.9526197824536));
#2106=CARTESIAN_POINT('Ctrl Pts',(23.4504246406062,37.5,34.4409010324536));
#2107=CARTESIAN_POINT('Ctrl Pts',(22.3798227887543,45.2546296296296,19.2017035015894));
#2108=CARTESIAN_POINT('Ctrl Pts',(23.7795623720877,45.2546296296296,19.6682833627005));
#2109=CARTESIAN_POINT('Ctrl Pts',(25.0065950688469,45.3052662037037,20.1924321860029));
#2110=CARTESIAN_POINT('Ctrl Pts',(27.1129861278747,45.4571759259259,21.3270832758949));
#2111=CARTESIAN_POINT('Ctrl Pts',(27.9923444901432,45.5584490740741,21.9375855424844));
#2112=CARTESIAN_POINT('Ctrl Pts',(30.1055172331988,45.8622685185185,23.85544578554));
#2113=CARTESIAN_POINT('Ctrl Pts',(31.5233413072729,46.2673611111111,26.6428686250462));
#2114=CARTESIAN_POINT('Ctrl Pts',(30.1055172331988,45.8622685185185,29.4302914645523));
#2115=CARTESIAN_POINT('Ctrl Pts',(27.9923444901432,45.5584490740741,31.3481517076079));
#2116=CARTESIAN_POINT('Ctrl Pts',(27.1129861278747,45.4571759259259,31.9586539741974));
#2117=CARTESIAN_POINT('Ctrl Pts',(25.0065950688469,45.3052662037037,33.0933050640894));
#2118=CARTESIAN_POINT('Ctrl Pts',(23.7795623720877,45.2546296296296,33.6174538873918));
#2119=CARTESIAN_POINT('Ctrl Pts',(22.3798227887543,45.2546296296296,34.084033748503));
#2120=CARTESIAN_POINT('Ctrl Pts',(21.1366964292744,50.2831403813117,19.6160789547493));
#2121=CARTESIAN_POINT('Ctrl Pts',(22.4021586688578,50.2831403813117,20.0378997012771));
#2122=CARTESIAN_POINT('Ctrl Pts',(23.4981196154118,50.4140233923209,20.51337253617));
#2123=CARTESIAN_POINT('Ctrl Pts',(25.351386368783,50.780751740566,21.5705611148806));
#2124=CARTESIAN_POINT('Ctrl Pts',(26.1165306880599,50.9980378327546,22.1435226807946));
#2125=CARTESIAN_POINT('Ctrl Pts',(27.9923444901432,51.6158492476852,23.9567189336881));
#2126=CARTESIAN_POINT('Ctrl Pts',(29.3179376614395,52.2976345486111,26.6428686250462));
#2127=CARTESIAN_POINT('Ctrl Pts',(27.9923444901432,51.6158492476852,29.3290183164042));
#2128=CARTESIAN_POINT('Ctrl Pts',(26.1165306880599,50.9980378327546,31.1422145692977));
#2129=CARTESIAN_POINT('Ctrl Pts',(25.351386368783,50.780751740566,31.7151761352117));
#2130=CARTESIAN_POINT('Ctrl Pts',(23.4981196154118,50.4140233923209,32.7723647139223));
#2131=CARTESIAN_POINT('Ctrl Pts',(22.4021586688578,50.2831403813117,33.2478375488152));
#2132=CARTESIAN_POINT('Ctrl Pts',(21.1366964292744,50.2831403813117,33.669658295343));
#2133=CARTESIAN_POINT('Ctrl Pts',(20.7031975432266,51.7371130251412,19.760578583432));
#2134=CARTESIAN_POINT('Ctrl Pts',(21.8866382732594,51.8302335946168,20.1704060657821));
#2135=CARTESIAN_POINT('Ctrl Pts',(22.8928528811711,51.9927437111665,20.6350364082058));
#2136=CARTESIAN_POINT('Ctrl Pts',(24.6314254287626,52.4478926571454,21.660237739331));
#2137=CARTESIAN_POINT('Ctrl Pts',(25.351386368783,52.7169225304966,22.2159513781908));
#2138=CARTESIAN_POINT('Ctrl Pts',(27.1129861278747,53.4473560474537,23.9904766497375));
#2139=CARTESIAN_POINT('Ctrl Pts',(28.3996976440784,54.2168511284722,26.6428686250462));
#2140=CARTESIAN_POINT('Ctrl Pts',(27.1129861278747,53.4473560474537,29.2952606003548));
#2141=CARTESIAN_POINT('Ctrl Pts',(25.351386368783,52.7169225304966,31.0697858719015));
#2142=CARTESIAN_POINT('Ctrl Pts',(24.6314254287626,52.4478926571454,31.6254995107613));
#2143=CARTESIAN_POINT('Ctrl Pts',(22.8928528811711,51.9927437111665,32.6507008418866));
#2144=CARTESIAN_POINT('Ctrl Pts',(21.8866382732593,51.8302335946168,33.1153311843102));
#2145=CARTESIAN_POINT('Ctrl Pts',(20.7031975432266,51.7371130251412,33.5251586666604));
#2146=CARTESIAN_POINT('Ctrl Pts',(19.7979529053551,54.2006630993379,20.0623267960558));
#2147=CARTESIAN_POINT('Ctrl Pts',(20.6853177565104,54.5181342088951,20.4433505783096));
#2148=CARTESIAN_POINT('Ctrl Pts',(21.4822130800056,54.8353680378276,20.8644126124369));
#2149=CARTESIAN_POINT('Ctrl Pts',(22.8928528811711,55.5234966505212,21.8119540546573));
#2150=CARTESIAN_POINT('Ctrl Pts',(23.4981196154118,55.8884882666283,22.3381941609392));
#2151=CARTESIAN_POINT('Ctrl Pts',(25.0065950688469,56.8513093171296,24.0411132238116));
#2152=CARTESIAN_POINT('Ctrl Pts',(26.1983630086618,57.7826605902778,26.6428686250462));
#2153=CARTESIAN_POINT('Ctrl Pts',(25.0065950688469,56.8513093171296,29.2446240262807));
#2154=CARTESIAN_POINT('Ctrl Pts',(23.4981196154118,55.8884882666283,30.9475430891531));
#2155=CARTESIAN_POINT('Ctrl Pts',(22.8928528811711,55.5234966505212,31.473783195435));
#2156=CARTESIAN_POINT('Ctrl Pts',(21.4822130800056,54.8353680378276,32.4213246376554));
#2157=CARTESIAN_POINT('Ctrl Pts',(20.6853177565104,54.5181342088951,32.8423866717827));
#2158=CARTESIAN_POINT('Ctrl Pts',(19.7979529053551,54.2006630993379,33.2234104540365));
#2159=CARTESIAN_POINT('Ctrl Pts',(19.3262071535314,55.2102405297051,20.219575379997));
#2160=CARTESIAN_POINT('Ctrl Pts',(20.1192945509362,55.6045307548439,20.6080250400982));
#2161=CARTESIAN_POINT('Ctrl Pts',(20.6853177565104,56.0985541402097,20.9701572220811));
#2162=CARTESIAN_POINT('Ctrl Pts',(21.8866382732593,56.917387677792,21.8661240935072));
#2163=CARTESIAN_POINT('Ctrl Pts',(22.4021586688578,57.3149067713071,22.3818218312756));
#2164=CARTESIAN_POINT('Ctrl Pts',(23.7795623720877,58.423755787037,24.0579920818363));
#2165=CARTESIAN_POINT('Ctrl Pts',(24.9152683906062,59.4292534722222,26.6428686250462));
#2166=CARTESIAN_POINT('Ctrl Pts',(23.7795623720877,58.423755787037,29.227745168256));
#2167=CARTESIAN_POINT('Ctrl Pts',(22.4021586688578,57.3149067713071,30.9039154188168));
#2168=CARTESIAN_POINT('Ctrl Pts',(21.8866382732593,56.917387677792,31.4196131565851));
#2169=CARTESIAN_POINT('Ctrl Pts',(20.6853177565104,56.0985541402097,32.3155800280112));
#2170=CARTESIAN_POINT('Ctrl Pts',(20.1192945509362,55.6045307548439,32.6777122099941));
#2171=CARTESIAN_POINT('Ctrl Pts',(19.3262071535314,55.210240529705,33.0661618700953));
#2172=CARTESIAN_POINT('Ctrl Pts',(18.806327418384,56.25,20.3928686250462));
#2173=CARTESIAN_POINT('Ctrl Pts',(19.3262071535314,56.7698797351474,20.7394551151445));
#2174=CARTESIAN_POINT('Ctrl Pts',(19.7979529053551,57.2416254869711,21.0759809252669));
#2175=CARTESIAN_POINT('Ctrl Pts',(20.7031975432266,58.1468701248426,21.8971642833324));
#2176=CARTESIAN_POINT('Ctrl Pts',(21.1366964292744,58.5803690108904,22.3818218312756));
#2177=CARTESIAN_POINT('Ctrl Pts',(22.3798227887544,59.8234953703704,24.0579920818363));
#2178=CARTESIAN_POINT('Ctrl Pts',(23.4504246406062,60.8940972222222,26.6428686250462));
#2179=CARTESIAN_POINT('Ctrl Pts',(22.3798227887543,59.8234953703704,29.227745168256));
#2180=CARTESIAN_POINT('Ctrl Pts',(21.1366964292744,58.5803690108905,30.9039154188167));
#2181=CARTESIAN_POINT('Ctrl Pts',(20.7031975432266,58.1468701248426,31.3885729667599));
#2182=CARTESIAN_POINT('Ctrl Pts',(19.7979529053551,57.2416254869711,32.2097563248255));
#2183=CARTESIAN_POINT('Ctrl Pts',(19.3262071535314,56.7698797351474,32.5462821349478));
#2184=CARTESIAN_POINT('Ctrl Pts',(18.806327418384,56.25,32.8928686250462));
#2185=CARTESIAN_POINT('',(18.806327418384,18.75,20.3928686250462));
#2186=CARTESIAN_POINT('Ctrl Pts',(18.806327418384,56.25,20.3928686250462));
#2187=CARTESIAN_POINT('Ctrl Pts',(19.3262071535314,55.2102405297051,20.219575379997));
#2188=CARTESIAN_POINT('Ctrl Pts',(19.7979529053551,54.2006630993379,20.0623267960558));
#2189=CARTESIAN_POINT('Ctrl Pts',(20.7031975432266,51.7371130251412,19.760578583432));
#2190=CARTESIAN_POINT('Ctrl Pts',(21.1366964292744,50.2831403813117,19.6160789547493));
#2191=CARTESIAN_POINT('Ctrl Pts',(22.3798227887543,45.2546296296296,19.2017035015894));
#2192=CARTESIAN_POINT('Ctrl Pts',(23.4504246406062,37.5,18.8448362176388));
#2193=CARTESIAN_POINT('Ctrl Pts',(22.3798227887544,29.7453703703704,19.2017035015894));
#2194=CARTESIAN_POINT('Ctrl Pts',(21.1366964292744,24.7168596186883,19.6160789547494));
#2195=CARTESIAN_POINT('Ctrl Pts',(20.7031975432266,23.2628869748588,19.760578583432));
#2196=CARTESIAN_POINT('Ctrl Pts',(19.7979529053551,20.7993369006621,20.0623267960558));
#2197=CARTESIAN_POINT('Ctrl Pts',(19.3262071535314,19.7897594702949,20.219575379997));
#2198=CARTESIAN_POINT('Ctrl Pts',(18.806327418384,18.75,20.3928686250462));
#2199=CARTESIAN_POINT('Ctrl Pts',(18.806327418384,18.75,20.3928686250462));
#2200=CARTESIAN_POINT('Ctrl Pts',(19.3262071535314,18.2301202648525,20.7394551151445));
#2201=CARTESIAN_POINT('Ctrl Pts',(19.7979529053551,17.7583745130289,21.0759809252669));
#2202=CARTESIAN_POINT('Ctrl Pts',(20.7031975432266,16.8531298751574,21.8971642833324));
#2203=CARTESIAN_POINT('Ctrl Pts',(21.1366964292744,16.4196309891095,22.3818218312756));
#2204=CARTESIAN_POINT('Ctrl Pts',(22.3798227887544,15.1765046296296,24.0579920818363));
#2205=CARTESIAN_POINT('Ctrl Pts',(23.4504246406062,14.1059027777778,26.6428686250462));
#2206=CARTESIAN_POINT('Ctrl Pts',(22.3798227887543,15.1765046296296,29.227745168256));
#2207=CARTESIAN_POINT('Ctrl Pts',(21.1366964292744,16.4196309891095,30.9039154188167));
#2208=CARTESIAN_POINT('Ctrl Pts',(20.7031975432266,16.8531298751574,31.3885729667599));
#2209=CARTESIAN_POINT('Ctrl Pts',(19.7979529053551,17.7583745130289,32.2097563248255));
#2210=CARTESIAN_POINT('Ctrl Pts',(19.3262071535314,18.2301202648525,32.5462821349479));
#2211=CARTESIAN_POINT('Ctrl Pts',(18.806327418384,18.75,32.8928686250462));
#2212=CARTESIAN_POINT('Ctrl Pts',(18.806327418384,18.75,20.3928686250462));
#2213=CARTESIAN_POINT('Ctrl Pts',(19.3262071535314,19.7897594702949,20.219575379997));
#2214=CARTESIAN_POINT('Ctrl Pts',(19.7979529053551,20.7993369006621,20.0623267960558));
#2215=CARTESIAN_POINT('Ctrl Pts',(20.7031975432266,23.2628869748588,19.760578583432));
#2216=CARTESIAN_POINT('Ctrl Pts',(21.1366964292744,24.7168596186883,19.6160789547494));
#2217=CARTESIAN_POINT('Ctrl Pts',(22.3798227887544,29.7453703703704,19.2017035015894));
#2218=CARTESIAN_POINT('Ctrl Pts',(23.4504246406062,37.5,18.8448362176388));
#2219=CARTESIAN_POINT('Ctrl Pts',(22.3798227887543,45.2546296296296,19.2017035015894));
#2220=CARTESIAN_POINT('Ctrl Pts',(21.1366964292744,50.2831403813117,19.6160789547493));
#2221=CARTESIAN_POINT('Ctrl Pts',(20.7031975432266,51.7371130251412,19.760578583432));
#2222=CARTESIAN_POINT('Ctrl Pts',(19.7979529053551,54.2006630993379,20.0623267960558));
#2223=CARTESIAN_POINT('Ctrl Pts',(19.3262071535314,55.2102405297051,20.219575379997));
#2224=CARTESIAN_POINT('Ctrl Pts',(18.806327418384,56.25,20.3928686250462));
#2225=CARTESIAN_POINT('Ctrl Pts',(17.7665679480891,18.2301202648525,20.219575379997));
#2226=CARTESIAN_POINT('Ctrl Pts',(18.1608581732278,19.3954692451561,19.9552129141954));
#2227=CARTESIAN_POINT('Ctrl Pts',(18.6548815585937,20.4818657911049,19.7665385123374));
#2228=CARTESIAN_POINT('Ctrl Pts',(19.473715096176,23.1697664053832,19.3660983400877));
#2229=CARTESIAN_POINT('Ctrl Pts',(19.8712341896911,24.7168596186883,19.1942582082216));
#2230=CARTESIAN_POINT('Ctrl Pts',(20.980083205421,29.7453703703704,18.7351236404783));
#2231=CARTESIAN_POINT('Ctrl Pts',(21.9855808906062,37.5,18.3565549676388));
#2232=CARTESIAN_POINT('Ctrl Pts',(20.980083205421,45.2546296296296,18.7351236404783));
#2233=CARTESIAN_POINT('Ctrl Pts',(19.8712341896911,50.2831403813117,19.1942582082216));
#2234=CARTESIAN_POINT('Ctrl Pts',(19.473715096176,51.8302335946168,19.3660983400877));
#2235=CARTESIAN_POINT('Ctrl Pts',(18.6548815585937,54.5181342088951,19.7665385123374));
#2236=CARTESIAN_POINT('Ctrl Pts',(18.1608581732278,55.6045307548439,19.9552129141954));
#2237=CARTESIAN_POINT('Ctrl Pts',(17.7665679480891,56.7698797351475,20.219575379997));
#2238=CARTESIAN_POINT('Ctrl Pts',(16.7569905177219,17.7583745130289,20.0623267960558));
#2239=CARTESIAN_POINT('Ctrl Pts',(17.0744616272791,18.9014458597903,19.7665385123374));
#2240=CARTESIAN_POINT('Ctrl Pts',(17.3916954562116,20.1646319621724,19.5009067378389));
#2241=CARTESIAN_POINT('Ctrl Pts',(18.0798240689052,23.0072562888335,19.0306934707838));
#2242=CARTESIAN_POINT('Ctrl Pts',(18.4448156850123,24.5859766076791,18.8289378927036));
#2243=CARTESIAN_POINT('Ctrl Pts',(19.4076367355136,29.6947337962963,18.3261127415585));
#2244=CARTESIAN_POINT('Ctrl Pts',(20.3389880086618,37.5,17.9288567616202));
#2245=CARTESIAN_POINT('Ctrl Pts',(19.4076367355136,45.3052662037037,18.3261127415585));
#2246=CARTESIAN_POINT('Ctrl Pts',(18.4448156850123,50.4140233923209,18.8289378927036));
#2247=CARTESIAN_POINT('Ctrl Pts',(18.0798240689052,51.9927437111665,19.0306934707838));
#2248=CARTESIAN_POINT('Ctrl Pts',(17.3916954562116,54.8353680378276,19.5009067378389));
#2249=CARTESIAN_POINT('Ctrl Pts',(17.0744616272791,56.0985541402097,19.7665385123374));
#2250=CARTESIAN_POINT('Ctrl Pts',(16.7569905177219,57.2416254869711,20.0623267960558));
#2251=CARTESIAN_POINT('Ctrl Pts',(14.2934404435252,16.8531298751574,19.760578583432));
#2252=CARTESIAN_POINT('Ctrl Pts',(14.3865610130008,18.082612322208,19.3660983400877));
#2253=CARTESIAN_POINT('Ctrl Pts',(14.5490711295505,19.4765033494788,19.0306934707838));
#2254=CARTESIAN_POINT('Ctrl Pts',(15.0042200755293,22.5521073428546,18.4511692882533));
#2255=CARTESIAN_POINT('Ctrl Pts',(15.2732499488806,24.219248259434,18.2111823082465));
#2256=CARTESIAN_POINT('Ctrl Pts',(16.0036834658377,29.5428240740741,17.6239823885492));
#2257=CARTESIAN_POINT('Ctrl Pts',(16.7731785468562,37.5,17.1950785498147));
#2258=CARTESIAN_POINT('Ctrl Pts',(16.0036834658377,45.4571759259259,17.6239823885492));
#2259=CARTESIAN_POINT('Ctrl Pts',(15.2732499488806,50.780751740566,18.2111823082465));
#2260=CARTESIAN_POINT('Ctrl Pts',(15.0042200755293,52.4478926571454,18.4511692882533));
#2261=CARTESIAN_POINT('Ctrl Pts',(14.5490711295505,55.5234966505212,19.0306934707838));
#2262=CARTESIAN_POINT('Ctrl Pts',(14.3865610130008,56.917387677792,19.3660983400877));
#2263=CARTESIAN_POINT('Ctrl Pts',(14.2934404435252,58.1468701248426,19.760578583432));
#2264=CARTESIAN_POINT('Ctrl Pts',(12.8394677996957,16.4196309891096,19.6160789547493));
#2265=CARTESIAN_POINT('Ctrl Pts',(12.8394677996957,17.6850932286929,19.1942582082216));
#2266=CARTESIAN_POINT('Ctrl Pts',(12.9703508107049,19.1115117333717,18.8289378927036));
#2267=CARTESIAN_POINT('Ctrl Pts',(13.33707915895,22.2830774695034,18.2111823082465));
#2268=CARTESIAN_POINT('Ctrl Pts',(13.5543652511386,24.0019621672454,17.9561342018209));
#2269=CARTESIAN_POINT('Ctrl Pts',(14.1721766660692,29.4415509259259,17.3308629344597));
#2270=CARTESIAN_POINT('Ctrl Pts',(14.8539619669951,37.5,16.8889985440276));
#2271=CARTESIAN_POINT('Ctrl Pts',(14.1721766660692,45.5584490740741,17.3308629344597));
#2272=CARTESIAN_POINT('Ctrl Pts',(13.5543652511386,50.9980378327546,17.9561342018209));
#2273=CARTESIAN_POINT('Ctrl Pts',(13.33707915895,52.7169225304966,18.2111823082465));
#2274=CARTESIAN_POINT('Ctrl Pts',(12.9703508107049,55.8884882666283,18.8289378927036));
#2275=CARTESIAN_POINT('Ctrl Pts',(12.8394677996957,57.3149067713071,19.1942582082216));
#2276=CARTESIAN_POINT('Ctrl Pts',(12.8394677996957,58.5803690108905,19.6160789547494));
#2277=CARTESIAN_POINT('Ctrl Pts',(7.81095704801361,15.1765046296296,19.2017035015894));
#2278=CARTESIAN_POINT('Ctrl Pts',(7.81095704801361,16.576244212963,18.7351236404783));
#2279=CARTESIAN_POINT('Ctrl Pts',(7.86159362208768,18.1486906828704,18.3261127415585));
#2280=CARTESIAN_POINT('Ctrl Pts',(8.0135033443099,21.5526439525463,17.6239823885492));
#2281=CARTESIAN_POINT('Ctrl Pts',(8.11477649245805,23.3841507523148,17.3308629344597));
#2282=CARTESIAN_POINT('Ctrl Pts',(8.41859593690249,29.1377314814815,16.6264720201079));
#2283=CARTESIAN_POINT('Ctrl Pts',(8.82368852949509,37.5,16.1538639954165));
#2284=CARTESIAN_POINT('Ctrl Pts',(8.4185959369025,45.8622685185185,16.6264720201079));
#2285=CARTESIAN_POINT('Ctrl Pts',(8.11477649245805,51.6158492476852,17.3308629344597));
#2286=CARTESIAN_POINT('Ctrl Pts',(8.01350334430991,53.4473560474537,17.6239823885492));
#2287=CARTESIAN_POINT('Ctrl Pts',(7.86159362208769,56.8513093171296,18.3261127415585));
#2288=CARTESIAN_POINT('Ctrl Pts',(7.81095704801361,58.423755787037,18.7351236404783));
#2289=CARTESIAN_POINT('Ctrl Pts',(7.81095704801361,59.8234953703704,19.2017035015894));
#2290=CARTESIAN_POINT('Ctrl Pts',(0.0563274183839735,14.1059027777778,18.8448362176388));
#2291=CARTESIAN_POINT('Ctrl Pts',(0.0563274183839779,15.5707465277778,18.3565549676388));
#2292=CARTESIAN_POINT('Ctrl Pts',(0.0563274183839735,17.2173394097222,17.9288567616202));
#2293=CARTESIAN_POINT('Ctrl Pts',(0.0563274183839801,20.7831488715278,17.1950785498147));
#2294=CARTESIAN_POINT('Ctrl Pts',(0.0563274183839713,22.7023654513889,16.8889985440276));
#2295=CARTESIAN_POINT('Ctrl Pts',(0.056327418383979,28.7326388888889,16.1538639954165));
#2296=CARTESIAN_POINT('Ctrl Pts',(0.0563274183839735,37.5,15.6619658472684));
#2297=CARTESIAN_POINT('Ctrl Pts',(0.0563274183839868,46.2673611111111,16.1538639954165));
#2298=CARTESIAN_POINT('Ctrl Pts',(0.0563274183839813,52.2976345486111,16.8889985440276));
#2299=CARTESIAN_POINT('Ctrl Pts',(0.0563274183839857,54.2168511284722,17.1950785498147));
#2300=CARTESIAN_POINT('Ctrl Pts',(0.056327418383989,57.7826605902778,17.9288567616202));
#2301=CARTESIAN_POINT('Ctrl Pts',(0.0563274183839846,59.4292534722222,18.3565549676387));
#2302=CARTESIAN_POINT('Ctrl Pts',(0.056327418383979,60.8940972222222,18.8448362176387));
#2303=CARTESIAN_POINT('Ctrl Pts',(-7.69830221124565,15.1765046296296,19.2017035015894));
#2304=CARTESIAN_POINT('Ctrl Pts',(-7.69830221124565,16.576244212963,18.7351236404783));
#2305=CARTESIAN_POINT('Ctrl Pts',(-7.74893878531973,18.1486906828704,18.3261127415585));
#2306=CARTESIAN_POINT('Ctrl Pts',(-7.90084850754195,21.5526439525463,17.6239823885492));
#2307=CARTESIAN_POINT('Ctrl Pts',(-8.0021216556901,23.3841507523148,17.3308629344597));
#2308=CARTESIAN_POINT('Ctrl Pts',(-8.30594110013454,29.1377314814815,16.6264720201079));
#2309=CARTESIAN_POINT('Ctrl Pts',(-8.71103369272714,37.5,16.1538639954165));
#2310=CARTESIAN_POINT('Ctrl Pts',(-8.30594110013453,45.8622685185185,16.6264720201079));
#2311=CARTESIAN_POINT('Ctrl Pts',(-8.00212165569009,51.6158492476852,17.3308629344597));
#2312=CARTESIAN_POINT('Ctrl Pts',(-7.90084850754195,53.4473560474537,17.6239823885492));
#2313=CARTESIAN_POINT('Ctrl Pts',(-7.74893878531973,56.8513093171296,18.3261127415585));
#2314=CARTESIAN_POINT('Ctrl Pts',(-7.69830221124565,58.423755787037,18.7351236404783));
#2315=CARTESIAN_POINT('Ctrl Pts',(-7.69830221124565,59.8234953703704,19.2017035015894));
#2316=CARTESIAN_POINT('Ctrl Pts',(-12.7268129629277,16.4196309891095,19.6160789547494));
#2317=CARTESIAN_POINT('Ctrl Pts',(-12.7268129629277,17.6850932286929,19.1942582082216));
#2318=CARTESIAN_POINT('Ctrl Pts',(-12.8576959739369,19.1115117333717,18.8289378927036));
#2319=CARTESIAN_POINT('Ctrl Pts',(-13.2244243221821,22.2830774695034,18.2111823082465));
#2320=CARTESIAN_POINT('Ctrl Pts',(-13.4417104143707,24.0019621672454,17.9561342018209));
#2321=CARTESIAN_POINT('Ctrl Pts',(-14.0595218293012,29.4415509259259,17.3308629344597));
#2322=CARTESIAN_POINT('Ctrl Pts',(-14.7413071302271,37.5,16.8889985440276));
#2323=CARTESIAN_POINT('Ctrl Pts',(-14.0595218293012,45.5584490740741,17.3308629344597));
#2324=CARTESIAN_POINT('Ctrl Pts',(-13.4417104143706,50.9980378327546,17.9561342018209));
#2325=CARTESIAN_POINT('Ctrl Pts',(-13.2244243221821,52.7169225304966,18.2111823082465));
#2326=CARTESIAN_POINT('Ctrl Pts',(-12.8576959739369,55.8884882666283,18.8289378927036));
#2327=CARTESIAN_POINT('Ctrl Pts',(-12.7268129629277,57.3149067713071,19.1942582082216));
#2328=CARTESIAN_POINT('Ctrl Pts',(-12.7268129629277,58.5803690108905,19.6160789547493));
#2329=CARTESIAN_POINT('Ctrl Pts',(-14.1807856067573,16.8531298751574,19.760578583432));
#2330=CARTESIAN_POINT('Ctrl Pts',(-14.2739061762328,18.082612322208,19.3660983400877));
#2331=CARTESIAN_POINT('Ctrl Pts',(-14.4364162927825,19.4765033494788,19.0306934707838));
#2332=CARTESIAN_POINT('Ctrl Pts',(-14.8915652387614,22.5521073428547,18.4511692882533));
#2333=CARTESIAN_POINT('Ctrl Pts',(-15.1605951121126,24.219248259434,18.2111823082465));
#2334=CARTESIAN_POINT('Ctrl Pts',(-15.8910286290697,29.5428240740741,17.6239823885492));
#2335=CARTESIAN_POINT('Ctrl Pts',(-16.6605237100882,37.5,17.1950785498147));
#2336=CARTESIAN_POINT('Ctrl Pts',(-15.8910286290697,45.4571759259259,17.6239823885492));
#2337=CARTESIAN_POINT('Ctrl Pts',(-15.1605951121126,50.780751740566,18.2111823082465));
#2338=CARTESIAN_POINT('Ctrl Pts',(-14.8915652387614,52.4478926571454,18.4511692882533));
#2339=CARTESIAN_POINT('Ctrl Pts',(-14.4364162927825,55.5234966505212,19.0306934707838));
#2340=CARTESIAN_POINT('Ctrl Pts',(-14.2739061762328,56.917387677792,19.3660983400877));
#2341=CARTESIAN_POINT('Ctrl Pts',(-14.1807856067573,58.1468701248426,19.760578583432));
#2342=CARTESIAN_POINT('Ctrl Pts',(-16.6443356809539,17.7583745130289,20.0623267960558));
#2343=CARTESIAN_POINT('Ctrl Pts',(-16.9618067905111,18.9014458597903,19.7665385123374));
#2344=CARTESIAN_POINT('Ctrl Pts',(-17.2790406194437,20.1646319621724,19.5009067378389));
#2345=CARTESIAN_POINT('Ctrl Pts',(-17.9671692321372,23.0072562888335,19.0306934707838));
#2346=CARTESIAN_POINT('Ctrl Pts',(-18.3321608482444,24.5859766076791,18.8289378927036));
#2347=CARTESIAN_POINT('Ctrl Pts',(-19.2949818987456,29.6947337962963,18.3261127415585));
#2348=CARTESIAN_POINT('Ctrl Pts',(-20.2263331718938,37.5,17.9288567616202));
#2349=CARTESIAN_POINT('Ctrl Pts',(-19.2949818987457,45.3052662037037,18.3261127415585));
#2350=CARTESIAN_POINT('Ctrl Pts',(-18.3321608482443,50.4140233923209,18.8289378927036));
#2351=CARTESIAN_POINT('Ctrl Pts',(-17.9671692321372,51.9927437111665,19.0306934707838));
#2352=CARTESIAN_POINT('Ctrl Pts',(-17.2790406194437,54.8353680378276,19.5009067378389));
#2353=CARTESIAN_POINT('Ctrl Pts',(-16.9618067905111,56.0985541402097,19.7665385123374));
#2354=CARTESIAN_POINT('Ctrl Pts',(-16.6443356809539,57.2416254869711,20.0623267960558));
#2355=CARTESIAN_POINT('Ctrl Pts',(-17.6539131113211,18.2301202648525,20.219575379997));
#2356=CARTESIAN_POINT('Ctrl Pts',(-18.0482033364599,19.3954692451561,19.9552129141954));
#2357=CARTESIAN_POINT('Ctrl Pts',(-18.5422267218258,20.4818657911049,19.7665385123374));
#2358=CARTESIAN_POINT('Ctrl Pts',(-19.3610602594081,23.1697664053832,19.3660983400877));
#2359=CARTESIAN_POINT('Ctrl Pts',(-19.7585793529231,24.7168596186883,19.1942582082216));
#2360=CARTESIAN_POINT('Ctrl Pts',(-20.8674283686531,29.7453703703704,18.7351236404783));
#2361=CARTESIAN_POINT('Ctrl Pts',(-21.8729260538382,37.5,18.3565549676388));
#2362=CARTESIAN_POINT('Ctrl Pts',(-20.8674283686531,45.2546296296296,18.7351236404783));
#2363=CARTESIAN_POINT('Ctrl Pts',(-19.7585793529232,50.2831403813117,19.1942582082216));
#2364=CARTESIAN_POINT('Ctrl Pts',(-19.3610602594081,51.8302335946168,19.3660983400877));
#2365=CARTESIAN_POINT('Ctrl Pts',(-18.5422267218258,54.5181342088951,19.7665385123374));
#2366=CARTESIAN_POINT('Ctrl Pts',(-18.0482033364599,55.6045307548439,19.9552129141954));
#2367=CARTESIAN_POINT('Ctrl Pts',(-17.6539131113211,56.7698797351474,20.219575379997));
#2368=CARTESIAN_POINT('Ctrl Pts',(-18.693672581616,18.75,20.3928686250462));
#2369=CARTESIAN_POINT('Ctrl Pts',(-19.2135523167635,19.7897594702949,20.219575379997));
#2370=CARTESIAN_POINT('Ctrl Pts',(-19.6852980685871,20.7993369006621,20.0623267960558));
#2371=CARTESIAN_POINT('Ctrl Pts',(-20.5905427064586,23.2628869748588,19.760578583432));
#2372=CARTESIAN_POINT('Ctrl Pts',(-21.0240415925065,24.7168596186883,19.6160789547493));
#2373=CARTESIAN_POINT('Ctrl Pts',(-22.2671679519864,29.7453703703704,19.2017035015894));
#2374=CARTESIAN_POINT('Ctrl Pts',(-23.3377698038382,37.5,18.8448362176388));
#2375=CARTESIAN_POINT('Ctrl Pts',(-22.2671679519864,45.2546296296296,19.2017035015894));
#2376=CARTESIAN_POINT('Ctrl Pts',(-21.0240415925065,50.2831403813117,19.6160789547494));
#2377=CARTESIAN_POINT('Ctrl Pts',(-20.5905427064586,51.7371130251412,19.760578583432));
#2378=CARTESIAN_POINT('Ctrl Pts',(-19.6852980685871,54.2006630993379,20.0623267960558));
#2379=CARTESIAN_POINT('Ctrl Pts',(-19.2135523167635,55.2102405297051,20.219575379997));
#2380=CARTESIAN_POINT('Ctrl Pts',(-18.693672581616,56.25,20.3928686250462));
#2381=CARTESIAN_POINT('Ctrl Pts',(-18.693672581616,18.75,20.3928686250462));
#2382=CARTESIAN_POINT('Ctrl Pts',(-17.6539131113211,18.2301202648525,20.219575379997));
#2383=CARTESIAN_POINT('Ctrl Pts',(-16.6443356809539,17.7583745130289,20.0623267960558));
#2384=CARTESIAN_POINT('Ctrl Pts',(-14.1807856067573,16.8531298751574,19.760578583432));
#2385=CARTESIAN_POINT('Ctrl Pts',(-12.7268129629277,16.4196309891095,19.6160789547494));
#2386=CARTESIAN_POINT('Ctrl Pts',(-7.69830221124565,15.1765046296296,19.2017035015894));
#2387=CARTESIAN_POINT('Ctrl Pts',(0.0563274183839746,14.1059027777778,18.8448362176388));
#2388=CARTESIAN_POINT('Ctrl Pts',(7.81095704801361,15.1765046296296,19.2017035015894));
#2389=CARTESIAN_POINT('Ctrl Pts',(12.8394677996957,16.4196309891096,19.6160789547493));
#2390=CARTESIAN_POINT('Ctrl Pts',(14.2934404435252,16.8531298751574,19.760578583432));
#2391=CARTESIAN_POINT('Ctrl Pts',(16.7569905177219,17.7583745130289,20.0623267960558));
#2392=CARTESIAN_POINT('Ctrl Pts',(17.7665679480891,18.2301202648525,20.219575379997));
#2393=CARTESIAN_POINT('Ctrl Pts',(18.806327418384,18.75,20.3928686250462));
#2394=CARTESIAN_POINT('Ctrl Pts',(-18.693672581616,18.75,20.3928686250462));
#2395=CARTESIAN_POINT('Ctrl Pts',(-19.2135523167635,18.2301202648525,20.7394551151445));
#2396=CARTESIAN_POINT('Ctrl Pts',(-19.6852980685871,17.7583745130289,21.0759809252669));
#2397=CARTESIAN_POINT('Ctrl Pts',(-20.5905427064586,16.8531298751574,21.8971642833324));
#2398=CARTESIAN_POINT('Ctrl Pts',(-21.0240415925065,16.4196309891096,22.3818218312756));
#2399=CARTESIAN_POINT('Ctrl Pts',(-22.2671679519864,15.1765046296296,24.0579920818363));
#2400=CARTESIAN_POINT('Ctrl Pts',(-23.3377698038382,14.1059027777778,26.6428686250462));
#2401=CARTESIAN_POINT('Ctrl Pts',(-22.2671679519864,15.1765046296296,29.227745168256));
#2402=CARTESIAN_POINT('Ctrl Pts',(-21.0240415925065,16.4196309891095,30.9039154188167));
#2403=CARTESIAN_POINT('Ctrl Pts',(-20.5905427064586,16.8531298751574,31.3885729667599));
#2404=CARTESIAN_POINT('Ctrl Pts',(-19.6852980685871,17.7583745130289,32.2097563248255));
#2405=CARTESIAN_POINT('Ctrl Pts',(-19.2135523167635,18.2301202648525,32.5462821349478));
#2406=CARTESIAN_POINT('Ctrl Pts',(-18.693672581616,18.75,32.8928686250462));
#2407=CARTESIAN_POINT('Ctrl Pts',(-17.6539131113211,18.2301202648525,20.219575379997));
#2408=CARTESIAN_POINT('Ctrl Pts',(-18.0482033364599,17.4370328674478,20.6080250400982));
#2409=CARTESIAN_POINT('Ctrl Pts',(-18.5422267218258,16.8710096618736,20.9701572220811));
#2410=CARTESIAN_POINT('Ctrl Pts',(-19.3610602594081,15.6696891451246,21.8661240935072));
#2411=CARTESIAN_POINT('Ctrl Pts',(-19.7585793529231,15.1541687495262,22.3818218312756));
#2412=CARTESIAN_POINT('Ctrl Pts',(-20.8674283686531,13.7767650462963,24.0579920818363));
#2413=CARTESIAN_POINT('Ctrl Pts',(-21.8729260538382,12.6410590277778,26.6428686250462));
#2414=CARTESIAN_POINT('Ctrl Pts',(-20.8674283686531,13.7767650462963,29.227745168256));
#2415=CARTESIAN_POINT('Ctrl Pts',(-19.7585793529231,15.1541687495262,30.9039154188167));
#2416=CARTESIAN_POINT('Ctrl Pts',(-19.361060259408,15.6696891451246,31.4196131565851));
#2417=CARTESIAN_POINT('Ctrl Pts',(-18.5422267218257,16.8710096618736,32.3155800280112));
#2418=CARTESIAN_POINT('Ctrl Pts',(-18.0482033364599,17.4370328674478,32.6777122099941));
#2419=CARTESIAN_POINT('Ctrl Pts',(-17.6539131113211,18.2301202648525,33.0661618700953));
#2420=CARTESIAN_POINT('Ctrl Pts',(-16.6443356809539,17.7583745130289,20.0623267960558));
#2421=CARTESIAN_POINT('Ctrl Pts',(-16.9618067905111,16.8710096618736,20.4433505783096));
#2422=CARTESIAN_POINT('Ctrl Pts',(-17.2790406194437,16.0741143383783,20.8644126124369));
#2423=CARTESIAN_POINT('Ctrl Pts',(-17.9671692321372,14.6634745372129,21.8119540546573));
#2424=CARTESIAN_POINT('Ctrl Pts',(-18.3321608482444,14.0582078029722,22.3381941609392));
#2425=CARTESIAN_POINT('Ctrl Pts',(-19.2949818987457,12.549732349537,24.0411132238116));
#2426=CARTESIAN_POINT('Ctrl Pts',(-20.2263331718938,11.3579644097222,26.6428686250462));
#2427=CARTESIAN_POINT('Ctrl Pts',(-19.2949818987457,12.549732349537,29.2446240262807));
#2428=CARTESIAN_POINT('Ctrl Pts',(-18.3321608482443,14.0582078029722,30.9475430891531));
#2429=CARTESIAN_POINT('Ctrl Pts',(-17.9671692321372,14.6634745372129,31.473783195435));
#2430=CARTESIAN_POINT('Ctrl Pts',(-17.2790406194437,16.0741143383783,32.4213246376554));
#2431=CARTESIAN_POINT('Ctrl Pts',(-16.9618067905111,16.8710096618736,32.8423866717827));
#2432=CARTESIAN_POINT('Ctrl Pts',(-16.6443356809539,17.7583745130289,33.2234104540365));
#2433=CARTESIAN_POINT('Ctrl Pts',(-14.1807856067573,16.8531298751574,19.760578583432));
#2434=CARTESIAN_POINT('Ctrl Pts',(-14.2739061762328,15.6696891451246,20.1704060657822));
#2435=CARTESIAN_POINT('Ctrl Pts',(-14.4364162927825,14.6634745372129,20.6350364082058));
#2436=CARTESIAN_POINT('Ctrl Pts',(-14.8915652387614,12.9249019896214,21.660237739331));
#2437=CARTESIAN_POINT('Ctrl Pts',(-15.1605951121126,12.204941049601,22.2159513781908));
#2438=CARTESIAN_POINT('Ctrl Pts',(-15.8910286290697,10.4433412905093,23.9904766497375));
#2439=CARTESIAN_POINT('Ctrl Pts',(-16.6605237100882,9.15662977430555,26.6428686250462));
#2440=CARTESIAN_POINT('Ctrl Pts',(-15.8910286290697,10.4433412905093,29.2952606003548));
#2441=CARTESIAN_POINT('Ctrl Pts',(-15.1605951121126,12.204941049601,31.0697858719015));
#2442=CARTESIAN_POINT('Ctrl Pts',(-14.8915652387614,12.9249019896214,31.6254995107613));
#2443=CARTESIAN_POINT('Ctrl Pts',(-14.4364162927825,14.6634745372129,32.6507008418866));
#2444=CARTESIAN_POINT('Ctrl Pts',(-14.2739061762328,15.6696891451246,33.1153311843102));
#2445=CARTESIAN_POINT('Ctrl Pts',(-14.1807856067572,16.8531298751574,33.5251586666604));
#2446=CARTESIAN_POINT('Ctrl Pts',(-12.7268129629277,16.4196309891095,19.6160789547494));
#2447=CARTESIAN_POINT('Ctrl Pts',(-12.7268129629277,15.1541687495262,20.0378997012771));
#2448=CARTESIAN_POINT('Ctrl Pts',(-12.8576959739369,14.0582078029722,20.5133725361701));
#2449=CARTESIAN_POINT('Ctrl Pts',(-13.2244243221821,12.204941049601,21.5705611148806));
#2450=CARTESIAN_POINT('Ctrl Pts',(-13.4417104143707,11.4397967303241,22.1435226807946));
#2451=CARTESIAN_POINT('Ctrl Pts',(-14.0595218293012,9.56398292824074,23.9567189336881));
#2452=CARTESIAN_POINT('Ctrl Pts',(-14.7413071302271,8.23838975694444,26.6428686250462));
#2453=CARTESIAN_POINT('Ctrl Pts',(-14.0595218293012,9.56398292824074,29.3290183164042));
#2454=CARTESIAN_POINT('Ctrl Pts',(-13.4417104143707,11.4397967303241,31.1422145692977));
#2455=CARTESIAN_POINT('Ctrl Pts',(-13.2244243221821,12.204941049601,31.7151761352117));
#2456=CARTESIAN_POINT('Ctrl Pts',(-12.8576959739369,14.0582078029722,32.7723647139223));
#2457=CARTESIAN_POINT('Ctrl Pts',(-12.7268129629277,15.1541687495262,33.2478375488152));
#2458=CARTESIAN_POINT('Ctrl Pts',(-12.7268129629277,16.4196309891096,33.669658295343));
#2459=CARTESIAN_POINT('Ctrl Pts',(-7.69830221124565,15.1765046296296,19.2017035015894));
#2460=CARTESIAN_POINT('Ctrl Pts',(-7.69830221124565,13.7767650462963,19.6682833627005));
#2461=CARTESIAN_POINT('Ctrl Pts',(-7.74893878531973,12.549732349537,20.192432186003));
#2462=CARTESIAN_POINT('Ctrl Pts',(-7.90084850754195,10.4433412905093,21.3270832758949));
#2463=CARTESIAN_POINT('Ctrl Pts',(-8.0021216556901,9.56398292824074,21.9375855424844));
#2464=CARTESIAN_POINT('Ctrl Pts',(-8.30594110013454,7.45081018518519,23.85544578554));
#2465=CARTESIAN_POINT('Ctrl Pts',(-8.71103369272714,6.03298611111111,26.6428686250462));
#2466=CARTESIAN_POINT('Ctrl Pts',(-8.30594110013454,7.45081018518518,29.4302914645523));
#2467=CARTESIAN_POINT('Ctrl Pts',(-8.0021216556901,9.56398292824074,31.3481517076079));
#2468=CARTESIAN_POINT('Ctrl Pts',(-7.90084850754195,10.4433412905093,31.9586539741974));
#2469=CARTESIAN_POINT('Ctrl Pts',(-7.74893878531973,12.549732349537,33.0933050640894));
#2470=CARTESIAN_POINT('Ctrl Pts',(-7.69830221124565,13.7767650462963,33.6174538873919));
#2471=CARTESIAN_POINT('Ctrl Pts',(-7.69830221124566,15.1765046296296,34.084033748503));
#2472=CARTESIAN_POINT('Ctrl Pts',(0.0563274183839746,14.1059027777778,18.8448362176388));
#2473=CARTESIAN_POINT('Ctrl Pts',(0.0563274183839779,12.6410590277778,19.3331174676388));
#2474=CARTESIAN_POINT('Ctrl Pts',(0.0563274183839779,11.3579644097222,19.8819817616202));
#2475=CARTESIAN_POINT('Ctrl Pts',(0.0563274183839746,9.15662977430556,21.0705849155554));
#2476=CARTESIAN_POINT('Ctrl Pts',(0.056327418383979,8.23838975694444,21.7103237755091));
#2477=CARTESIAN_POINT('Ctrl Pts',(0.056327418383979,6.03298611111111,23.7204149213425));
#2478=CARTESIAN_POINT('Ctrl Pts',(0.0563274183839713,4.55729166666667,26.6428686250462));
#2479=CARTESIAN_POINT('Ctrl Pts',(0.0563274183839779,6.03298611111111,29.5653223287499));
#2480=CARTESIAN_POINT('Ctrl Pts',(0.0563274183839857,8.23838975694444,31.5754134745832));
#2481=CARTESIAN_POINT('Ctrl Pts',(0.0563274183839735,9.15662977430556,32.2151523345369));
#2482=CARTESIAN_POINT('Ctrl Pts',(0.0563274183839813,11.3579644097222,33.4037554884721));
#2483=CARTESIAN_POINT('Ctrl Pts',(0.0563274183839724,12.6410590277778,33.9526197824536));
#2484=CARTESIAN_POINT('Ctrl Pts',(0.0563274183839724,14.1059027777778,34.4409010324536));
#2485=CARTESIAN_POINT('Ctrl Pts',(7.81095704801361,15.1765046296296,19.2017035015894));
#2486=CARTESIAN_POINT('Ctrl Pts',(7.81095704801361,13.7767650462963,19.6682833627005));
#2487=CARTESIAN_POINT('Ctrl Pts',(7.86159362208768,12.549732349537,20.1924321860029));
#2488=CARTESIAN_POINT('Ctrl Pts',(8.01350334430991,10.4433412905093,21.3270832758949));
#2489=CARTESIAN_POINT('Ctrl Pts',(8.11477649245805,9.56398292824074,21.9375855424844));
#2490=CARTESIAN_POINT('Ctrl Pts',(8.41859593690249,7.45081018518519,23.85544578554));
#2491=CARTESIAN_POINT('Ctrl Pts',(8.82368852949509,6.03298611111111,26.6428686250462));
#2492=CARTESIAN_POINT('Ctrl Pts',(8.41859593690249,7.45081018518518,29.4302914645523));
#2493=CARTESIAN_POINT('Ctrl Pts',(8.11477649245805,9.56398292824074,31.3481517076079));
#2494=CARTESIAN_POINT('Ctrl Pts',(8.0135033443099,10.4433412905093,31.9586539741974));
#2495=CARTESIAN_POINT('Ctrl Pts',(7.86159362208768,12.549732349537,33.0933050640894));
#2496=CARTESIAN_POINT('Ctrl Pts',(7.81095704801361,13.7767650462963,33.6174538873918));
#2497=CARTESIAN_POINT('Ctrl Pts',(7.8109570480136,15.1765046296296,34.084033748503));
#2498=CARTESIAN_POINT('Ctrl Pts',(12.8394677996957,16.4196309891096,19.6160789547493));
#2499=CARTESIAN_POINT('Ctrl Pts',(12.8394677996957,15.1541687495262,20.0378997012771));
#2500=CARTESIAN_POINT('Ctrl Pts',(12.9703508107049,14.0582078029722,20.51337253617));
#2501=CARTESIAN_POINT('Ctrl Pts',(13.33707915895,12.204941049601,21.5705611148806));
#2502=CARTESIAN_POINT('Ctrl Pts',(13.5543652511386,11.4397967303241,22.1435226807946));
#2503=CARTESIAN_POINT('Ctrl Pts',(14.1721766660692,9.56398292824074,23.9567189336881));
#2504=CARTESIAN_POINT('Ctrl Pts',(14.8539619669951,8.23838975694444,26.6428686250462));
#2505=CARTESIAN_POINT('Ctrl Pts',(14.1721766660692,9.56398292824074,29.3290183164042));
#2506=CARTESIAN_POINT('Ctrl Pts',(13.5543652511386,11.4397967303241,31.1422145692977));
#2507=CARTESIAN_POINT('Ctrl Pts',(13.33707915895,12.204941049601,31.7151761352117));
#2508=CARTESIAN_POINT('Ctrl Pts',(12.9703508107048,14.0582078029722,32.7723647139223));
#2509=CARTESIAN_POINT('Ctrl Pts',(12.8394677996957,15.1541687495262,33.2478375488152));
#2510=CARTESIAN_POINT('Ctrl Pts',(12.8394677996957,16.4196309891095,33.669658295343));
#2511=CARTESIAN_POINT('Ctrl Pts',(14.2934404435252,16.8531298751574,19.760578583432));
#2512=CARTESIAN_POINT('Ctrl Pts',(14.3865610130008,15.6696891451246,20.1704060657821));
#2513=CARTESIAN_POINT('Ctrl Pts',(14.5490711295505,14.6634745372129,20.6350364082058));
#2514=CARTESIAN_POINT('Ctrl Pts',(15.0042200755293,12.9249019896214,21.660237739331));
#2515=CARTESIAN_POINT('Ctrl Pts',(15.2732499488806,12.204941049601,22.2159513781908));
#2516=CARTESIAN_POINT('Ctrl Pts',(16.0036834658377,10.4433412905093,23.9904766497375));
#2517=CARTESIAN_POINT('Ctrl Pts',(16.7731785468562,9.15662977430555,26.6428686250462));
#2518=CARTESIAN_POINT('Ctrl Pts',(16.0036834658377,10.4433412905093,29.2952606003548));
#2519=CARTESIAN_POINT('Ctrl Pts',(15.2732499488806,12.204941049601,31.0697858719015));
#2520=CARTESIAN_POINT('Ctrl Pts',(15.0042200755293,12.9249019896214,31.6254995107613));
#2521=CARTESIAN_POINT('Ctrl Pts',(14.5490711295505,14.6634745372129,32.6507008418866));
#2522=CARTESIAN_POINT('Ctrl Pts',(14.3865610130008,15.6696891451246,33.1153311843102));
#2523=CARTESIAN_POINT('Ctrl Pts',(14.2934404435252,16.8531298751574,33.5251586666604));
#2524=CARTESIAN_POINT('Ctrl Pts',(16.7569905177219,17.7583745130289,20.0623267960558));
#2525=CARTESIAN_POINT('Ctrl Pts',(17.0744616272791,16.8710096618736,20.4433505783096));
#2526=CARTESIAN_POINT('Ctrl Pts',(17.3916954562116,16.0741143383783,20.8644126124369));
#2527=CARTESIAN_POINT('Ctrl Pts',(18.0798240689052,14.6634745372129,21.8119540546573));
#2528=CARTESIAN_POINT('Ctrl Pts',(18.4448156850123,14.0582078029722,22.3381941609392));
#2529=CARTESIAN_POINT('Ctrl Pts',(19.4076367355136,12.549732349537,24.0411132238116));
#2530=CARTESIAN_POINT('Ctrl Pts',(20.3389880086618,11.3579644097222,26.6428686250462));
#2531=CARTESIAN_POINT('Ctrl Pts',(19.4076367355136,12.549732349537,29.2446240262807));
#2532=CARTESIAN_POINT('Ctrl Pts',(18.4448156850123,14.0582078029722,30.9475430891531));
#2533=CARTESIAN_POINT('Ctrl Pts',(18.0798240689052,14.6634745372129,31.473783195435));
#2534=CARTESIAN_POINT('Ctrl Pts',(17.3916954562116,16.0741143383783,32.4213246376554));
#2535=CARTESIAN_POINT('Ctrl Pts',(17.0744616272791,16.8710096618736,32.8423866717827));
#2536=CARTESIAN_POINT('Ctrl Pts',(16.7569905177219,17.7583745130289,33.2234104540365));
#2537=CARTESIAN_POINT('Ctrl Pts',(17.7665679480891,18.2301202648525,20.219575379997));
#2538=CARTESIAN_POINT('Ctrl Pts',(18.1608581732278,17.4370328674477,20.6080250400982));
#2539=CARTESIAN_POINT('Ctrl Pts',(18.6548815585937,16.8710096618736,20.9701572220811));
#2540=CARTESIAN_POINT('Ctrl Pts',(19.473715096176,15.6696891451246,21.8661240935072));
#2541=CARTESIAN_POINT('Ctrl Pts',(19.8712341896911,15.1541687495262,22.3818218312756));
#2542=CARTESIAN_POINT('Ctrl Pts',(20.980083205421,13.7767650462963,24.0579920818363));
#2543=CARTESIAN_POINT('Ctrl Pts',(21.9855808906062,12.6410590277778,26.6428686250462));
#2544=CARTESIAN_POINT('Ctrl Pts',(20.980083205421,13.7767650462963,29.227745168256));
#2545=CARTESIAN_POINT('Ctrl Pts',(19.8712341896911,15.1541687495262,30.9039154188167));
#2546=CARTESIAN_POINT('Ctrl Pts',(19.473715096176,15.6696891451246,31.4196131565851));
#2547=CARTESIAN_POINT('Ctrl Pts',(18.6548815585937,16.8710096618736,32.3155800280112));
#2548=CARTESIAN_POINT('Ctrl Pts',(18.1608581732278,17.4370328674477,32.6777122099941));
#2549=CARTESIAN_POINT('Ctrl Pts',(17.7665679480891,18.2301202648525,33.0661618700953));
#2550=CARTESIAN_POINT('Ctrl Pts',(18.806327418384,18.75,20.3928686250462));
#2551=CARTESIAN_POINT('Ctrl Pts',(19.3262071535314,18.2301202648525,20.7394551151445));
#2552=CARTESIAN_POINT('Ctrl Pts',(19.7979529053551,17.7583745130289,21.0759809252669));
#2553=CARTESIAN_POINT('Ctrl Pts',(20.7031975432266,16.8531298751574,21.8971642833324));
#2554=CARTESIAN_POINT('Ctrl Pts',(21.1366964292744,16.4196309891095,22.3818218312756));
#2555=CARTESIAN_POINT('Ctrl Pts',(22.3798227887544,15.1765046296296,24.0579920818363));
#2556=CARTESIAN_POINT('Ctrl Pts',(23.4504246406062,14.1059027777778,26.6428686250462));
#2557=CARTESIAN_POINT('Ctrl Pts',(22.3798227887543,15.1765046296296,29.227745168256));
#2558=CARTESIAN_POINT('Ctrl Pts',(21.1366964292744,16.4196309891095,30.9039154188167));
#2559=CARTESIAN_POINT('Ctrl Pts',(20.7031975432266,16.8531298751574,31.3885729667599));
#2560=CARTESIAN_POINT('Ctrl Pts',(19.7979529053551,17.7583745130289,32.2097563248255));
#2561=CARTESIAN_POINT('Ctrl Pts',(19.3262071535314,18.2301202648525,32.5462821349479));
#2562=CARTESIAN_POINT('Ctrl Pts',(18.806327418384,18.75,32.8928686250462));
#2563=CARTESIAN_POINT('',(0.,0.,0.));
#2564=UNCERTAINTY_MEASURE_WITH_UNIT(LENGTH_MEASURE(0.01),#2568,
'DISTANCE_ACCURACY_VALUE',
'Maximum model space distance between geometric entities at asserted c
onnectivities');
#2565=UNCERTAINTY_MEASURE_WITH_UNIT(LENGTH_MEASURE(0.01),#2568,
'DISTANCE_ACCURACY_VALUE',
'Maximum model space distance between geometric entities at asserted c
onnectivities');
#2566=(
GEOMETRIC_REPRESENTATION_CONTEXT(3)
GLOBAL_UNCERTAINTY_ASSIGNED_CONTEXT((#2564))
GLOBAL_UNIT_ASSIGNED_CONTEXT((#2568,#2570,#2571))
REPRESENTATION_CONTEXT('','3D')
);
#2567=(
GEOMETRIC_REPRESENTATION_CONTEXT(3)
GLOBAL_UNCERTAINTY_ASSIGNED_CONTEXT((#2565))
GLOBAL_UNIT_ASSIGNED_CONTEXT((#2568,#2570,#2571))
REPRESENTATION_CONTEXT('','3D')
);
#2568=(
LENGTH_UNIT()
NAMED_UNIT(*)
SI_UNIT(.MILLI.,.METRE.)
);
#2569=(
LENGTH_UNIT()
NAMED_UNIT(*)
SI_UNIT(.CENTI.,.METRE.)
);
#2570=(
NAMED_UNIT(*)
PLANE_ANGLE_UNIT()
SI_UNIT($,.RADIAN.)
);
#2571=(
NAMED_UNIT(*)
SI_UNIT($,.STERADIAN.)
SOLID_ANGLE_UNIT()
);
#2572=SHAPE_DEFINITION_REPRESENTATION(#2573,#2574);
#2573=PRODUCT_DEFINITION_SHAPE('',$,#2576);
#2574=SHAPE_REPRESENTATION('',(#203),#2566);
#2575=PRODUCT_DEFINITION_CONTEXT('part definition',#2580,'design');
#2576=PRODUCT_DEFINITION('Part6','Part6',#2577,#2575);
#2577=PRODUCT_DEFINITION_FORMATION('',$,#2582);
#2578=PRODUCT_RELATED_PRODUCT_CATEGORY('Part6','Part6',(#2582));
#2579=APPLICATION_PROTOCOL_DEFINITION('international standard',
'automotive_design',2009,#2580);
#2580=APPLICATION_CONTEXT(
'Core Data for Automotive Mechanical Design Process');
#2581=PRODUCT_CONTEXT('part definition',#2580,'mechanical');
#2582=PRODUCT('Part6','Part6',$,(#2581));
#2583=PRESENTATION_STYLE_ASSIGNMENT((#2585));
#2584=PRESENTATION_STYLE_ASSIGNMENT((#2586));
#2585=SURFACE_STYLE_USAGE(.BOTH.,#2589);
#2586=SURFACE_STYLE_USAGE(.BOTH.,#2590);
#2587=SURFACE_STYLE_RENDERING_WITH_PROPERTIES($,#2597,(#2588));
#2588=SURFACE_STYLE_TRANSPARENT(0.);
#2589=SURFACE_SIDE_STYLE('',(#2591,#2587));
#2590=SURFACE_SIDE_STYLE('',(#2592));
#2591=SURFACE_STYLE_FILL_AREA(#2593);
#2592=SURFACE_STYLE_FILL_AREA(#2594);
#2593=FILL_AREA_STYLE('',(#2595));
#2594=FILL_AREA_STYLE('',(#2596));
#2595=FILL_AREA_STYLE_COLOUR('',#2597);
#2596=FILL_AREA_STYLE_COLOUR('',#2598);
#2597=COLOUR_RGB('',0.749019607843137,0.749019607843137,0.749019607843137);
#2598=COLOUR_RGB('',0.913725490196078,0.913725490196078,0.);
ENDSEC;
END-ISO-10303-21;
