ISO-10303-21;
HEADER;
/* Generated by software containing ST-Developer
 * from STEP Tools, Inc. (www.steptools.com) 
 */

FILE_DESCRIPTION(
/* description */ (''),
/* implementation_level */ '2;1');

FILE_NAME(
/* name */ 'part7.stp',
/* time_stamp */ '2026-04-27T21:08:40+03:00',
/* author */ ('ASUS'),
/* organization */ (''),
/* preprocessor_version */ 'ST-DEVELOPER v20.1',
/* originating_system */ 'Autodesk Inventor 2026',
/* authorisation */ '');

FILE_SCHEMA (('AUTOMOTIVE_DESIGN { 1 0 10303 214 3 1 1 }'));
ENDSEC;

DATA;
#10=MECHANICAL_DESIGN_GEOMETRIC_PRESENTATION_REPRESENTATION('',(#30,#31,
#32,#33,#34,#35,#36,#37,#38,#39,#40,#41,#42,#43,#44),#2683);
#11=GEOMETRICALLY_BOUNDED_WIREFRAME_SHAPE_REPRESENTATION('',(#12),#2682);
#12=GEOMETRIC_CURVE_SET('3D Sketch1',(#16,#17,#18,#19,#20,#21,#22,#23,#24,
#25,#26,#27,#28,#29));
#13=SHAPE_REPRESENTATION_RELATIONSHIP('SRR','None',#2690,#15);
#14=SHAPE_REPRESENTATION_RELATIONSHIP('SRR','None',#2690,#11);
#15=ADVANCED_BREP_SHAPE_REPRESENTATION('',(#45),#2682);
#16=POLYLINE('',(#2652,#2653));
#17=POLYLINE('',(#2654,#2655));
#18=POLYLINE('',(#2656,#2657));
#19=POLYLINE('',(#2658,#2659));
#20=POLYLINE('',(#2660,#2661));
#21=POLYLINE('',(#2662,#2663));
#22=POLYLINE('',(#2664,#2665));
#23=POLYLINE('',(#2666,#2667));
#24=POLYLINE('',(#2668,#2669));
#25=POLYLINE('',(#2670,#2671));
#26=POLYLINE('',(#2672,#2673));
#27=POLYLINE('',(#2674,#2675));
#28=POLYLINE('',(#2676,#2677));
#29=POLYLINE('',(#2678,#2679));
#30=STYLED_ITEM('',(#2699),#45);
#31=STYLED_ITEM('',(#2700),#16);
#32=STYLED_ITEM('',(#2700),#17);
#33=STYLED_ITEM('',(#2700),#18);
#34=STYLED_ITEM('',(#2700),#19);
#35=STYLED_ITEM('',(#2700),#20);
#36=STYLED_ITEM('',(#2700),#21);
#37=STYLED_ITEM('',(#2700),#22);
#38=STYLED_ITEM('',(#2700),#23);
#39=STYLED_ITEM('',(#2700),#24);
#40=STYLED_ITEM('',(#2700),#25);
#41=STYLED_ITEM('',(#2700),#26);
#42=STYLED_ITEM('',(#2700),#27);
#43=STYLED_ITEM('',(#2700),#28);
#44=STYLED_ITEM('',(#2700),#29);
#45=MANIFOLD_SOLID_BREP('Solid1',#1482);
#46=TOROIDAL_SURFACE('',#1620,50.8,25.4);
#47=TOROIDAL_SURFACE('',#1621,50.8,25.4);
#48=TOROIDAL_SURFACE('',#1622,50.8,25.4);
#49=TOROIDAL_SURFACE('',#1623,50.8,25.4);
#50=TOROIDAL_SURFACE('',#1626,50.8,25.4);
#51=TOROIDAL_SURFACE('',#1627,50.8,25.4);
#52=TOROIDAL_SURFACE('',#1629,50.8,25.4);
#53=TOROIDAL_SURFACE('',#1630,50.8,25.4);
#54=TOROIDAL_SURFACE('',#1707,50.8,25.4);
#55=TOROIDAL_SURFACE('',#1708,50.8,25.4);
#56=TOROIDAL_SURFACE('',#1709,50.8,25.4);
#57=TOROIDAL_SURFACE('',#1710,50.8,25.4);
#58=TOROIDAL_SURFACE('',#1711,50.8,25.4);
#59=TOROIDAL_SURFACE('',#1712,50.8,25.4);
#60=TOROIDAL_SURFACE('',#1713,50.8,25.4);
#61=TOROIDAL_SURFACE('',#1714,50.8,25.4);
#62=SPHERICAL_SURFACE('',#1617,25.4);
#63=SPHERICAL_SURFACE('',#1618,25.4);
#64=SPHERICAL_SURFACE('',#1619,25.4);
#65=SPHERICAL_SURFACE('',#1624,25.4);
#66=SPHERICAL_SURFACE('',#1625,25.4);
#67=SPHERICAL_SURFACE('',#1628,25.4);
#68=SPHERICAL_SURFACE('',#1631,25.4);
#69=SPHERICAL_SURFACE('',#1635,25.4);
#70=SPHERICAL_SURFACE('',#1639,25.4);
#71=SPHERICAL_SURFACE('',#1640,25.4);
#72=SPHERICAL_SURFACE('',#1647,25.4);
#73=SPHERICAL_SURFACE('',#1651,25.4);
#74=SPHERICAL_SURFACE('',#1664,25.4);
#75=SPHERICAL_SURFACE('',#1668,25.4);
#76=SPHERICAL_SURFACE('',#1669,25.4);
#77=SPHERICAL_SURFACE('',#1670,25.4);
#78=CYLINDRICAL_SURFACE('',#1539,25.4);
#79=CYLINDRICAL_SURFACE('',#1542,25.4);
#80=CYLINDRICAL_SURFACE('',#1545,25.4);
#81=CYLINDRICAL_SURFACE('',#1548,25.4);
#82=CYLINDRICAL_SURFACE('',#1551,25.4);
#83=CYLINDRICAL_SURFACE('',#1554,25.4);
#84=CYLINDRICAL_SURFACE('',#1557,25.4);
#85=CYLINDRICAL_SURFACE('',#1560,25.4);
#86=CYLINDRICAL_SURFACE('',#1563,25.4);
#87=CYLINDRICAL_SURFACE('',#1566,25.4);
#88=CYLINDRICAL_SURFACE('',#1569,25.4);
#89=CYLINDRICAL_SURFACE('',#1572,25.4);
#90=CYLINDRICAL_SURFACE('',#1575,25.4);
#91=CYLINDRICAL_SURFACE('',#1578,25.4);
#92=CYLINDRICAL_SURFACE('',#1581,25.4);
#93=CYLINDRICAL_SURFACE('',#1584,25.4);
#94=CYLINDRICAL_SURFACE('',#1587,25.4);
#95=CYLINDRICAL_SURFACE('',#1590,25.4);
#96=CYLINDRICAL_SURFACE('',#1593,25.4);
#97=CYLINDRICAL_SURFACE('',#1596,25.4);
#98=CYLINDRICAL_SURFACE('',#1599,25.4);
#99=CYLINDRICAL_SURFACE('',#1602,25.4);
#100=CYLINDRICAL_SURFACE('',#1605,25.4);
#101=CYLINDRICAL_SURFACE('',#1608,25.4);
#102=CYLINDRICAL_SURFACE('',#1611,25.4);
#103=CYLINDRICAL_SURFACE('',#1614,25.4);
#104=CYLINDRICAL_SURFACE('',#1633,25.4);
#105=CYLINDRICAL_SURFACE('',#1637,25.4);
#106=CYLINDRICAL_SURFACE('',#1642,25.4);
#107=CYLINDRICAL_SURFACE('',#1644,25.4);
#108=CYLINDRICAL_SURFACE('',#1649,25.4);
#109=CYLINDRICAL_SURFACE('',#1653,25.4);
#110=CYLINDRICAL_SURFACE('',#1655,25.4);
#111=CYLINDRICAL_SURFACE('',#1658,25.4);
#112=CYLINDRICAL_SURFACE('',#1661,25.4);
#113=CYLINDRICAL_SURFACE('',#1666,25.4);
#114=CYLINDRICAL_SURFACE('',#1671,25.4);
#115=CYLINDRICAL_SURFACE('',#1674,25.4);
#116=CYLINDRICAL_SURFACE('',#1677,25.4);
#117=CYLINDRICAL_SURFACE('',#1680,25.4);
#118=CYLINDRICAL_SURFACE('',#1683,25.4);
#119=CYLINDRICAL_SURFACE('',#1686,25.4);
#120=CYLINDRICAL_SURFACE('',#1689,25.4);
#121=CYLINDRICAL_SURFACE('',#1692,25.4);
#122=CYLINDRICAL_SURFACE('',#1695,25.4);
#123=CYLINDRICAL_SURFACE('',#1698,25.4);
#124=CYLINDRICAL_SURFACE('',#1701,25.4);
#125=CYLINDRICAL_SURFACE('',#1704,25.4);
#126=FACE_BOUND('',#227,.T.);
#127=FACE_BOUND('',#229,.T.);
#128=FACE_OUTER_BOUND('',#226,.T.);
#129=FACE_OUTER_BOUND('',#228,.T.);
#130=FACE_OUTER_BOUND('',#230,.T.);
#131=FACE_OUTER_BOUND('',#231,.T.);
#132=FACE_OUTER_BOUND('',#232,.T.);
#133=FACE_OUTER_BOUND('',#233,.T.);
#134=FACE_OUTER_BOUND('',#234,.T.);
#135=FACE_OUTER_BOUND('',#235,.T.);
#136=FACE_OUTER_BOUND('',#236,.T.);
#137=FACE_OUTER_BOUND('',#237,.T.);
#138=FACE_OUTER_BOUND('',#238,.T.);
#139=FACE_OUTER_BOUND('',#239,.T.);
#140=FACE_OUTER_BOUND('',#240,.T.);
#141=FACE_OUTER_BOUND('',#241,.T.);
#142=FACE_OUTER_BOUND('',#242,.T.);
#143=FACE_OUTER_BOUND('',#243,.T.);
#144=FACE_OUTER_BOUND('',#244,.T.);
#145=FACE_OUTER_BOUND('',#245,.T.);
#146=FACE_OUTER_BOUND('',#246,.T.);
#147=FACE_OUTER_BOUND('',#247,.T.);
#148=FACE_OUTER_BOUND('',#248,.T.);
#149=FACE_OUTER_BOUND('',#249,.T.);
#150=FACE_OUTER_BOUND('',#250,.T.);
#151=FACE_OUTER_BOUND('',#251,.T.);
#152=FACE_OUTER_BOUND('',#252,.T.);
#153=FACE_OUTER_BOUND('',#253,.T.);
#154=FACE_OUTER_BOUND('',#254,.T.);
#155=FACE_OUTER_BOUND('',#255,.T.);
#156=FACE_OUTER_BOUND('',#256,.T.);
#157=FACE_OUTER_BOUND('',#257,.T.);
#158=FACE_OUTER_BOUND('',#258,.T.);
#159=FACE_OUTER_BOUND('',#259,.T.);
#160=FACE_OUTER_BOUND('',#260,.T.);
#161=FACE_OUTER_BOUND('',#261,.T.);
#162=FACE_OUTER_BOUND('',#262,.T.);
#163=FACE_OUTER_BOUND('',#263,.T.);
#164=FACE_OUTER_BOUND('',#264,.T.);
#165=FACE_OUTER_BOUND('',#265,.T.);
#166=FACE_OUTER_BOUND('',#266,.T.);
#167=FACE_OUTER_BOUND('',#267,.T.);
#168=FACE_OUTER_BOUND('',#268,.T.);
#169=FACE_OUTER_BOUND('',#269,.T.);
#170=FACE_OUTER_BOUND('',#270,.T.);
#171=FACE_OUTER_BOUND('',#271,.T.);
#172=FACE_OUTER_BOUND('',#272,.T.);
#173=FACE_OUTER_BOUND('',#273,.T.);
#174=FACE_OUTER_BOUND('',#274,.T.);
#175=FACE_OUTER_BOUND('',#275,.T.);
#176=FACE_OUTER_BOUND('',#276,.T.);
#177=FACE_OUTER_BOUND('',#277,.T.);
#178=FACE_OUTER_BOUND('',#278,.T.);
#179=FACE_OUTER_BOUND('',#279,.T.);
#180=FACE_OUTER_BOUND('',#280,.T.);
#181=FACE_OUTER_BOUND('',#281,.T.);
#182=FACE_OUTER_BOUND('',#282,.T.);
#183=FACE_OUTER_BOUND('',#283,.T.);
#184=FACE_OUTER_BOUND('',#284,.T.);
#185=FACE_OUTER_BOUND('',#285,.T.);
#186=FACE_OUTER_BOUND('',#286,.T.);
#187=FACE_OUTER_BOUND('',#287,.T.);
#188=FACE_OUTER_BOUND('',#288,.T.);
#189=FACE_OUTER_BOUND('',#289,.T.);
#190=FACE_OUTER_BOUND('',#290,.T.);
#191=FACE_OUTER_BOUND('',#291,.T.);
#192=FACE_OUTER_BOUND('',#292,.T.);
#193=FACE_OUTER_BOUND('',#293,.T.);
#194=FACE_OUTER_BOUND('',#294,.T.);
#195=FACE_OUTER_BOUND('',#295,.T.);
#196=FACE_OUTER_BOUND('',#296,.T.);
#197=FACE_OUTER_BOUND('',#297,.T.);
#198=FACE_OUTER_BOUND('',#298,.T.);
#199=FACE_OUTER_BOUND('',#299,.T.);
#200=FACE_OUTER_BOUND('',#300,.T.);
#201=FACE_OUTER_BOUND('',#301,.T.);
#202=FACE_OUTER_BOUND('',#302,.T.);
#203=FACE_OUTER_BOUND('',#303,.T.);
#204=FACE_OUTER_BOUND('',#304,.T.);
#205=FACE_OUTER_BOUND('',#305,.T.);
#206=FACE_OUTER_BOUND('',#306,.T.);
#207=FACE_OUTER_BOUND('',#307,.T.);
#208=FACE_OUTER_BOUND('',#308,.T.);
#209=FACE_OUTER_BOUND('',#309,.T.);
#210=FACE_OUTER_BOUND('',#310,.T.);
#211=FACE_OUTER_BOUND('',#311,.T.);
#212=FACE_OUTER_BOUND('',#312,.T.);
#213=FACE_OUTER_BOUND('',#313,.T.);
#214=FACE_OUTER_BOUND('',#314,.T.);
#215=FACE_OUTER_BOUND('',#315,.T.);
#216=FACE_OUTER_BOUND('',#316,.T.);
#217=FACE_OUTER_BOUND('',#317,.T.);
#218=FACE_OUTER_BOUND('',#318,.T.);
#219=FACE_OUTER_BOUND('',#319,.T.);
#220=FACE_OUTER_BOUND('',#320,.T.);
#221=FACE_OUTER_BOUND('',#321,.T.);
#222=FACE_OUTER_BOUND('',#322,.T.);
#223=FACE_OUTER_BOUND('',#323,.T.);
#224=FACE_OUTER_BOUND('',#324,.T.);
#225=FACE_OUTER_BOUND('',#325,.T.);
#226=EDGE_LOOP('',(#950,#951,#952,#953,#954,#955,#956,#957,#958,#959,#960,
#961,#962,#963,#964,#965));
#227=EDGE_LOOP('',(#966,#967,#968,#969,#970,#971,#972,#973));
#228=EDGE_LOOP('',(#974,#975,#976,#977,#978,#979,#980,#981,#982,#983,#984,
#985,#986,#987,#988,#989));
#229=EDGE_LOOP('',(#990,#991,#992,#993,#994,#995,#996,#997));
#230=EDGE_LOOP('',(#998,#999,#1000,#1001));
#231=EDGE_LOOP('',(#1002,#1003,#1004,#1005));
#232=EDGE_LOOP('',(#1006,#1007,#1008,#1009));
#233=EDGE_LOOP('',(#1010,#1011,#1012,#1013));
#234=EDGE_LOOP('',(#1014,#1015,#1016,#1017));
#235=EDGE_LOOP('',(#1018,#1019,#1020,#1021));
#236=EDGE_LOOP('',(#1022,#1023,#1024,#1025));
#237=EDGE_LOOP('',(#1026,#1027,#1028,#1029));
#238=EDGE_LOOP('',(#1030,#1031,#1032,#1033));
#239=EDGE_LOOP('',(#1034,#1035,#1036,#1037));
#240=EDGE_LOOP('',(#1038,#1039,#1040,#1041));
#241=EDGE_LOOP('',(#1042,#1043,#1044,#1045));
#242=EDGE_LOOP('',(#1046,#1047,#1048,#1049));
#243=EDGE_LOOP('',(#1050,#1051,#1052,#1053));
#244=EDGE_LOOP('',(#1054,#1055,#1056,#1057));
#245=EDGE_LOOP('',(#1058,#1059,#1060,#1061));
#246=EDGE_LOOP('',(#1062,#1063,#1064,#1065));
#247=EDGE_LOOP('',(#1066,#1067,#1068,#1069));
#248=EDGE_LOOP('',(#1070,#1071,#1072,#1073));
#249=EDGE_LOOP('',(#1074,#1075,#1076,#1077));
#250=EDGE_LOOP('',(#1078,#1079,#1080,#1081));
#251=EDGE_LOOP('',(#1082,#1083,#1084,#1085));
#252=EDGE_LOOP('',(#1086,#1087,#1088,#1089));
#253=EDGE_LOOP('',(#1090,#1091,#1092,#1093));
#254=EDGE_LOOP('',(#1094,#1095,#1096,#1097));
#255=EDGE_LOOP('',(#1098,#1099,#1100,#1101));
#256=EDGE_LOOP('',(#1102,#1103,#1104,#1105));
#257=EDGE_LOOP('',(#1106,#1107,#1108,#1109));
#258=EDGE_LOOP('',(#1110,#1111,#1112,#1113));
#259=EDGE_LOOP('',(#1114,#1115,#1116,#1117));
#260=EDGE_LOOP('',(#1118,#1119,#1120,#1121));
#261=EDGE_LOOP('',(#1122,#1123,#1124,#1125));
#262=EDGE_LOOP('',(#1126,#1127,#1128,#1129));
#263=EDGE_LOOP('',(#1130,#1131,#1132,#1133));
#264=EDGE_LOOP('',(#1134,#1135,#1136,#1137));
#265=EDGE_LOOP('',(#1138,#1139,#1140,#1141));
#266=EDGE_LOOP('',(#1142,#1143,#1144,#1145));
#267=EDGE_LOOP('',(#1146,#1147,#1148,#1149));
#268=EDGE_LOOP('',(#1150,#1151,#1152,#1153));
#269=EDGE_LOOP('',(#1154,#1155,#1156,#1157));
#270=EDGE_LOOP('',(#1158,#1159,#1160,#1161));
#271=EDGE_LOOP('',(#1162,#1163,#1164,#1165));
#272=EDGE_LOOP('',(#1166,#1167,#1168));
#273=EDGE_LOOP('',(#1169,#1170,#1171));
#274=EDGE_LOOP('',(#1172,#1173,#1174));
#275=EDGE_LOOP('',(#1175,#1176,#1177,#1178));
#276=EDGE_LOOP('',(#1179,#1180,#1181,#1182));
#277=EDGE_LOOP('',(#1183,#1184,#1185,#1186));
#278=EDGE_LOOP('',(#1187,#1188,#1189,#1190));
#279=EDGE_LOOP('',(#1191,#1192,#1193));
#280=EDGE_LOOP('',(#1194,#1195,#1196));
#281=EDGE_LOOP('',(#1197,#1198,#1199,#1200));
#282=EDGE_LOOP('',(#1201,#1202,#1203,#1204));
#283=EDGE_LOOP('',(#1205,#1206,#1207));
#284=EDGE_LOOP('',(#1208,#1209,#1210,#1211));
#285=EDGE_LOOP('',(#1212,#1213,#1214,#1215));
#286=EDGE_LOOP('',(#1216,#1217,#1218));
#287=EDGE_LOOP('',(#1219,#1220,#1221,#1222));
#288=EDGE_LOOP('',(#1223,#1224,#1225));
#289=EDGE_LOOP('',(#1226,#1227,#1228,#1229));
#290=EDGE_LOOP('',(#1230,#1231,#1232));
#291=EDGE_LOOP('',(#1233,#1234,#1235));
#292=EDGE_LOOP('',(#1236,#1237,#1238,#1239));
#293=EDGE_LOOP('',(#1240,#1241,#1242,#1243));
#294=EDGE_LOOP('',(#1244,#1245,#1246));
#295=EDGE_LOOP('',(#1247,#1248,#1249,#1250));
#296=EDGE_LOOP('',(#1251,#1252,#1253));
#297=EDGE_LOOP('',(#1254,#1255,#1256,#1257));
#298=EDGE_LOOP('',(#1258,#1259,#1260,#1261));
#299=EDGE_LOOP('',(#1262,#1263,#1264,#1265));
#300=EDGE_LOOP('',(#1266,#1267,#1268,#1269));
#301=EDGE_LOOP('',(#1270,#1271,#1272));
#302=EDGE_LOOP('',(#1273,#1274,#1275,#1276));
#303=EDGE_LOOP('',(#1277,#1278,#1279));
#304=EDGE_LOOP('',(#1280,#1281,#1282));
#305=EDGE_LOOP('',(#1283,#1284,#1285));
#306=EDGE_LOOP('',(#1286,#1287,#1288,#1289));
#307=EDGE_LOOP('',(#1290,#1291,#1292,#1293));
#308=EDGE_LOOP('',(#1294,#1295,#1296,#1297));
#309=EDGE_LOOP('',(#1298,#1299,#1300,#1301));
#310=EDGE_LOOP('',(#1302,#1303,#1304,#1305));
#311=EDGE_LOOP('',(#1306,#1307,#1308,#1309));
#312=EDGE_LOOP('',(#1310,#1311,#1312,#1313));
#313=EDGE_LOOP('',(#1314,#1315,#1316,#1317));
#314=EDGE_LOOP('',(#1318,#1319,#1320,#1321));
#315=EDGE_LOOP('',(#1322,#1323,#1324,#1325));
#316=EDGE_LOOP('',(#1326,#1327,#1328,#1329));
#317=EDGE_LOOP('',(#1330,#1331,#1332,#1333));
#318=EDGE_LOOP('',(#1334,#1335,#1336,#1337));
#319=EDGE_LOOP('',(#1338,#1339,#1340,#1341));
#320=EDGE_LOOP('',(#1342,#1343,#1344,#1345));
#321=EDGE_LOOP('',(#1346,#1347,#1348,#1349));
#322=EDGE_LOOP('',(#1350,#1351,#1352,#1353));
#323=EDGE_LOOP('',(#1354,#1355,#1356,#1357));
#324=EDGE_LOOP('',(#1358,#1359,#1360,#1361));
#325=EDGE_LOOP('',(#1362,#1363,#1364,#1365));
#326=CIRCLE('',#1506,50.8);
#327=CIRCLE('',#1507,50.8);
#328=CIRCLE('',#1508,50.8);
#329=CIRCLE('',#1509,50.8);
#330=CIRCLE('',#1510,50.8);
#331=CIRCLE('',#1511,50.8);
#332=CIRCLE('',#1512,50.8);
#333=CIRCLE('',#1513,50.8);
#334=CIRCLE('',#1515,50.8);
#335=CIRCLE('',#1516,50.8);
#336=CIRCLE('',#1517,50.8);
#337=CIRCLE('',#1518,50.8);
#338=CIRCLE('',#1519,50.8);
#339=CIRCLE('',#1520,50.8);
#340=CIRCLE('',#1521,50.8);
#341=CIRCLE('',#1522,50.8);
#342=CIRCLE('',#1540,25.4);
#343=CIRCLE('',#1541,25.4);
#344=CIRCLE('',#1543,25.4);
#345=CIRCLE('',#1544,25.4);
#346=CIRCLE('',#1546,25.4);
#347=CIRCLE('',#1547,25.4);
#348=CIRCLE('',#1549,25.4);
#349=CIRCLE('',#1550,25.4);
#350=CIRCLE('',#1552,25.4);
#351=CIRCLE('',#1553,25.4);
#352=CIRCLE('',#1555,25.4);
#353=CIRCLE('',#1556,25.4);
#354=CIRCLE('',#1558,25.4);
#355=CIRCLE('',#1559,25.4);
#356=CIRCLE('',#1561,25.4);
#357=CIRCLE('',#1562,25.4);
#358=CIRCLE('',#1564,25.4);
#359=CIRCLE('',#1565,25.4);
#360=CIRCLE('',#1567,25.4);
#361=CIRCLE('',#1568,25.4);
#362=CIRCLE('',#1570,25.4);
#363=CIRCLE('',#1571,25.4);
#364=CIRCLE('',#1573,25.4);
#365=CIRCLE('',#1574,25.4);
#366=CIRCLE('',#1576,25.4);
#367=CIRCLE('',#1577,25.4);
#368=CIRCLE('',#1579,25.4);
#369=CIRCLE('',#1580,25.4);
#370=CIRCLE('',#1582,25.4);
#371=CIRCLE('',#1583,25.4);
#372=CIRCLE('',#1585,25.4);
#373=CIRCLE('',#1586,25.4);
#374=CIRCLE('',#1588,25.4);
#375=CIRCLE('',#1589,25.4);
#376=CIRCLE('',#1591,25.4);
#377=CIRCLE('',#1592,25.4);
#378=CIRCLE('',#1594,25.4);
#379=CIRCLE('',#1595,25.4);
#380=CIRCLE('',#1597,25.4);
#381=CIRCLE('',#1598,25.4);
#382=CIRCLE('',#1600,25.4);
#383=CIRCLE('',#1601,25.4);
#384=CIRCLE('',#1603,25.4);
#385=CIRCLE('',#1604,25.4);
#386=CIRCLE('',#1606,25.4);
#387=CIRCLE('',#1607,25.4);
#388=CIRCLE('',#1609,25.4);
#389=CIRCLE('',#1610,25.4);
#390=CIRCLE('',#1612,25.4);
#391=CIRCLE('',#1613,25.4);
#392=CIRCLE('',#1615,25.4);
#393=CIRCLE('',#1616,25.4);
#394=CIRCLE('',#1632,25.4);
#395=CIRCLE('',#1634,25.4);
#396=CIRCLE('',#1636,25.4);
#397=CIRCLE('',#1638,25.4);
#398=CIRCLE('',#1641,25.4);
#399=CIRCLE('',#1643,25.4);
#400=CIRCLE('',#1645,25.4);
#401=CIRCLE('',#1646,25.4);
#402=CIRCLE('',#1648,25.4);
#403=CIRCLE('',#1650,25.4);
#404=CIRCLE('',#1652,25.4);
#405=CIRCLE('',#1654,25.4);
#406=CIRCLE('',#1656,25.4);
#407=CIRCLE('',#1657,25.4);
#408=CIRCLE('',#1659,25.4);
#409=CIRCLE('',#1660,25.4);
#410=CIRCLE('',#1662,25.4);
#411=CIRCLE('',#1663,25.4);
#412=CIRCLE('',#1665,25.4);
#413=CIRCLE('',#1667,25.4);
#414=CIRCLE('',#1672,25.4);
#415=CIRCLE('',#1673,25.4);
#416=CIRCLE('',#1675,25.4);
#417=CIRCLE('',#1676,25.4);
#418=CIRCLE('',#1678,25.4);
#419=CIRCLE('',#1679,25.4);
#420=CIRCLE('',#1681,25.4);
#421=CIRCLE('',#1682,25.4);
#422=CIRCLE('',#1684,25.4);
#423=CIRCLE('',#1685,25.4);
#424=CIRCLE('',#1687,25.4);
#425=CIRCLE('',#1688,25.4);
#426=CIRCLE('',#1690,25.4);
#427=CIRCLE('',#1691,25.4);
#428=CIRCLE('',#1693,25.4);
#429=CIRCLE('',#1694,25.4);
#430=CIRCLE('',#1696,25.4);
#431=CIRCLE('',#1697,25.4);
#432=CIRCLE('',#1699,25.4);
#433=CIRCLE('',#1700,25.4);
#434=CIRCLE('',#1702,25.4);
#435=CIRCLE('',#1703,25.4);
#436=CIRCLE('',#1705,25.4);
#437=CIRCLE('',#1706,25.4);
#438=LINE('',#2237,#534);
#439=LINE('',#2239,#535);
#440=LINE('',#2241,#536);
#441=LINE('',#2243,#537);
#442=LINE('',#2247,#538);
#443=LINE('',#2251,#539);
#444=LINE('',#2253,#540);
#445=LINE('',#2255,#541);
#446=LINE('',#2257,#542);
#447=LINE('',#2259,#543);
#448=LINE('',#2263,#544);
#449=LINE('',#2266,#545);
#450=LINE('',#2269,#546);
#451=LINE('',#2273,#547);
#452=LINE('',#2277,#548);
#453=LINE('',#2281,#549);
#454=LINE('',#2286,#550);
#455=LINE('',#2288,#551);
#456=LINE('',#2290,#552);
#457=LINE('',#2292,#553);
#458=LINE('',#2296,#554);
#459=LINE('',#2300,#555);
#460=LINE('',#2302,#556);
#461=LINE('',#2304,#557);
#462=LINE('',#2306,#558);
#463=LINE('',#2308,#559);
#464=LINE('',#2312,#560);
#465=LINE('',#2315,#561);
#466=LINE('',#2318,#562);
#467=LINE('',#2322,#563);
#468=LINE('',#2326,#564);
#469=LINE('',#2330,#565);
#470=LINE('',#2335,#566);
#471=LINE('',#2337,#567);
#472=LINE('',#2339,#568);
#473=LINE('',#2340,#569);
#474=LINE('',#2344,#570);
#475=LINE('',#2346,#571);
#476=LINE('',#2348,#572);
#477=LINE('',#2349,#573);
#478=LINE('',#2353,#574);
#479=LINE('',#2355,#575);
#480=LINE('',#2357,#576);
#481=LINE('',#2358,#577);
#482=LINE('',#2362,#578);
#483=LINE('',#2364,#579);
#484=LINE('',#2366,#580);
#485=LINE('',#2367,#581);
#486=LINE('',#2371,#582);
#487=LINE('',#2373,#583);
#488=LINE('',#2375,#584);
#489=LINE('',#2376,#585);
#490=LINE('',#2380,#586);
#491=LINE('',#2382,#587);
#492=LINE('',#2384,#588);
#493=LINE('',#2385,#589);
#494=LINE('',#2389,#590);
#495=LINE('',#2391,#591);
#496=LINE('',#2393,#592);
#497=LINE('',#2394,#593);
#498=LINE('',#2398,#594);
#499=LINE('',#2400,#595);
#500=LINE('',#2402,#596);
#501=LINE('',#2403,#597);
#502=LINE('',#2407,#598);
#503=LINE('',#2409,#599);
#504=LINE('',#2411,#600);
#505=LINE('',#2412,#601);
#506=LINE('',#2416,#602);
#507=LINE('',#2418,#603);
#508=LINE('',#2420,#604);
#509=LINE('',#2421,#605);
#510=LINE('',#2425,#606);
#511=LINE('',#2427,#607);
#512=LINE('',#2429,#608);
#513=LINE('',#2430,#609);
#514=LINE('',#2434,#610);
#515=LINE('',#2436,#611);
#516=LINE('',#2438,#612);
#517=LINE('',#2439,#613);
#518=LINE('',#2443,#614);
#519=LINE('',#2445,#615);
#520=LINE('',#2447,#616);
#521=LINE('',#2448,#617);
#522=LINE('',#2452,#618);
#523=LINE('',#2454,#619);
#524=LINE('',#2456,#620);
#525=LINE('',#2457,#621);
#526=LINE('',#2461,#622);
#527=LINE('',#2463,#623);
#528=LINE('',#2465,#624);
#529=LINE('',#2466,#625);
#530=LINE('',#2470,#626);
#531=LINE('',#2472,#627);
#532=LINE('',#2474,#628);
#533=LINE('',#2475,#629);
#534=VECTOR('',#1719,273.822911694511);
#535=VECTOR('',#1720,1981.2);
#536=VECTOR('',#1721,273.822911694511);
#537=VECTOR('',#1722,330.2);
#538=VECTOR('',#1725,457.2);
#539=VECTOR('',#1728,330.2);
#540=VECTOR('',#1729,386.57708830549);
#541=VECTOR('',#1730,1981.2);
#542=VECTOR('',#1731,386.577088305489);
#543=VECTOR('',#1732,330.2);
#544=VECTOR('',#1735,457.2);
#545=VECTOR('',#1738,330.2);
#546=VECTOR('',#1739,711.2);
#547=VECTOR('',#1742,457.2);
#548=VECTOR('',#1745,711.2);
#549=VECTOR('',#1748,457.2);
#550=VECTOR('',#1753,273.822911694511);
#551=VECTOR('',#1754,1981.2);
#552=VECTOR('',#1755,273.822911694511);
#553=VECTOR('',#1756,330.2);
#554=VECTOR('',#1759,457.2);
#555=VECTOR('',#1762,330.2);
#556=VECTOR('',#1763,386.577088305489);
#557=VECTOR('',#1764,1981.2);
#558=VECTOR('',#1765,386.577088305489);
#559=VECTOR('',#1766,330.2);
#560=VECTOR('',#1769,457.2);
#561=VECTOR('',#1772,330.2);
#562=VECTOR('',#1773,711.2);
#563=VECTOR('',#1776,457.2);
#564=VECTOR('',#1779,711.2);
#565=VECTOR('',#1782,457.2);
#566=VECTOR('',#1787,273.822911694511);
#567=VECTOR('',#1788,965.2);
#568=VECTOR('',#1789,273.822911694511);
#569=VECTOR('',#1790,965.2);
#570=VECTOR('',#1793,965.2);
#571=VECTOR('',#1794,1981.2);
#572=VECTOR('',#1795,965.2);
#573=VECTOR('',#1796,1981.2);
#574=VECTOR('',#1799,273.82291169451);
#575=VECTOR('',#1800,965.2);
#576=VECTOR('',#1801,273.822911694511);
#577=VECTOR('',#1802,965.2);
#578=VECTOR('',#1805,330.2);
#579=VECTOR('',#1806,965.2);
#580=VECTOR('',#1807,330.2);
#581=VECTOR('',#1808,965.2);
#582=VECTOR('',#1811,965.2);
#583=VECTOR('',#1812,457.2);
#584=VECTOR('',#1813,965.2);
#585=VECTOR('',#1814,457.2);
#586=VECTOR('',#1817,965.2);
#587=VECTOR('',#1818,330.2);
#588=VECTOR('',#1819,965.2);
#589=VECTOR('',#1820,330.2);
#590=VECTOR('',#1823,386.577088305489);
#591=VECTOR('',#1824,965.2);
#592=VECTOR('',#1825,386.577088305489);
#593=VECTOR('',#1826,965.2);
#594=VECTOR('',#1829,1981.2);
#595=VECTOR('',#1830,965.2);
#596=VECTOR('',#1831,1981.2);
#597=VECTOR('',#1832,965.2);
#598=VECTOR('',#1835,965.2);
#599=VECTOR('',#1836,386.577088305489);
#600=VECTOR('',#1837,965.2);
#601=VECTOR('',#1838,386.577088305489);
#602=VECTOR('',#1841,965.2);
#603=VECTOR('',#1842,330.2);
#604=VECTOR('',#1843,965.2);
#605=VECTOR('',#1844,330.2);
#606=VECTOR('',#1847,965.2);
#607=VECTOR('',#1848,457.2);
#608=VECTOR('',#1849,965.2);
#609=VECTOR('',#1850,457.2);
#610=VECTOR('',#1853,965.2);
#611=VECTOR('',#1854,330.2);
#612=VECTOR('',#1855,965.2);
#613=VECTOR('',#1856,330.2);
#614=VECTOR('',#1859,965.2);
#615=VECTOR('',#1860,711.2);
#616=VECTOR('',#1861,965.2);
#617=VECTOR('',#1862,711.2);
#618=VECTOR('',#1865,965.2);
#619=VECTOR('',#1866,457.2);
#620=VECTOR('',#1867,965.2);
#621=VECTOR('',#1868,457.2);
#622=VECTOR('',#1871,711.2);
#623=VECTOR('',#1872,965.2);
#624=VECTOR('',#1873,711.2);
#625=VECTOR('',#1874,965.2);
#626=VECTOR('',#1877,965.2);
#627=VECTOR('',#1878,457.2);
#628=VECTOR('',#1879,965.2);
#629=VECTOR('',#1880,457.2);
#630=VERTEX_POINT('',#2235);
#631=VERTEX_POINT('',#2236);
#632=VERTEX_POINT('',#2238);
#633=VERTEX_POINT('',#2240);
#634=VERTEX_POINT('',#2242);
#635=VERTEX_POINT('',#2244);
#636=VERTEX_POINT('',#2246);
#637=VERTEX_POINT('',#2248);
#638=VERTEX_POINT('',#2250);
#639=VERTEX_POINT('',#2252);
#640=VERTEX_POINT('',#2254);
#641=VERTEX_POINT('',#2256);
#642=VERTEX_POINT('',#2258);
#643=VERTEX_POINT('',#2260);
#644=VERTEX_POINT('',#2262);
#645=VERTEX_POINT('',#2264);
#646=VERTEX_POINT('',#2267);
#647=VERTEX_POINT('',#2268);
#648=VERTEX_POINT('',#2270);
#649=VERTEX_POINT('',#2272);
#650=VERTEX_POINT('',#2274);
#651=VERTEX_POINT('',#2276);
#652=VERTEX_POINT('',#2278);
#653=VERTEX_POINT('',#2280);
#654=VERTEX_POINT('',#2284);
#655=VERTEX_POINT('',#2285);
#656=VERTEX_POINT('',#2287);
#657=VERTEX_POINT('',#2289);
#658=VERTEX_POINT('',#2291);
#659=VERTEX_POINT('',#2293);
#660=VERTEX_POINT('',#2295);
#661=VERTEX_POINT('',#2297);
#662=VERTEX_POINT('',#2299);
#663=VERTEX_POINT('',#2301);
#664=VERTEX_POINT('',#2303);
#665=VERTEX_POINT('',#2305);
#666=VERTEX_POINT('',#2307);
#667=VERTEX_POINT('',#2309);
#668=VERTEX_POINT('',#2311);
#669=VERTEX_POINT('',#2313);
#670=VERTEX_POINT('',#2316);
#671=VERTEX_POINT('',#2317);
#672=VERTEX_POINT('',#2319);
#673=VERTEX_POINT('',#2321);
#674=VERTEX_POINT('',#2323);
#675=VERTEX_POINT('',#2325);
#676=VERTEX_POINT('',#2327);
#677=VERTEX_POINT('',#2329);
#678=VERTEX_POINT('',#2333);
#679=VERTEX_POINT('',#2334);
#680=VERTEX_POINT('',#2336);
#681=VERTEX_POINT('',#2338);
#682=VERTEX_POINT('',#2342);
#683=VERTEX_POINT('',#2343);
#684=VERTEX_POINT('',#2345);
#685=VERTEX_POINT('',#2347);
#686=VERTEX_POINT('',#2351);
#687=VERTEX_POINT('',#2352);
#688=VERTEX_POINT('',#2354);
#689=VERTEX_POINT('',#2356);
#690=VERTEX_POINT('',#2360);
#691=VERTEX_POINT('',#2361);
#692=VERTEX_POINT('',#2363);
#693=VERTEX_POINT('',#2365);
#694=VERTEX_POINT('',#2369);
#695=VERTEX_POINT('',#2370);
#696=VERTEX_POINT('',#2372);
#697=VERTEX_POINT('',#2374);
#698=VERTEX_POINT('',#2378);
#699=VERTEX_POINT('',#2379);
#700=VERTEX_POINT('',#2381);
#701=VERTEX_POINT('',#2383);
#702=VERTEX_POINT('',#2387);
#703=VERTEX_POINT('',#2388);
#704=VERTEX_POINT('',#2390);
#705=VERTEX_POINT('',#2392);
#706=VERTEX_POINT('',#2396);
#707=VERTEX_POINT('',#2397);
#708=VERTEX_POINT('',#2399);
#709=VERTEX_POINT('',#2401);
#710=VERTEX_POINT('',#2405);
#711=VERTEX_POINT('',#2406);
#712=VERTEX_POINT('',#2408);
#713=VERTEX_POINT('',#2410);
#714=VERTEX_POINT('',#2414);
#715=VERTEX_POINT('',#2415);
#716=VERTEX_POINT('',#2417);
#717=VERTEX_POINT('',#2419);
#718=VERTEX_POINT('',#2423);
#719=VERTEX_POINT('',#2424);
#720=VERTEX_POINT('',#2426);
#721=VERTEX_POINT('',#2428);
#722=VERTEX_POINT('',#2432);
#723=VERTEX_POINT('',#2433);
#724=VERTEX_POINT('',#2435);
#725=VERTEX_POINT('',#2437);
#726=VERTEX_POINT('',#2441);
#727=VERTEX_POINT('',#2442);
#728=VERTEX_POINT('',#2444);
#729=VERTEX_POINT('',#2446);
#730=VERTEX_POINT('',#2450);
#731=VERTEX_POINT('',#2451);
#732=VERTEX_POINT('',#2453);
#733=VERTEX_POINT('',#2455);
#734=VERTEX_POINT('',#2459);
#735=VERTEX_POINT('',#2460);
#736=VERTEX_POINT('',#2462);
#737=VERTEX_POINT('',#2464);
#738=VERTEX_POINT('',#2468);
#739=VERTEX_POINT('',#2469);
#740=VERTEX_POINT('',#2471);
#741=VERTEX_POINT('',#2473);
#742=EDGE_CURVE('',#630,#631,#438,.T.);
#743=EDGE_CURVE('',#631,#632,#439,.T.);
#744=EDGE_CURVE('',#632,#633,#440,.T.);
#745=EDGE_CURVE('',#633,#634,#441,.T.);
#746=EDGE_CURVE('',#634,#635,#326,.T.);
#747=EDGE_CURVE('',#635,#636,#442,.T.);
#748=EDGE_CURVE('',#636,#637,#327,.T.);
#749=EDGE_CURVE('',#637,#638,#443,.T.);
#750=EDGE_CURVE('',#638,#639,#444,.T.);
#751=EDGE_CURVE('',#639,#640,#445,.T.);
#752=EDGE_CURVE('',#640,#641,#446,.T.);
#753=EDGE_CURVE('',#641,#642,#447,.T.);
#754=EDGE_CURVE('',#642,#643,#328,.T.);
#755=EDGE_CURVE('',#643,#644,#448,.T.);
#756=EDGE_CURVE('',#644,#645,#329,.T.);
#757=EDGE_CURVE('',#645,#630,#449,.T.);
#758=EDGE_CURVE('',#646,#647,#450,.T.);
#759=EDGE_CURVE('',#647,#648,#330,.T.);
#760=EDGE_CURVE('',#648,#649,#451,.T.);
#761=EDGE_CURVE('',#649,#650,#331,.T.);
#762=EDGE_CURVE('',#650,#651,#452,.T.);
#763=EDGE_CURVE('',#651,#652,#332,.T.);
#764=EDGE_CURVE('',#652,#653,#453,.T.);
#765=EDGE_CURVE('',#653,#646,#333,.T.);
#766=EDGE_CURVE('',#654,#655,#454,.T.);
#767=EDGE_CURVE('',#655,#656,#455,.T.);
#768=EDGE_CURVE('',#656,#657,#456,.T.);
#769=EDGE_CURVE('',#657,#658,#457,.T.);
#770=EDGE_CURVE('',#658,#659,#334,.T.);
#771=EDGE_CURVE('',#659,#660,#458,.T.);
#772=EDGE_CURVE('',#660,#661,#335,.T.);
#773=EDGE_CURVE('',#661,#662,#459,.T.);
#774=EDGE_CURVE('',#662,#663,#460,.T.);
#775=EDGE_CURVE('',#663,#664,#461,.T.);
#776=EDGE_CURVE('',#664,#665,#462,.T.);
#777=EDGE_CURVE('',#665,#666,#463,.T.);
#778=EDGE_CURVE('',#666,#667,#336,.T.);
#779=EDGE_CURVE('',#667,#668,#464,.T.);
#780=EDGE_CURVE('',#668,#669,#337,.T.);
#781=EDGE_CURVE('',#669,#654,#465,.T.);
#782=EDGE_CURVE('',#670,#671,#466,.T.);
#783=EDGE_CURVE('',#671,#672,#338,.T.);
#784=EDGE_CURVE('',#672,#673,#467,.T.);
#785=EDGE_CURVE('',#673,#674,#339,.T.);
#786=EDGE_CURVE('',#674,#675,#468,.T.);
#787=EDGE_CURVE('',#675,#676,#340,.T.);
#788=EDGE_CURVE('',#676,#677,#469,.T.);
#789=EDGE_CURVE('',#677,#670,#341,.T.);
#790=EDGE_CURVE('',#678,#679,#470,.T.);
#791=EDGE_CURVE('',#680,#678,#471,.T.);
#792=EDGE_CURVE('',#681,#680,#472,.T.);
#793=EDGE_CURVE('',#679,#681,#473,.T.);
#794=EDGE_CURVE('',#682,#683,#474,.T.);
#795=EDGE_CURVE('',#684,#683,#475,.T.);
#796=EDGE_CURVE('',#685,#684,#476,.T.);
#797=EDGE_CURVE('',#682,#685,#477,.T.);
#798=EDGE_CURVE('',#686,#687,#478,.T.);
#799=EDGE_CURVE('',#688,#686,#479,.T.);
#800=EDGE_CURVE('',#689,#688,#480,.T.);
#801=EDGE_CURVE('',#689,#687,#481,.T.);
#802=EDGE_CURVE('',#690,#691,#482,.T.);
#803=EDGE_CURVE('',#690,#692,#483,.T.);
#804=EDGE_CURVE('',#693,#692,#484,.T.);
#805=EDGE_CURVE('',#693,#691,#485,.T.);
#806=EDGE_CURVE('',#694,#695,#486,.T.);
#807=EDGE_CURVE('',#696,#694,#487,.T.);
#808=EDGE_CURVE('',#696,#697,#488,.T.);
#809=EDGE_CURVE('',#695,#697,#489,.T.);
#810=EDGE_CURVE('',#698,#699,#490,.T.);
#811=EDGE_CURVE('',#700,#698,#491,.T.);
#812=EDGE_CURVE('',#701,#700,#492,.T.);
#813=EDGE_CURVE('',#699,#701,#493,.T.);
#814=EDGE_CURVE('',#702,#703,#494,.T.);
#815=EDGE_CURVE('',#704,#702,#495,.T.);
#816=EDGE_CURVE('',#705,#704,#496,.T.);
#817=EDGE_CURVE('',#705,#703,#497,.T.);
#818=EDGE_CURVE('',#706,#707,#498,.T.);
#819=EDGE_CURVE('',#708,#706,#499,.T.);
#820=EDGE_CURVE('',#709,#708,#500,.T.);
#821=EDGE_CURVE('',#709,#707,#501,.T.);
#822=EDGE_CURVE('',#710,#711,#502,.T.);
#823=EDGE_CURVE('',#712,#711,#503,.T.);
#824=EDGE_CURVE('',#713,#712,#504,.T.);
#825=EDGE_CURVE('',#710,#713,#505,.T.);
#826=EDGE_CURVE('',#714,#715,#506,.T.);
#827=EDGE_CURVE('',#716,#715,#507,.T.);
#828=EDGE_CURVE('',#716,#717,#508,.T.);
#829=EDGE_CURVE('',#714,#717,#509,.T.);
#830=EDGE_CURVE('',#718,#719,#510,.T.);
#831=EDGE_CURVE('',#720,#718,#511,.T.);
#832=EDGE_CURVE('',#720,#721,#512,.T.);
#833=EDGE_CURVE('',#719,#721,#513,.T.);
#834=EDGE_CURVE('',#722,#723,#514,.T.);
#835=EDGE_CURVE('',#724,#723,#515,.T.);
#836=EDGE_CURVE('',#725,#724,#516,.T.);
#837=EDGE_CURVE('',#722,#725,#517,.T.);
#838=EDGE_CURVE('',#726,#727,#518,.T.);
#839=EDGE_CURVE('',#728,#727,#519,.T.);
#840=EDGE_CURVE('',#729,#728,#520,.T.);
#841=EDGE_CURVE('',#726,#729,#521,.T.);
#842=EDGE_CURVE('',#730,#731,#522,.T.);
#843=EDGE_CURVE('',#732,#730,#523,.T.);
#844=EDGE_CURVE('',#732,#733,#524,.T.);
#845=EDGE_CURVE('',#731,#733,#525,.T.);
#846=EDGE_CURVE('',#734,#735,#526,.T.);
#847=EDGE_CURVE('',#736,#734,#527,.T.);
#848=EDGE_CURVE('',#737,#736,#528,.T.);
#849=EDGE_CURVE('',#737,#735,#529,.T.);
#850=EDGE_CURVE('',#738,#739,#530,.T.);
#851=EDGE_CURVE('',#740,#738,#531,.T.);
#852=EDGE_CURVE('',#740,#741,#532,.T.);
#853=EDGE_CURVE('',#739,#741,#533,.T.);
#854=EDGE_CURVE('',#707,#702,#342,.T.);
#855=EDGE_CURVE('',#704,#709,#343,.T.);
#856=EDGE_CURVE('',#692,#695,#344,.T.);
#857=EDGE_CURVE('',#694,#690,#345,.T.);
#858=EDGE_CURVE('',#697,#700,#346,.T.);
#859=EDGE_CURVE('',#701,#696,#347,.T.);
#860=EDGE_CURVE('',#703,#699,#348,.T.);
#861=EDGE_CURVE('',#698,#705,#349,.T.);
#862=EDGE_CURVE('',#641,#699,#350,.T.);
#863=EDGE_CURVE('',#642,#701,#351,.T.);
#864=EDGE_CURVE('',#696,#643,#352,.T.);
#865=EDGE_CURVE('',#644,#694,#353,.T.);
#866=EDGE_CURVE('',#691,#630,#354,.T.);
#867=EDGE_CURVE('',#690,#645,#355,.T.);
#868=EDGE_CURVE('',#691,#686,#356,.T.);
#869=EDGE_CURVE('',#688,#693,#357,.T.);
#870=EDGE_CURVE('',#656,#689,#358,.T.);
#871=EDGE_CURVE('',#657,#688,#359,.T.);
#872=EDGE_CURVE('',#693,#657,#360,.T.);
#873=EDGE_CURVE('',#658,#692,#361,.T.);
#874=EDGE_CURVE('',#695,#659,#362,.T.);
#875=EDGE_CURVE('',#660,#697,#363,.T.);
#876=EDGE_CURVE('',#700,#661,#364,.T.);
#877=EDGE_CURVE('',#662,#698,#365,.T.);
#878=EDGE_CURVE('',#705,#662,#366,.T.);
#879=EDGE_CURVE('',#663,#704,#367,.T.);
#880=EDGE_CURVE('',#709,#663,#368,.T.);
#881=EDGE_CURVE('',#664,#708,#369,.T.);
#882=EDGE_CURVE('',#723,#654,#370,.T.);
#883=EDGE_CURVE('',#724,#669,#371,.T.);
#884=EDGE_CURVE('',#633,#722,#372,.T.);
#885=EDGE_CURVE('',#634,#725,#373,.T.);
#886=EDGE_CURVE('',#715,#719,#374,.T.);
#887=EDGE_CURVE('',#718,#714,#375,.T.);
#888=EDGE_CURVE('',#713,#716,#376,.T.);
#889=EDGE_CURVE('',#717,#712,#377,.T.);
#890=EDGE_CURVE('',#714,#637,#378,.T.);
#891=EDGE_CURVE('',#638,#717,#379,.T.);
#892=EDGE_CURVE('',#720,#635,#380,.T.);
#893=EDGE_CURVE('',#636,#718,#381,.T.);
#894=EDGE_CURVE('',#721,#724,#382,.T.);
#895=EDGE_CURVE('',#725,#720,#383,.T.);
#896=EDGE_CURVE('',#719,#667,#384,.T.);
#897=EDGE_CURVE('',#668,#721,#385,.T.);
#898=EDGE_CURVE('',#716,#665,#386,.T.);
#899=EDGE_CURVE('',#666,#715,#387,.T.);
#900=EDGE_CURVE('',#710,#664,#388,.T.);
#901=EDGE_CURVE('',#665,#713,#389,.T.);
#902=EDGE_CURVE('',#711,#706,#390,.T.);
#903=EDGE_CURVE('',#708,#710,#391,.T.);
#904=EDGE_CURVE('',#711,#639,#392,.T.);
#905=EDGE_CURVE('',#712,#638,#393,.T.);
#906=EDGE_CURVE('',#641,#703,#394,.T.);
#907=EDGE_CURVE('',#640,#702,#395,.T.);
#908=EDGE_CURVE('',#640,#707,#396,.T.);
#909=EDGE_CURVE('',#639,#706,#397,.T.);
#910=EDGE_CURVE('',#630,#686,#398,.T.);
#911=EDGE_CURVE('',#631,#687,#399,.T.);
#912=EDGE_CURVE('',#655,#679,#400,.T.);
#913=EDGE_CURVE('',#654,#678,#401,.T.);
#914=EDGE_CURVE('',#723,#678,#402,.T.);
#915=EDGE_CURVE('',#722,#680,#403,.T.);
#916=EDGE_CURVE('',#633,#680,#404,.T.);
#917=EDGE_CURVE('',#681,#632,#405,.T.);
#918=EDGE_CURVE('',#679,#682,#406,.T.);
#919=EDGE_CURVE('',#683,#681,#407,.T.);
#920=EDGE_CURVE('',#684,#631,#408,.T.);
#921=EDGE_CURVE('',#632,#683,#409,.T.);
#922=EDGE_CURVE('',#682,#655,#410,.T.);
#923=EDGE_CURVE('',#656,#685,#411,.T.);
#924=EDGE_CURVE('',#689,#685,#412,.T.);
#925=EDGE_CURVE('',#687,#684,#413,.T.);
#926=EDGE_CURVE('',#727,#731,#414,.T.);
#927=EDGE_CURVE('',#730,#726,#415,.T.);
#928=EDGE_CURVE('',#671,#735,#416,.T.);
#929=EDGE_CURVE('',#734,#670,#417,.T.);
#930=EDGE_CURVE('',#737,#646,#418,.T.);
#931=EDGE_CURVE('',#647,#736,#419,.T.);
#932=EDGE_CURVE('',#735,#739,#420,.T.);
#933=EDGE_CURVE('',#738,#737,#421,.T.);
#934=EDGE_CURVE('',#739,#672,#422,.T.);
#935=EDGE_CURVE('',#673,#741,#423,.T.);
#936=EDGE_CURVE('',#741,#728,#424,.T.);
#937=EDGE_CURVE('',#729,#740,#425,.T.);
#938=EDGE_CURVE('',#675,#727,#426,.T.);
#939=EDGE_CURVE('',#728,#674,#427,.T.);
#940=EDGE_CURVE('',#677,#733,#428,.T.);
#941=EDGE_CURVE('',#731,#676,#429,.T.);
#942=EDGE_CURVE('',#736,#732,#430,.T.);
#943=EDGE_CURVE('',#733,#734,#431,.T.);
#944=EDGE_CURVE('',#732,#648,#432,.T.);
#945=EDGE_CURVE('',#649,#730,#433,.T.);
#946=EDGE_CURVE('',#726,#650,#434,.T.);
#947=EDGE_CURVE('',#651,#729,#435,.T.);
#948=EDGE_CURVE('',#653,#738,#436,.T.);
#949=EDGE_CURVE('',#740,#652,#437,.T.);
#950=ORIENTED_EDGE('',*,*,#742,.T.);
#951=ORIENTED_EDGE('',*,*,#743,.T.);
#952=ORIENTED_EDGE('',*,*,#744,.T.);
#953=ORIENTED_EDGE('',*,*,#745,.T.);
#954=ORIENTED_EDGE('',*,*,#746,.T.);
#955=ORIENTED_EDGE('',*,*,#747,.T.);
#956=ORIENTED_EDGE('',*,*,#748,.T.);
#957=ORIENTED_EDGE('',*,*,#749,.T.);
#958=ORIENTED_EDGE('',*,*,#750,.T.);
#959=ORIENTED_EDGE('',*,*,#751,.T.);
#960=ORIENTED_EDGE('',*,*,#752,.T.);
#961=ORIENTED_EDGE('',*,*,#753,.T.);
#962=ORIENTED_EDGE('',*,*,#754,.T.);
#963=ORIENTED_EDGE('',*,*,#755,.T.);
#964=ORIENTED_EDGE('',*,*,#756,.T.);
#965=ORIENTED_EDGE('',*,*,#757,.T.);
#966=ORIENTED_EDGE('',*,*,#758,.T.);
#967=ORIENTED_EDGE('',*,*,#759,.T.);
#968=ORIENTED_EDGE('',*,*,#760,.T.);
#969=ORIENTED_EDGE('',*,*,#761,.T.);
#970=ORIENTED_EDGE('',*,*,#762,.T.);
#971=ORIENTED_EDGE('',*,*,#763,.T.);
#972=ORIENTED_EDGE('',*,*,#764,.T.);
#973=ORIENTED_EDGE('',*,*,#765,.T.);
#974=ORIENTED_EDGE('',*,*,#766,.T.);
#975=ORIENTED_EDGE('',*,*,#767,.T.);
#976=ORIENTED_EDGE('',*,*,#768,.T.);
#977=ORIENTED_EDGE('',*,*,#769,.T.);
#978=ORIENTED_EDGE('',*,*,#770,.T.);
#979=ORIENTED_EDGE('',*,*,#771,.T.);
#980=ORIENTED_EDGE('',*,*,#772,.T.);
#981=ORIENTED_EDGE('',*,*,#773,.T.);
#982=ORIENTED_EDGE('',*,*,#774,.T.);
#983=ORIENTED_EDGE('',*,*,#775,.T.);
#984=ORIENTED_EDGE('',*,*,#776,.T.);
#985=ORIENTED_EDGE('',*,*,#777,.T.);
#986=ORIENTED_EDGE('',*,*,#778,.T.);
#987=ORIENTED_EDGE('',*,*,#779,.T.);
#988=ORIENTED_EDGE('',*,*,#780,.T.);
#989=ORIENTED_EDGE('',*,*,#781,.T.);
#990=ORIENTED_EDGE('',*,*,#782,.T.);
#991=ORIENTED_EDGE('',*,*,#783,.T.);
#992=ORIENTED_EDGE('',*,*,#784,.T.);
#993=ORIENTED_EDGE('',*,*,#785,.T.);
#994=ORIENTED_EDGE('',*,*,#786,.T.);
#995=ORIENTED_EDGE('',*,*,#787,.T.);
#996=ORIENTED_EDGE('',*,*,#788,.T.);
#997=ORIENTED_EDGE('',*,*,#789,.T.);
#998=ORIENTED_EDGE('',*,*,#790,.F.);
#999=ORIENTED_EDGE('',*,*,#791,.F.);
#1000=ORIENTED_EDGE('',*,*,#792,.F.);
#1001=ORIENTED_EDGE('',*,*,#793,.F.);
#1002=ORIENTED_EDGE('',*,*,#794,.T.);
#1003=ORIENTED_EDGE('',*,*,#795,.F.);
#1004=ORIENTED_EDGE('',*,*,#796,.F.);
#1005=ORIENTED_EDGE('',*,*,#797,.F.);
#1006=ORIENTED_EDGE('',*,*,#798,.F.);
#1007=ORIENTED_EDGE('',*,*,#799,.F.);
#1008=ORIENTED_EDGE('',*,*,#800,.F.);
#1009=ORIENTED_EDGE('',*,*,#801,.T.);
#1010=ORIENTED_EDGE('',*,*,#802,.F.);
#1011=ORIENTED_EDGE('',*,*,#803,.T.);
#1012=ORIENTED_EDGE('',*,*,#804,.F.);
#1013=ORIENTED_EDGE('',*,*,#805,.T.);
#1014=ORIENTED_EDGE('',*,*,#806,.F.);
#1015=ORIENTED_EDGE('',*,*,#807,.F.);
#1016=ORIENTED_EDGE('',*,*,#808,.T.);
#1017=ORIENTED_EDGE('',*,*,#809,.F.);
#1018=ORIENTED_EDGE('',*,*,#810,.F.);
#1019=ORIENTED_EDGE('',*,*,#811,.F.);
#1020=ORIENTED_EDGE('',*,*,#812,.F.);
#1021=ORIENTED_EDGE('',*,*,#813,.F.);
#1022=ORIENTED_EDGE('',*,*,#814,.F.);
#1023=ORIENTED_EDGE('',*,*,#815,.F.);
#1024=ORIENTED_EDGE('',*,*,#816,.F.);
#1025=ORIENTED_EDGE('',*,*,#817,.T.);
#1026=ORIENTED_EDGE('',*,*,#818,.F.);
#1027=ORIENTED_EDGE('',*,*,#819,.F.);
#1028=ORIENTED_EDGE('',*,*,#820,.F.);
#1029=ORIENTED_EDGE('',*,*,#821,.T.);
#1030=ORIENTED_EDGE('',*,*,#822,.T.);
#1031=ORIENTED_EDGE('',*,*,#823,.F.);
#1032=ORIENTED_EDGE('',*,*,#824,.F.);
#1033=ORIENTED_EDGE('',*,*,#825,.F.);
#1034=ORIENTED_EDGE('',*,*,#826,.T.);
#1035=ORIENTED_EDGE('',*,*,#827,.F.);
#1036=ORIENTED_EDGE('',*,*,#828,.T.);
#1037=ORIENTED_EDGE('',*,*,#829,.F.);
#1038=ORIENTED_EDGE('',*,*,#830,.F.);
#1039=ORIENTED_EDGE('',*,*,#831,.F.);
#1040=ORIENTED_EDGE('',*,*,#832,.T.);
#1041=ORIENTED_EDGE('',*,*,#833,.F.);
#1042=ORIENTED_EDGE('',*,*,#834,.T.);
#1043=ORIENTED_EDGE('',*,*,#835,.F.);
#1044=ORIENTED_EDGE('',*,*,#836,.F.);
#1045=ORIENTED_EDGE('',*,*,#837,.F.);
#1046=ORIENTED_EDGE('',*,*,#838,.T.);
#1047=ORIENTED_EDGE('',*,*,#839,.F.);
#1048=ORIENTED_EDGE('',*,*,#840,.F.);
#1049=ORIENTED_EDGE('',*,*,#841,.F.);
#1050=ORIENTED_EDGE('',*,*,#842,.F.);
#1051=ORIENTED_EDGE('',*,*,#843,.F.);
#1052=ORIENTED_EDGE('',*,*,#844,.T.);
#1053=ORIENTED_EDGE('',*,*,#845,.F.);
#1054=ORIENTED_EDGE('',*,*,#846,.F.);
#1055=ORIENTED_EDGE('',*,*,#847,.F.);
#1056=ORIENTED_EDGE('',*,*,#848,.F.);
#1057=ORIENTED_EDGE('',*,*,#849,.T.);
#1058=ORIENTED_EDGE('',*,*,#850,.F.);
#1059=ORIENTED_EDGE('',*,*,#851,.F.);
#1060=ORIENTED_EDGE('',*,*,#852,.T.);
#1061=ORIENTED_EDGE('',*,*,#853,.F.);
#1062=ORIENTED_EDGE('',*,*,#854,.F.);
#1063=ORIENTED_EDGE('',*,*,#821,.F.);
#1064=ORIENTED_EDGE('',*,*,#855,.F.);
#1065=ORIENTED_EDGE('',*,*,#815,.T.);
#1066=ORIENTED_EDGE('',*,*,#806,.T.);
#1067=ORIENTED_EDGE('',*,*,#856,.F.);
#1068=ORIENTED_EDGE('',*,*,#803,.F.);
#1069=ORIENTED_EDGE('',*,*,#857,.F.);
#1070=ORIENTED_EDGE('',*,*,#812,.T.);
#1071=ORIENTED_EDGE('',*,*,#858,.F.);
#1072=ORIENTED_EDGE('',*,*,#808,.F.);
#1073=ORIENTED_EDGE('',*,*,#859,.F.);
#1074=ORIENTED_EDGE('',*,*,#860,.F.);
#1075=ORIENTED_EDGE('',*,*,#817,.F.);
#1076=ORIENTED_EDGE('',*,*,#861,.F.);
#1077=ORIENTED_EDGE('',*,*,#810,.T.);
#1078=ORIENTED_EDGE('',*,*,#862,.T.);
#1079=ORIENTED_EDGE('',*,*,#813,.T.);
#1080=ORIENTED_EDGE('',*,*,#863,.F.);
#1081=ORIENTED_EDGE('',*,*,#753,.F.);
#1082=ORIENTED_EDGE('',*,*,#755,.F.);
#1083=ORIENTED_EDGE('',*,*,#864,.F.);
#1084=ORIENTED_EDGE('',*,*,#807,.T.);
#1085=ORIENTED_EDGE('',*,*,#865,.F.);
#1086=ORIENTED_EDGE('',*,*,#866,.T.);
#1087=ORIENTED_EDGE('',*,*,#757,.F.);
#1088=ORIENTED_EDGE('',*,*,#867,.F.);
#1089=ORIENTED_EDGE('',*,*,#802,.T.);
#1090=ORIENTED_EDGE('',*,*,#868,.F.);
#1091=ORIENTED_EDGE('',*,*,#805,.F.);
#1092=ORIENTED_EDGE('',*,*,#869,.F.);
#1093=ORIENTED_EDGE('',*,*,#799,.T.);
#1094=ORIENTED_EDGE('',*,*,#870,.T.);
#1095=ORIENTED_EDGE('',*,*,#800,.T.);
#1096=ORIENTED_EDGE('',*,*,#871,.F.);
#1097=ORIENTED_EDGE('',*,*,#768,.F.);
#1098=ORIENTED_EDGE('',*,*,#769,.F.);
#1099=ORIENTED_EDGE('',*,*,#872,.F.);
#1100=ORIENTED_EDGE('',*,*,#804,.T.);
#1101=ORIENTED_EDGE('',*,*,#873,.F.);
#1102=ORIENTED_EDGE('',*,*,#771,.F.);
#1103=ORIENTED_EDGE('',*,*,#874,.F.);
#1104=ORIENTED_EDGE('',*,*,#809,.T.);
#1105=ORIENTED_EDGE('',*,*,#875,.F.);
#1106=ORIENTED_EDGE('',*,*,#773,.F.);
#1107=ORIENTED_EDGE('',*,*,#876,.F.);
#1108=ORIENTED_EDGE('',*,*,#811,.T.);
#1109=ORIENTED_EDGE('',*,*,#877,.F.);
#1110=ORIENTED_EDGE('',*,*,#774,.F.);
#1111=ORIENTED_EDGE('',*,*,#878,.F.);
#1112=ORIENTED_EDGE('',*,*,#816,.T.);
#1113=ORIENTED_EDGE('',*,*,#879,.F.);
#1114=ORIENTED_EDGE('',*,*,#775,.F.);
#1115=ORIENTED_EDGE('',*,*,#880,.F.);
#1116=ORIENTED_EDGE('',*,*,#820,.T.);
#1117=ORIENTED_EDGE('',*,*,#881,.F.);
#1118=ORIENTED_EDGE('',*,*,#882,.T.);
#1119=ORIENTED_EDGE('',*,*,#781,.F.);
#1120=ORIENTED_EDGE('',*,*,#883,.F.);
#1121=ORIENTED_EDGE('',*,*,#835,.T.);
#1122=ORIENTED_EDGE('',*,*,#884,.T.);
#1123=ORIENTED_EDGE('',*,*,#837,.T.);
#1124=ORIENTED_EDGE('',*,*,#885,.F.);
#1125=ORIENTED_EDGE('',*,*,#745,.F.);
#1126=ORIENTED_EDGE('',*,*,#830,.T.);
#1127=ORIENTED_EDGE('',*,*,#886,.F.);
#1128=ORIENTED_EDGE('',*,*,#826,.F.);
#1129=ORIENTED_EDGE('',*,*,#887,.F.);
#1130=ORIENTED_EDGE('',*,*,#828,.F.);
#1131=ORIENTED_EDGE('',*,*,#888,.F.);
#1132=ORIENTED_EDGE('',*,*,#824,.T.);
#1133=ORIENTED_EDGE('',*,*,#889,.F.);
#1134=ORIENTED_EDGE('',*,*,#749,.F.);
#1135=ORIENTED_EDGE('',*,*,#890,.F.);
#1136=ORIENTED_EDGE('',*,*,#829,.T.);
#1137=ORIENTED_EDGE('',*,*,#891,.F.);
#1138=ORIENTED_EDGE('',*,*,#747,.F.);
#1139=ORIENTED_EDGE('',*,*,#892,.F.);
#1140=ORIENTED_EDGE('',*,*,#831,.T.);
#1141=ORIENTED_EDGE('',*,*,#893,.F.);
#1142=ORIENTED_EDGE('',*,*,#836,.T.);
#1143=ORIENTED_EDGE('',*,*,#894,.F.);
#1144=ORIENTED_EDGE('',*,*,#832,.F.);
#1145=ORIENTED_EDGE('',*,*,#895,.F.);
#1146=ORIENTED_EDGE('',*,*,#779,.F.);
#1147=ORIENTED_EDGE('',*,*,#896,.F.);
#1148=ORIENTED_EDGE('',*,*,#833,.T.);
#1149=ORIENTED_EDGE('',*,*,#897,.F.);
#1150=ORIENTED_EDGE('',*,*,#777,.F.);
#1151=ORIENTED_EDGE('',*,*,#898,.F.);
#1152=ORIENTED_EDGE('',*,*,#827,.T.);
#1153=ORIENTED_EDGE('',*,*,#899,.F.);
#1154=ORIENTED_EDGE('',*,*,#776,.F.);
#1155=ORIENTED_EDGE('',*,*,#900,.F.);
#1156=ORIENTED_EDGE('',*,*,#825,.T.);
#1157=ORIENTED_EDGE('',*,*,#901,.F.);
#1158=ORIENTED_EDGE('',*,*,#902,.F.);
#1159=ORIENTED_EDGE('',*,*,#822,.F.);
#1160=ORIENTED_EDGE('',*,*,#903,.F.);
#1161=ORIENTED_EDGE('',*,*,#819,.T.);
#1162=ORIENTED_EDGE('',*,*,#904,.T.);
#1163=ORIENTED_EDGE('',*,*,#750,.F.);
#1164=ORIENTED_EDGE('',*,*,#905,.F.);
#1165=ORIENTED_EDGE('',*,*,#823,.T.);
#1166=ORIENTED_EDGE('',*,*,#905,.T.);
#1167=ORIENTED_EDGE('',*,*,#891,.T.);
#1168=ORIENTED_EDGE('',*,*,#889,.T.);
#1169=ORIENTED_EDGE('',*,*,#903,.T.);
#1170=ORIENTED_EDGE('',*,*,#900,.T.);
#1171=ORIENTED_EDGE('',*,*,#881,.T.);
#1172=ORIENTED_EDGE('',*,*,#901,.T.);
#1173=ORIENTED_EDGE('',*,*,#888,.T.);
#1174=ORIENTED_EDGE('',*,*,#898,.T.);
#1175=ORIENTED_EDGE('',*,*,#778,.F.);
#1176=ORIENTED_EDGE('',*,*,#899,.T.);
#1177=ORIENTED_EDGE('',*,*,#886,.T.);
#1178=ORIENTED_EDGE('',*,*,#896,.T.);
#1179=ORIENTED_EDGE('',*,*,#780,.F.);
#1180=ORIENTED_EDGE('',*,*,#897,.T.);
#1181=ORIENTED_EDGE('',*,*,#894,.T.);
#1182=ORIENTED_EDGE('',*,*,#883,.T.);
#1183=ORIENTED_EDGE('',*,*,#746,.F.);
#1184=ORIENTED_EDGE('',*,*,#885,.T.);
#1185=ORIENTED_EDGE('',*,*,#895,.T.);
#1186=ORIENTED_EDGE('',*,*,#892,.T.);
#1187=ORIENTED_EDGE('',*,*,#748,.F.);
#1188=ORIENTED_EDGE('',*,*,#893,.T.);
#1189=ORIENTED_EDGE('',*,*,#887,.T.);
#1190=ORIENTED_EDGE('',*,*,#890,.T.);
#1191=ORIENTED_EDGE('',*,*,#880,.T.);
#1192=ORIENTED_EDGE('',*,*,#879,.T.);
#1193=ORIENTED_EDGE('',*,*,#855,.T.);
#1194=ORIENTED_EDGE('',*,*,#878,.T.);
#1195=ORIENTED_EDGE('',*,*,#877,.T.);
#1196=ORIENTED_EDGE('',*,*,#861,.T.);
#1197=ORIENTED_EDGE('',*,*,#772,.F.);
#1198=ORIENTED_EDGE('',*,*,#875,.T.);
#1199=ORIENTED_EDGE('',*,*,#858,.T.);
#1200=ORIENTED_EDGE('',*,*,#876,.T.);
#1201=ORIENTED_EDGE('',*,*,#770,.F.);
#1202=ORIENTED_EDGE('',*,*,#873,.T.);
#1203=ORIENTED_EDGE('',*,*,#856,.T.);
#1204=ORIENTED_EDGE('',*,*,#874,.T.);
#1205=ORIENTED_EDGE('',*,*,#872,.T.);
#1206=ORIENTED_EDGE('',*,*,#871,.T.);
#1207=ORIENTED_EDGE('',*,*,#869,.T.);
#1208=ORIENTED_EDGE('',*,*,#756,.F.);
#1209=ORIENTED_EDGE('',*,*,#865,.T.);
#1210=ORIENTED_EDGE('',*,*,#857,.T.);
#1211=ORIENTED_EDGE('',*,*,#867,.T.);
#1212=ORIENTED_EDGE('',*,*,#754,.F.);
#1213=ORIENTED_EDGE('',*,*,#863,.T.);
#1214=ORIENTED_EDGE('',*,*,#859,.T.);
#1215=ORIENTED_EDGE('',*,*,#864,.T.);
#1216=ORIENTED_EDGE('',*,*,#860,.T.);
#1217=ORIENTED_EDGE('',*,*,#862,.F.);
#1218=ORIENTED_EDGE('',*,*,#906,.T.);
#1219=ORIENTED_EDGE('',*,*,#752,.F.);
#1220=ORIENTED_EDGE('',*,*,#907,.T.);
#1221=ORIENTED_EDGE('',*,*,#814,.T.);
#1222=ORIENTED_EDGE('',*,*,#906,.F.);
#1223=ORIENTED_EDGE('',*,*,#854,.T.);
#1224=ORIENTED_EDGE('',*,*,#907,.F.);
#1225=ORIENTED_EDGE('',*,*,#908,.T.);
#1226=ORIENTED_EDGE('',*,*,#751,.F.);
#1227=ORIENTED_EDGE('',*,*,#909,.T.);
#1228=ORIENTED_EDGE('',*,*,#818,.T.);
#1229=ORIENTED_EDGE('',*,*,#908,.F.);
#1230=ORIENTED_EDGE('',*,*,#904,.F.);
#1231=ORIENTED_EDGE('',*,*,#902,.T.);
#1232=ORIENTED_EDGE('',*,*,#909,.F.);
#1233=ORIENTED_EDGE('',*,*,#866,.F.);
#1234=ORIENTED_EDGE('',*,*,#868,.T.);
#1235=ORIENTED_EDGE('',*,*,#910,.F.);
#1236=ORIENTED_EDGE('',*,*,#798,.T.);
#1237=ORIENTED_EDGE('',*,*,#911,.F.);
#1238=ORIENTED_EDGE('',*,*,#742,.F.);
#1239=ORIENTED_EDGE('',*,*,#910,.T.);
#1240=ORIENTED_EDGE('',*,*,#790,.T.);
#1241=ORIENTED_EDGE('',*,*,#912,.F.);
#1242=ORIENTED_EDGE('',*,*,#766,.F.);
#1243=ORIENTED_EDGE('',*,*,#913,.T.);
#1244=ORIENTED_EDGE('',*,*,#882,.F.);
#1245=ORIENTED_EDGE('',*,*,#914,.T.);
#1246=ORIENTED_EDGE('',*,*,#913,.F.);
#1247=ORIENTED_EDGE('',*,*,#834,.F.);
#1248=ORIENTED_EDGE('',*,*,#915,.T.);
#1249=ORIENTED_EDGE('',*,*,#791,.T.);
#1250=ORIENTED_EDGE('',*,*,#914,.F.);
#1251=ORIENTED_EDGE('',*,*,#884,.F.);
#1252=ORIENTED_EDGE('',*,*,#916,.T.);
#1253=ORIENTED_EDGE('',*,*,#915,.F.);
#1254=ORIENTED_EDGE('',*,*,#744,.F.);
#1255=ORIENTED_EDGE('',*,*,#917,.F.);
#1256=ORIENTED_EDGE('',*,*,#792,.T.);
#1257=ORIENTED_EDGE('',*,*,#916,.F.);
#1258=ORIENTED_EDGE('',*,*,#794,.F.);
#1259=ORIENTED_EDGE('',*,*,#918,.F.);
#1260=ORIENTED_EDGE('',*,*,#793,.T.);
#1261=ORIENTED_EDGE('',*,*,#919,.F.);
#1262=ORIENTED_EDGE('',*,*,#743,.F.);
#1263=ORIENTED_EDGE('',*,*,#920,.F.);
#1264=ORIENTED_EDGE('',*,*,#795,.T.);
#1265=ORIENTED_EDGE('',*,*,#921,.F.);
#1266=ORIENTED_EDGE('',*,*,#767,.F.);
#1267=ORIENTED_EDGE('',*,*,#922,.F.);
#1268=ORIENTED_EDGE('',*,*,#797,.T.);
#1269=ORIENTED_EDGE('',*,*,#923,.F.);
#1270=ORIENTED_EDGE('',*,*,#870,.F.);
#1271=ORIENTED_EDGE('',*,*,#923,.T.);
#1272=ORIENTED_EDGE('',*,*,#924,.F.);
#1273=ORIENTED_EDGE('',*,*,#796,.T.);
#1274=ORIENTED_EDGE('',*,*,#925,.F.);
#1275=ORIENTED_EDGE('',*,*,#801,.F.);
#1276=ORIENTED_EDGE('',*,*,#924,.T.);
#1277=ORIENTED_EDGE('',*,*,#925,.T.);
#1278=ORIENTED_EDGE('',*,*,#920,.T.);
#1279=ORIENTED_EDGE('',*,*,#911,.T.);
#1280=ORIENTED_EDGE('',*,*,#922,.T.);
#1281=ORIENTED_EDGE('',*,*,#912,.T.);
#1282=ORIENTED_EDGE('',*,*,#918,.T.);
#1283=ORIENTED_EDGE('',*,*,#921,.T.);
#1284=ORIENTED_EDGE('',*,*,#919,.T.);
#1285=ORIENTED_EDGE('',*,*,#917,.T.);
#1286=ORIENTED_EDGE('',*,*,#842,.T.);
#1287=ORIENTED_EDGE('',*,*,#926,.F.);
#1288=ORIENTED_EDGE('',*,*,#838,.F.);
#1289=ORIENTED_EDGE('',*,*,#927,.F.);
#1290=ORIENTED_EDGE('',*,*,#846,.T.);
#1291=ORIENTED_EDGE('',*,*,#928,.F.);
#1292=ORIENTED_EDGE('',*,*,#782,.F.);
#1293=ORIENTED_EDGE('',*,*,#929,.F.);
#1294=ORIENTED_EDGE('',*,*,#758,.F.);
#1295=ORIENTED_EDGE('',*,*,#930,.F.);
#1296=ORIENTED_EDGE('',*,*,#848,.T.);
#1297=ORIENTED_EDGE('',*,*,#931,.F.);
#1298=ORIENTED_EDGE('',*,*,#850,.T.);
#1299=ORIENTED_EDGE('',*,*,#932,.F.);
#1300=ORIENTED_EDGE('',*,*,#849,.F.);
#1301=ORIENTED_EDGE('',*,*,#933,.F.);
#1302=ORIENTED_EDGE('',*,*,#784,.F.);
#1303=ORIENTED_EDGE('',*,*,#934,.F.);
#1304=ORIENTED_EDGE('',*,*,#853,.T.);
#1305=ORIENTED_EDGE('',*,*,#935,.F.);
#1306=ORIENTED_EDGE('',*,*,#840,.T.);
#1307=ORIENTED_EDGE('',*,*,#936,.F.);
#1308=ORIENTED_EDGE('',*,*,#852,.F.);
#1309=ORIENTED_EDGE('',*,*,#937,.F.);
#1310=ORIENTED_EDGE('',*,*,#839,.T.);
#1311=ORIENTED_EDGE('',*,*,#938,.F.);
#1312=ORIENTED_EDGE('',*,*,#786,.F.);
#1313=ORIENTED_EDGE('',*,*,#939,.F.);
#1314=ORIENTED_EDGE('',*,*,#845,.T.);
#1315=ORIENTED_EDGE('',*,*,#940,.F.);
#1316=ORIENTED_EDGE('',*,*,#788,.F.);
#1317=ORIENTED_EDGE('',*,*,#941,.F.);
#1318=ORIENTED_EDGE('',*,*,#844,.F.);
#1319=ORIENTED_EDGE('',*,*,#942,.F.);
#1320=ORIENTED_EDGE('',*,*,#847,.T.);
#1321=ORIENTED_EDGE('',*,*,#943,.F.);
#1322=ORIENTED_EDGE('',*,*,#760,.F.);
#1323=ORIENTED_EDGE('',*,*,#944,.F.);
#1324=ORIENTED_EDGE('',*,*,#843,.T.);
#1325=ORIENTED_EDGE('',*,*,#945,.F.);
#1326=ORIENTED_EDGE('',*,*,#762,.F.);
#1327=ORIENTED_EDGE('',*,*,#946,.F.);
#1328=ORIENTED_EDGE('',*,*,#841,.T.);
#1329=ORIENTED_EDGE('',*,*,#947,.F.);
#1330=ORIENTED_EDGE('',*,*,#851,.T.);
#1331=ORIENTED_EDGE('',*,*,#948,.F.);
#1332=ORIENTED_EDGE('',*,*,#764,.F.);
#1333=ORIENTED_EDGE('',*,*,#949,.F.);
#1334=ORIENTED_EDGE('',*,*,#763,.F.);
#1335=ORIENTED_EDGE('',*,*,#947,.T.);
#1336=ORIENTED_EDGE('',*,*,#937,.T.);
#1337=ORIENTED_EDGE('',*,*,#949,.T.);
#1338=ORIENTED_EDGE('',*,*,#765,.F.);
#1339=ORIENTED_EDGE('',*,*,#948,.T.);
#1340=ORIENTED_EDGE('',*,*,#933,.T.);
#1341=ORIENTED_EDGE('',*,*,#930,.T.);
#1342=ORIENTED_EDGE('',*,*,#761,.F.);
#1343=ORIENTED_EDGE('',*,*,#945,.T.);
#1344=ORIENTED_EDGE('',*,*,#927,.T.);
#1345=ORIENTED_EDGE('',*,*,#946,.T.);
#1346=ORIENTED_EDGE('',*,*,#759,.F.);
#1347=ORIENTED_EDGE('',*,*,#931,.T.);
#1348=ORIENTED_EDGE('',*,*,#942,.T.);
#1349=ORIENTED_EDGE('',*,*,#944,.T.);
#1350=ORIENTED_EDGE('',*,*,#789,.F.);
#1351=ORIENTED_EDGE('',*,*,#940,.T.);
#1352=ORIENTED_EDGE('',*,*,#943,.T.);
#1353=ORIENTED_EDGE('',*,*,#929,.T.);
#1354=ORIENTED_EDGE('',*,*,#787,.F.);
#1355=ORIENTED_EDGE('',*,*,#938,.T.);
#1356=ORIENTED_EDGE('',*,*,#926,.T.);
#1357=ORIENTED_EDGE('',*,*,#941,.T.);
#1358=ORIENTED_EDGE('',*,*,#785,.F.);
#1359=ORIENTED_EDGE('',*,*,#935,.T.);
#1360=ORIENTED_EDGE('',*,*,#936,.T.);
#1361=ORIENTED_EDGE('',*,*,#939,.T.);
#1362=ORIENTED_EDGE('',*,*,#783,.F.);
#1363=ORIENTED_EDGE('',*,*,#928,.T.);
#1364=ORIENTED_EDGE('',*,*,#932,.T.);
#1365=ORIENTED_EDGE('',*,*,#934,.T.);
#1366=PLANE('',#1505);
#1367=PLANE('',#1514);
#1368=PLANE('',#1523);
#1369=PLANE('',#1524);
#1370=PLANE('',#1525);
#1371=PLANE('',#1526);
#1372=PLANE('',#1527);
#1373=PLANE('',#1528);
#1374=PLANE('',#1529);
#1375=PLANE('',#1530);
#1376=PLANE('',#1531);
#1377=PLANE('',#1532);
#1378=PLANE('',#1533);
#1379=PLANE('',#1534);
#1380=PLANE('',#1535);
#1381=PLANE('',#1536);
#1382=PLANE('',#1537);
#1383=PLANE('',#1538);
#1384=ADVANCED_FACE('',(#128,#126),#1366,.F.);
#1385=ADVANCED_FACE('',(#129,#127),#1367,.T.);
#1386=ADVANCED_FACE('',(#130),#1368,.T.);
#1387=ADVANCED_FACE('',(#131),#1369,.T.);
#1388=ADVANCED_FACE('',(#132),#1370,.T.);
#1389=ADVANCED_FACE('',(#133),#1371,.T.);
#1390=ADVANCED_FACE('',(#134),#1372,.T.);
#1391=ADVANCED_FACE('',(#135),#1373,.T.);
#1392=ADVANCED_FACE('',(#136),#1374,.T.);
#1393=ADVANCED_FACE('',(#137),#1375,.T.);
#1394=ADVANCED_FACE('',(#138),#1376,.T.);
#1395=ADVANCED_FACE('',(#139),#1377,.T.);
#1396=ADVANCED_FACE('',(#140),#1378,.T.);
#1397=ADVANCED_FACE('',(#141),#1379,.T.);
#1398=ADVANCED_FACE('',(#142),#1380,.T.);
#1399=ADVANCED_FACE('',(#143),#1381,.T.);
#1400=ADVANCED_FACE('',(#144),#1382,.T.);
#1401=ADVANCED_FACE('',(#145),#1383,.T.);
#1402=ADVANCED_FACE('',(#146),#78,.T.);
#1403=ADVANCED_FACE('',(#147),#79,.F.);
#1404=ADVANCED_FACE('',(#148),#80,.F.);
#1405=ADVANCED_FACE('',(#149),#81,.T.);
#1406=ADVANCED_FACE('',(#150),#82,.T.);
#1407=ADVANCED_FACE('',(#151),#83,.T.);
#1408=ADVANCED_FACE('',(#152),#84,.T.);
#1409=ADVANCED_FACE('',(#153),#85,.T.);
#1410=ADVANCED_FACE('',(#154),#86,.T.);
#1411=ADVANCED_FACE('',(#155),#87,.T.);
#1412=ADVANCED_FACE('',(#156),#88,.T.);
#1413=ADVANCED_FACE('',(#157),#89,.T.);
#1414=ADVANCED_FACE('',(#158),#90,.T.);
#1415=ADVANCED_FACE('',(#159),#91,.T.);
#1416=ADVANCED_FACE('',(#160),#92,.T.);
#1417=ADVANCED_FACE('',(#161),#93,.T.);
#1418=ADVANCED_FACE('',(#162),#94,.F.);
#1419=ADVANCED_FACE('',(#163),#95,.T.);
#1420=ADVANCED_FACE('',(#164),#96,.T.);
#1421=ADVANCED_FACE('',(#165),#97,.T.);
#1422=ADVANCED_FACE('',(#166),#98,.F.);
#1423=ADVANCED_FACE('',(#167),#99,.T.);
#1424=ADVANCED_FACE('',(#168),#100,.T.);
#1425=ADVANCED_FACE('',(#169),#101,.T.);
#1426=ADVANCED_FACE('',(#170),#102,.T.);
#1427=ADVANCED_FACE('',(#171),#103,.T.);
#1428=ADVANCED_FACE('',(#172),#62,.T.);
#1429=ADVANCED_FACE('',(#173),#63,.T.);
#1430=ADVANCED_FACE('',(#174),#64,.T.);
#1431=ADVANCED_FACE('',(#175),#46,.T.);
#1432=ADVANCED_FACE('',(#176),#47,.T.);
#1433=ADVANCED_FACE('',(#177),#48,.T.);
#1434=ADVANCED_FACE('',(#178),#49,.T.);
#1435=ADVANCED_FACE('',(#179),#65,.T.);
#1436=ADVANCED_FACE('',(#180),#66,.T.);
#1437=ADVANCED_FACE('',(#181),#50,.T.);
#1438=ADVANCED_FACE('',(#182),#51,.T.);
#1439=ADVANCED_FACE('',(#183),#67,.T.);
#1440=ADVANCED_FACE('',(#184),#52,.T.);
#1441=ADVANCED_FACE('',(#185),#53,.T.);
#1442=ADVANCED_FACE('',(#186),#68,.T.);
#1443=ADVANCED_FACE('',(#187),#104,.T.);
#1444=ADVANCED_FACE('',(#188),#69,.T.);
#1445=ADVANCED_FACE('',(#189),#105,.T.);
#1446=ADVANCED_FACE('',(#190),#70,.T.);
#1447=ADVANCED_FACE('',(#191),#71,.T.);
#1448=ADVANCED_FACE('',(#192),#106,.T.);
#1449=ADVANCED_FACE('',(#193),#107,.T.);
#1450=ADVANCED_FACE('',(#194),#72,.T.);
#1451=ADVANCED_FACE('',(#195),#108,.T.);
#1452=ADVANCED_FACE('',(#196),#73,.T.);
#1453=ADVANCED_FACE('',(#197),#109,.T.);
#1454=ADVANCED_FACE('',(#198),#110,.T.);
#1455=ADVANCED_FACE('',(#199),#111,.T.);
#1456=ADVANCED_FACE('',(#200),#112,.T.);
#1457=ADVANCED_FACE('',(#201),#74,.T.);
#1458=ADVANCED_FACE('',(#202),#113,.T.);
#1459=ADVANCED_FACE('',(#203),#75,.T.);
#1460=ADVANCED_FACE('',(#204),#76,.T.);
#1461=ADVANCED_FACE('',(#205),#77,.T.);
#1462=ADVANCED_FACE('',(#206),#114,.F.);
#1463=ADVANCED_FACE('',(#207),#115,.T.);
#1464=ADVANCED_FACE('',(#208),#116,.T.);
#1465=ADVANCED_FACE('',(#209),#117,.F.);
#1466=ADVANCED_FACE('',(#210),#118,.T.);
#1467=ADVANCED_FACE('',(#211),#119,.F.);
#1468=ADVANCED_FACE('',(#212),#120,.T.);
#1469=ADVANCED_FACE('',(#213),#121,.T.);
#1470=ADVANCED_FACE('',(#214),#122,.F.);
#1471=ADVANCED_FACE('',(#215),#123,.T.);
#1472=ADVANCED_FACE('',(#216),#124,.T.);
#1473=ADVANCED_FACE('',(#217),#125,.T.);
#1474=ADVANCED_FACE('',(#218),#54,.T.);
#1475=ADVANCED_FACE('',(#219),#55,.T.);
#1476=ADVANCED_FACE('',(#220),#56,.T.);
#1477=ADVANCED_FACE('',(#221),#57,.T.);
#1478=ADVANCED_FACE('',(#222),#58,.T.);
#1479=ADVANCED_FACE('',(#223),#59,.T.);
#1480=ADVANCED_FACE('',(#224),#60,.T.);
#1481=ADVANCED_FACE('',(#225),#61,.T.);
#1482=CLOSED_SHELL('',(#1384,#1385,#1386,#1387,#1388,#1389,#1390,#1391,
#1392,#1393,#1394,#1395,#1396,#1397,#1398,#1399,#1400,#1401,#1402,#1403,
#1404,#1405,#1406,#1407,#1408,#1409,#1410,#1411,#1412,#1413,#1414,#1415,
#1416,#1417,#1418,#1419,#1420,#1421,#1422,#1423,#1424,#1425,#1426,#1427,
#1428,#1429,#1430,#1431,#1432,#1433,#1434,#1435,#1436,#1437,#1438,#1439,
#1440,#1441,#1442,#1443,#1444,#1445,#1446,#1447,#1448,#1449,#1450,#1451,
#1452,#1453,#1454,#1455,#1456,#1457,#1458,#1459,#1460,#1461,#1462,#1463,
#1464,#1465,#1466,#1467,#1468,#1469,#1470,#1471,#1472,#1473,#1474,#1475,
#1476,#1477,#1478,#1479,#1480,#1481));
#1483=DERIVED_UNIT_ELEMENT(#1486,1.);
#1484=DERIVED_UNIT_ELEMENT(#2685,-3.);
#1485=DIMENSIONAL_EXPONENTS(0.,1.,0.,0.,0.,0.,0.);
#1486=(
CONVERSION_BASED_UNIT('gram',#1488)
MASS_UNIT()
NAMED_UNIT(#1485)
);
#1487=(
MASS_UNIT()
NAMED_UNIT(*)
SI_UNIT(.KILO.,.GRAM.)
);
#1488=MASS_MEASURE_WITH_UNIT(MASS_MEASURE(0.001),#1487);
#1489=DERIVED_UNIT((#1483,#1484));
#1490=MEASURE_REPRESENTATION_ITEM('density measure',
POSITIVE_RATIO_MEASURE(1.),#1489);
#1491=PROPERTY_DEFINITION_REPRESENTATION(#1496,#1493);
#1492=PROPERTY_DEFINITION_REPRESENTATION(#1497,#1494);
#1493=REPRESENTATION('material name',(#1495),#2682);
#1494=REPRESENTATION('density',(#1490),#2682);
#1495=DESCRIPTIVE_REPRESENTATION_ITEM('Generic','Generic');
#1496=PROPERTY_DEFINITION('material property','material name',#2692);
#1497=PROPERTY_DEFINITION('material property','density of part',#2692);
#1498=DATE_TIME_ROLE('creation_date');
#1499=APPLIED_DATE_AND_TIME_ASSIGNMENT(#1500,#1498,(#2692));
#1500=DATE_AND_TIME(#1501,#1502);
#1501=CALENDAR_DATE(2026,27,4);
#1502=LOCAL_TIME(0,0,0.,#1503);
#1503=COORDINATED_UNIVERSAL_TIME_OFFSET(0,0,.BEHIND.);
#1504=AXIS2_PLACEMENT_3D('',#2233,#1715,#1716);
#1505=AXIS2_PLACEMENT_3D('',#2234,#1717,#1718);
#1506=AXIS2_PLACEMENT_3D('',#2245,#1723,#1724);
#1507=AXIS2_PLACEMENT_3D('',#2249,#1726,#1727);
#1508=AXIS2_PLACEMENT_3D('',#2261,#1733,#1734);
#1509=AXIS2_PLACEMENT_3D('',#2265,#1736,#1737);
#1510=AXIS2_PLACEMENT_3D('',#2271,#1740,#1741);
#1511=AXIS2_PLACEMENT_3D('',#2275,#1743,#1744);
#1512=AXIS2_PLACEMENT_3D('',#2279,#1746,#1747);
#1513=AXIS2_PLACEMENT_3D('',#2282,#1749,#1750);
#1514=AXIS2_PLACEMENT_3D('',#2283,#1751,#1752);
#1515=AXIS2_PLACEMENT_3D('',#2294,#1757,#1758);
#1516=AXIS2_PLACEMENT_3D('',#2298,#1760,#1761);
#1517=AXIS2_PLACEMENT_3D('',#2310,#1767,#1768);
#1518=AXIS2_PLACEMENT_3D('',#2314,#1770,#1771);
#1519=AXIS2_PLACEMENT_3D('',#2320,#1774,#1775);
#1520=AXIS2_PLACEMENT_3D('',#2324,#1777,#1778);
#1521=AXIS2_PLACEMENT_3D('',#2328,#1780,#1781);
#1522=AXIS2_PLACEMENT_3D('',#2331,#1783,#1784);
#1523=AXIS2_PLACEMENT_3D('',#2332,#1785,#1786);
#1524=AXIS2_PLACEMENT_3D('',#2341,#1791,#1792);
#1525=AXIS2_PLACEMENT_3D('',#2350,#1797,#1798);
#1526=AXIS2_PLACEMENT_3D('',#2359,#1803,#1804);
#1527=AXIS2_PLACEMENT_3D('',#2368,#1809,#1810);
#1528=AXIS2_PLACEMENT_3D('',#2377,#1815,#1816);
#1529=AXIS2_PLACEMENT_3D('',#2386,#1821,#1822);
#1530=AXIS2_PLACEMENT_3D('',#2395,#1827,#1828);
#1531=AXIS2_PLACEMENT_3D('',#2404,#1833,#1834);
#1532=AXIS2_PLACEMENT_3D('',#2413,#1839,#1840);
#1533=AXIS2_PLACEMENT_3D('',#2422,#1845,#1846);
#1534=AXIS2_PLACEMENT_3D('',#2431,#1851,#1852);
#1535=AXIS2_PLACEMENT_3D('',#2440,#1857,#1858);
#1536=AXIS2_PLACEMENT_3D('',#2449,#1863,#1864);
#1537=AXIS2_PLACEMENT_3D('',#2458,#1869,#1870);
#1538=AXIS2_PLACEMENT_3D('',#2467,#1875,#1876);
#1539=AXIS2_PLACEMENT_3D('',#2476,#1881,#1882);
#1540=AXIS2_PLACEMENT_3D('',#2477,#1883,#1884);
#1541=AXIS2_PLACEMENT_3D('',#2478,#1885,#1886);
#1542=AXIS2_PLACEMENT_3D('',#2479,#1887,#1888);
#1543=AXIS2_PLACEMENT_3D('',#2480,#1889,#1890);
#1544=AXIS2_PLACEMENT_3D('',#2481,#1891,#1892);
#1545=AXIS2_PLACEMENT_3D('',#2482,#1893,#1894);
#1546=AXIS2_PLACEMENT_3D('',#2483,#1895,#1896);
#1547=AXIS2_PLACEMENT_3D('',#2484,#1897,#1898);
#1548=AXIS2_PLACEMENT_3D('',#2485,#1899,#1900);
#1549=AXIS2_PLACEMENT_3D('',#2486,#1901,#1902);
#1550=AXIS2_PLACEMENT_3D('',#2487,#1903,#1904);
#1551=AXIS2_PLACEMENT_3D('',#2488,#1905,#1906);
#1552=AXIS2_PLACEMENT_3D('',#2489,#1907,#1908);
#1553=AXIS2_PLACEMENT_3D('',#2490,#1909,#1910);
#1554=AXIS2_PLACEMENT_3D('',#2491,#1911,#1912);
#1555=AXIS2_PLACEMENT_3D('',#2492,#1913,#1914);
#1556=AXIS2_PLACEMENT_3D('',#2493,#1915,#1916);
#1557=AXIS2_PLACEMENT_3D('',#2494,#1917,#1918);
#1558=AXIS2_PLACEMENT_3D('',#2495,#1919,#1920);
#1559=AXIS2_PLACEMENT_3D('',#2496,#1921,#1922);
#1560=AXIS2_PLACEMENT_3D('',#2497,#1923,#1924);
#1561=AXIS2_PLACEMENT_3D('',#2498,#1925,#1926);
#1562=AXIS2_PLACEMENT_3D('',#2499,#1927,#1928);
#1563=AXIS2_PLACEMENT_3D('',#2500,#1929,#1930);
#1564=AXIS2_PLACEMENT_3D('',#2501,#1931,#1932);
#1565=AXIS2_PLACEMENT_3D('',#2502,#1933,#1934);
#1566=AXIS2_PLACEMENT_3D('',#2503,#1935,#1936);
#1567=AXIS2_PLACEMENT_3D('',#2504,#1937,#1938);
#1568=AXIS2_PLACEMENT_3D('',#2505,#1939,#1940);
#1569=AXIS2_PLACEMENT_3D('',#2506,#1941,#1942);
#1570=AXIS2_PLACEMENT_3D('',#2507,#1943,#1944);
#1571=AXIS2_PLACEMENT_3D('',#2508,#1945,#1946);
#1572=AXIS2_PLACEMENT_3D('',#2509,#1947,#1948);
#1573=AXIS2_PLACEMENT_3D('',#2510,#1949,#1950);
#1574=AXIS2_PLACEMENT_3D('',#2511,#1951,#1952);
#1575=AXIS2_PLACEMENT_3D('',#2512,#1953,#1954);
#1576=AXIS2_PLACEMENT_3D('',#2513,#1955,#1956);
#1577=AXIS2_PLACEMENT_3D('',#2514,#1957,#1958);
#1578=AXIS2_PLACEMENT_3D('',#2515,#1959,#1960);
#1579=AXIS2_PLACEMENT_3D('',#2516,#1961,#1962);
#1580=AXIS2_PLACEMENT_3D('',#2517,#1963,#1964);
#1581=AXIS2_PLACEMENT_3D('',#2518,#1965,#1966);
#1582=AXIS2_PLACEMENT_3D('',#2519,#1967,#1968);
#1583=AXIS2_PLACEMENT_3D('',#2520,#1969,#1970);
#1584=AXIS2_PLACEMENT_3D('',#2521,#1971,#1972);
#1585=AXIS2_PLACEMENT_3D('',#2522,#1973,#1974);
#1586=AXIS2_PLACEMENT_3D('',#2523,#1975,#1976);
#1587=AXIS2_PLACEMENT_3D('',#2524,#1977,#1978);
#1588=AXIS2_PLACEMENT_3D('',#2525,#1979,#1980);
#1589=AXIS2_PLACEMENT_3D('',#2526,#1981,#1982);
#1590=AXIS2_PLACEMENT_3D('',#2527,#1983,#1984);
#1591=AXIS2_PLACEMENT_3D('',#2528,#1985,#1986);
#1592=AXIS2_PLACEMENT_3D('',#2529,#1987,#1988);
#1593=AXIS2_PLACEMENT_3D('',#2530,#1989,#1990);
#1594=AXIS2_PLACEMENT_3D('',#2531,#1991,#1992);
#1595=AXIS2_PLACEMENT_3D('',#2532,#1993,#1994);
#1596=AXIS2_PLACEMENT_3D('',#2533,#1995,#1996);
#1597=AXIS2_PLACEMENT_3D('',#2534,#1997,#1998);
#1598=AXIS2_PLACEMENT_3D('',#2535,#1999,#2000);
#1599=AXIS2_PLACEMENT_3D('',#2536,#2001,#2002);
#1600=AXIS2_PLACEMENT_3D('',#2537,#2003,#2004);
#1601=AXIS2_PLACEMENT_3D('',#2538,#2005,#2006);
#1602=AXIS2_PLACEMENT_3D('',#2539,#2007,#2008);
#1603=AXIS2_PLACEMENT_3D('',#2540,#2009,#2010);
#1604=AXIS2_PLACEMENT_3D('',#2541,#2011,#2012);
#1605=AXIS2_PLACEMENT_3D('',#2542,#2013,#2014);
#1606=AXIS2_PLACEMENT_3D('',#2543,#2015,#2016);
#1607=AXIS2_PLACEMENT_3D('',#2544,#2017,#2018);
#1608=AXIS2_PLACEMENT_3D('',#2545,#2019,#2020);
#1609=AXIS2_PLACEMENT_3D('',#2546,#2021,#2022);
#1610=AXIS2_PLACEMENT_3D('',#2547,#2023,#2024);
#1611=AXIS2_PLACEMENT_3D('',#2548,#2025,#2026);
#1612=AXIS2_PLACEMENT_3D('',#2549,#2027,#2028);
#1613=AXIS2_PLACEMENT_3D('',#2550,#2029,#2030);
#1614=AXIS2_PLACEMENT_3D('',#2551,#2031,#2032);
#1615=AXIS2_PLACEMENT_3D('',#2552,#2033,#2034);
#1616=AXIS2_PLACEMENT_3D('',#2553,#2035,#2036);
#1617=AXIS2_PLACEMENT_3D('',#2554,#2037,#2038);
#1618=AXIS2_PLACEMENT_3D('',#2555,#2039,#2040);
#1619=AXIS2_PLACEMENT_3D('',#2556,#2041,#2042);
#1620=AXIS2_PLACEMENT_3D('',#2557,#2043,#2044);
#1621=AXIS2_PLACEMENT_3D('',#2558,#2045,#2046);
#1622=AXIS2_PLACEMENT_3D('',#2559,#2047,#2048);
#1623=AXIS2_PLACEMENT_3D('',#2560,#2049,#2050);
#1624=AXIS2_PLACEMENT_3D('',#2561,#2051,#2052);
#1625=AXIS2_PLACEMENT_3D('',#2562,#2053,#2054);
#1626=AXIS2_PLACEMENT_3D('',#2563,#2055,#2056);
#1627=AXIS2_PLACEMENT_3D('',#2564,#2057,#2058);
#1628=AXIS2_PLACEMENT_3D('',#2565,#2059,#2060);
#1629=AXIS2_PLACEMENT_3D('',#2566,#2061,#2062);
#1630=AXIS2_PLACEMENT_3D('',#2567,#2063,#2064);
#1631=AXIS2_PLACEMENT_3D('',#2568,#2065,#2066);
#1632=AXIS2_PLACEMENT_3D('',#2569,#2067,#2068);
#1633=AXIS2_PLACEMENT_3D('',#2570,#2069,#2070);
#1634=AXIS2_PLACEMENT_3D('',#2571,#2071,#2072);
#1635=AXIS2_PLACEMENT_3D('',#2572,#2073,#2074);
#1636=AXIS2_PLACEMENT_3D('',#2573,#2075,#2076);
#1637=AXIS2_PLACEMENT_3D('',#2574,#2077,#2078);
#1638=AXIS2_PLACEMENT_3D('',#2575,#2079,#2080);
#1639=AXIS2_PLACEMENT_3D('',#2576,#2081,#2082);
#1640=AXIS2_PLACEMENT_3D('',#2577,#2083,#2084);
#1641=AXIS2_PLACEMENT_3D('',#2578,#2085,#2086);
#1642=AXIS2_PLACEMENT_3D('',#2579,#2087,#2088);
#1643=AXIS2_PLACEMENT_3D('',#2580,#2089,#2090);
#1644=AXIS2_PLACEMENT_3D('',#2581,#2091,#2092);
#1645=AXIS2_PLACEMENT_3D('',#2582,#2093,#2094);
#1646=AXIS2_PLACEMENT_3D('',#2583,#2095,#2096);
#1647=AXIS2_PLACEMENT_3D('',#2584,#2097,#2098);
#1648=AXIS2_PLACEMENT_3D('',#2585,#2099,#2100);
#1649=AXIS2_PLACEMENT_3D('',#2586,#2101,#2102);
#1650=AXIS2_PLACEMENT_3D('',#2587,#2103,#2104);
#1651=AXIS2_PLACEMENT_3D('',#2588,#2105,#2106);
#1652=AXIS2_PLACEMENT_3D('',#2589,#2107,#2108);
#1653=AXIS2_PLACEMENT_3D('',#2590,#2109,#2110);
#1654=AXIS2_PLACEMENT_3D('',#2591,#2111,#2112);
#1655=AXIS2_PLACEMENT_3D('',#2592,#2113,#2114);
#1656=AXIS2_PLACEMENT_3D('',#2593,#2115,#2116);
#1657=AXIS2_PLACEMENT_3D('',#2594,#2117,#2118);
#1658=AXIS2_PLACEMENT_3D('',#2595,#2119,#2120);
#1659=AXIS2_PLACEMENT_3D('',#2596,#2121,#2122);
#1660=AXIS2_PLACEMENT_3D('',#2597,#2123,#2124);
#1661=AXIS2_PLACEMENT_3D('',#2598,#2125,#2126);
#1662=AXIS2_PLACEMENT_3D('',#2599,#2127,#2128);
#1663=AXIS2_PLACEMENT_3D('',#2600,#2129,#2130);
#1664=AXIS2_PLACEMENT_3D('',#2601,#2131,#2132);
#1665=AXIS2_PLACEMENT_3D('',#2602,#2133,#2134);
#1666=AXIS2_PLACEMENT_3D('',#2603,#2135,#2136);
#1667=AXIS2_PLACEMENT_3D('',#2604,#2137,#2138);
#1668=AXIS2_PLACEMENT_3D('',#2605,#2139,#2140);
#1669=AXIS2_PLACEMENT_3D('',#2606,#2141,#2142);
#1670=AXIS2_PLACEMENT_3D('',#2607,#2143,#2144);
#1671=AXIS2_PLACEMENT_3D('',#2608,#2145,#2146);
#1672=AXIS2_PLACEMENT_3D('',#2609,#2147,#2148);
#1673=AXIS2_PLACEMENT_3D('',#2610,#2149,#2150);
#1674=AXIS2_PLACEMENT_3D('',#2611,#2151,#2152);
#1675=AXIS2_PLACEMENT_3D('',#2612,#2153,#2154);
#1676=AXIS2_PLACEMENT_3D('',#2613,#2155,#2156);
#1677=AXIS2_PLACEMENT_3D('',#2614,#2157,#2158);
#1678=AXIS2_PLACEMENT_3D('',#2615,#2159,#2160);
#1679=AXIS2_PLACEMENT_3D('',#2616,#2161,#2162);
#1680=AXIS2_PLACEMENT_3D('',#2617,#2163,#2164);
#1681=AXIS2_PLACEMENT_3D('',#2618,#2165,#2166);
#1682=AXIS2_PLACEMENT_3D('',#2619,#2167,#2168);
#1683=AXIS2_PLACEMENT_3D('',#2620,#2169,#2170);
#1684=AXIS2_PLACEMENT_3D('',#2621,#2171,#2172);
#1685=AXIS2_PLACEMENT_3D('',#2622,#2173,#2174);
#1686=AXIS2_PLACEMENT_3D('',#2623,#2175,#2176);
#1687=AXIS2_PLACEMENT_3D('',#2624,#2177,#2178);
#1688=AXIS2_PLACEMENT_3D('',#2625,#2179,#2180);
#1689=AXIS2_PLACEMENT_3D('',#2626,#2181,#2182);
#1690=AXIS2_PLACEMENT_3D('',#2627,#2183,#2184);
#1691=AXIS2_PLACEMENT_3D('',#2628,#2185,#2186);
#1692=AXIS2_PLACEMENT_3D('',#2629,#2187,#2188);
#1693=AXIS2_PLACEMENT_3D('',#2630,#2189,#2190);
#1694=AXIS2_PLACEMENT_3D('',#2631,#2191,#2192);
#1695=AXIS2_PLACEMENT_3D('',#2632,#2193,#2194);
#1696=AXIS2_PLACEMENT_3D('',#2633,#2195,#2196);
#1697=AXIS2_PLACEMENT_3D('',#2634,#2197,#2198);
#1698=AXIS2_PLACEMENT_3D('',#2635,#2199,#2200);
#1699=AXIS2_PLACEMENT_3D('',#2636,#2201,#2202);
#1700=AXIS2_PLACEMENT_3D('',#2637,#2203,#2204);
#1701=AXIS2_PLACEMENT_3D('',#2638,#2205,#2206);
#1702=AXIS2_PLACEMENT_3D('',#2639,#2207,#2208);
#1703=AXIS2_PLACEMENT_3D('',#2640,#2209,#2210);
#1704=AXIS2_PLACEMENT_3D('',#2641,#2211,#2212);
#1705=AXIS2_PLACEMENT_3D('',#2642,#2213,#2214);
#1706=AXIS2_PLACEMENT_3D('',#2643,#2215,#2216);
#1707=AXIS2_PLACEMENT_3D('',#2644,#2217,#2218);
#1708=AXIS2_PLACEMENT_3D('',#2645,#2219,#2220);
#1709=AXIS2_PLACEMENT_3D('',#2646,#2221,#2222);
#1710=AXIS2_PLACEMENT_3D('',#2647,#2223,#2224);
#1711=AXIS2_PLACEMENT_3D('',#2648,#2225,#2226);
#1712=AXIS2_PLACEMENT_3D('',#2649,#2227,#2228);
#1713=AXIS2_PLACEMENT_3D('',#2650,#2229,#2230);
#1714=AXIS2_PLACEMENT_3D('',#2651,#2231,#2232);
#1715=DIRECTION('axis',(0.,0.,1.));
#1716=DIRECTION('refdir',(1.,0.,0.));
#1717=DIRECTION('center_axis',(0.,1.,0.));
#1718=DIRECTION('ref_axis',(0.,0.,1.));
#1719=DIRECTION('',(0.,0.,-1.));
#1720=DIRECTION('',(1.,0.,0.));
#1721=DIRECTION('',(0.,0.,1.));
#1722=DIRECTION('',(-1.,0.,0.));
#1723=DIRECTION('center_axis',(0.,1.,0.));
#1724=DIRECTION('ref_axis',(0.,0.,-1.));
#1725=DIRECTION('',(0.,0.,1.));
#1726=DIRECTION('center_axis',(0.,1.,0.));
#1727=DIRECTION('ref_axis',(-1.,0.,0.));
#1728=DIRECTION('',(1.,0.,0.));
#1729=DIRECTION('',(0.,0.,1.));
#1730=DIRECTION('',(-1.,0.,-3.58642608399001E-17));
#1731=DIRECTION('',(0.,0.,-1.));
#1732=DIRECTION('',(1.,0.,0.));
#1733=DIRECTION('center_axis',(0.,1.,0.));
#1734=DIRECTION('ref_axis',(0.,0.,1.));
#1735=DIRECTION('',(0.,0.,-1.));
#1736=DIRECTION('center_axis',(0.,1.,0.));
#1737=DIRECTION('ref_axis',(1.,0.,0.));
#1738=DIRECTION('',(-1.,0.,0.));
#1739=DIRECTION('',(-1.,0.,0.));
#1740=DIRECTION('center_axis',(0.,1.,0.));
#1741=DIRECTION('ref_axis',(0.,0.,-1.));
#1742=DIRECTION('',(0.,0.,1.));
#1743=DIRECTION('center_axis',(0.,1.,0.));
#1744=DIRECTION('ref_axis',(-1.,0.,0.));
#1745=DIRECTION('',(1.,0.,0.));
#1746=DIRECTION('center_axis',(0.,1.,0.));
#1747=DIRECTION('ref_axis',(0.,0.,1.));
#1748=DIRECTION('',(0.,0.,-1.));
#1749=DIRECTION('center_axis',(0.,1.,0.));
#1750=DIRECTION('ref_axis',(1.,0.,0.));
#1751=DIRECTION('center_axis',(0.,1.,0.));
#1752=DIRECTION('ref_axis',(0.,0.,1.));
#1753=DIRECTION('',(0.,0.,-1.));
#1754=DIRECTION('',(-1.,0.,0.));
#1755=DIRECTION('',(0.,0.,1.));
#1756=DIRECTION('',(1.,0.,0.));
#1757=DIRECTION('center_axis',(0.,-1.,0.));
#1758=DIRECTION('ref_axis',(0.,0.,-1.));
#1759=DIRECTION('',(0.,0.,1.));
#1760=DIRECTION('center_axis',(0.,-1.,0.));
#1761=DIRECTION('ref_axis',(1.,0.,0.));
#1762=DIRECTION('',(-1.,0.,0.));
#1763=DIRECTION('',(0.,0.,1.));
#1764=DIRECTION('',(1.,0.,0.));
#1765=DIRECTION('',(0.,0.,-1.));
#1766=DIRECTION('',(-1.,0.,0.));
#1767=DIRECTION('center_axis',(0.,-1.,0.));
#1768=DIRECTION('ref_axis',(0.,0.,1.));
#1769=DIRECTION('',(0.,0.,-1.));
#1770=DIRECTION('center_axis',(0.,-1.,0.));
#1771=DIRECTION('ref_axis',(-1.,0.,0.));
#1772=DIRECTION('',(1.,0.,0.));
#1773=DIRECTION('',(1.,0.,0.));
#1774=DIRECTION('center_axis',(0.,-1.,0.));
#1775=DIRECTION('ref_axis',(0.,0.,-1.));
#1776=DIRECTION('',(0.,0.,1.));
#1777=DIRECTION('center_axis',(0.,-1.,0.));
#1778=DIRECTION('ref_axis',(1.,0.,0.));
#1779=DIRECTION('',(-1.,0.,0.));
#1780=DIRECTION('center_axis',(0.,-1.,0.));
#1781=DIRECTION('ref_axis',(0.,0.,1.));
#1782=DIRECTION('',(0.,0.,-1.));
#1783=DIRECTION('center_axis',(0.,-1.,0.));
#1784=DIRECTION('ref_axis',(-1.,0.,0.));
#1785=DIRECTION('center_axis',(1.,0.,0.));
#1786=DIRECTION('ref_axis',(0.,0.,-1.));
#1787=DIRECTION('',(0.,0.,-1.));
#1788=DIRECTION('',(0.,1.,0.));
#1789=DIRECTION('',(0.,0.,1.));
#1790=DIRECTION('',(0.,-1.,-7.36161143555844E-17));
#1791=DIRECTION('center_axis',(0.,0.,-1.));
#1792=DIRECTION('ref_axis',(-1.,0.,0.));
#1793=DIRECTION('',(0.,-1.,0.));
#1794=DIRECTION('',(1.,0.,0.));
#1795=DIRECTION('',(0.,-1.,0.));
#1796=DIRECTION('',(-1.,0.,0.));
#1797=DIRECTION('center_axis',(-1.,0.,0.));
#1798=DIRECTION('ref_axis',(0.,0.,1.));
#1799=DIRECTION('',(0.,0.,-1.));
#1800=DIRECTION('',(0.,-1.,0.));
#1801=DIRECTION('',(0.,0.,1.));
#1802=DIRECTION('',(0.,-1.,0.));
#1803=DIRECTION('center_axis',(0.,0.,1.));
#1804=DIRECTION('ref_axis',(1.,0.,0.));
#1805=DIRECTION('',(-1.,0.,0.));
#1806=DIRECTION('',(0.,1.,0.));
#1807=DIRECTION('',(1.,-4.30371130078801E-16,0.));
#1808=DIRECTION('',(0.,-1.,0.));
#1809=DIRECTION('center_axis',(-1.,0.,0.));
#1810=DIRECTION('ref_axis',(0.,0.,1.));
#1811=DIRECTION('',(0.,1.,0.));
#1812=DIRECTION('',(0.,0.,-1.));
#1813=DIRECTION('',(0.,1.,0.));
#1814=DIRECTION('',(0.,0.,1.));
#1815=DIRECTION('center_axis',(0.,0.,-1.));
#1816=DIRECTION('ref_axis',(-1.,0.,0.));
#1817=DIRECTION('',(0.,-1.,0.));
#1818=DIRECTION('',(-1.,0.,0.));
#1819=DIRECTION('',(0.,1.,0.));
#1820=DIRECTION('',(1.,0.,0.));
#1821=DIRECTION('center_axis',(-1.,0.,0.));
#1822=DIRECTION('ref_axis',(0.,0.,1.));
#1823=DIRECTION('',(0.,0.,-1.));
#1824=DIRECTION('',(0.,-1.,0.));
#1825=DIRECTION('',(0.,0.,1.));
#1826=DIRECTION('',(0.,-1.,0.));
#1827=DIRECTION('center_axis',(-4.44089209850063E-17,0.,1.));
#1828=DIRECTION('ref_axis',(1.,0.,4.44089209850063E-17));
#1829=DIRECTION('',(-1.,0.,-3.58642608399001E-17));
#1830=DIRECTION('',(0.,-1.,0.));
#1831=DIRECTION('',(1.,0.,7.17285216798001E-17));
#1832=DIRECTION('',(0.,-1.,0.));
#1833=DIRECTION('center_axis',(1.,0.,0.));
#1834=DIRECTION('ref_axis',(0.,0.,-1.));
#1835=DIRECTION('',(0.,-1.,0.));
#1836=DIRECTION('',(0.,0.,1.));
#1837=DIRECTION('',(0.,-1.,0.));
#1838=DIRECTION('',(0.,0.,-1.));
#1839=DIRECTION('center_axis',(0.,0.,-1.));
#1840=DIRECTION('ref_axis',(-1.,0.,0.));
#1841=DIRECTION('',(0.,1.,0.));
#1842=DIRECTION('',(-1.,-4.30371130078801E-16,0.));
#1843=DIRECTION('',(0.,-1.,0.));
#1844=DIRECTION('',(1.,0.,0.));
#1845=DIRECTION('center_axis',(1.,0.,0.));
#1846=DIRECTION('ref_axis',(0.,0.,-1.));
#1847=DIRECTION('',(0.,1.,0.));
#1848=DIRECTION('',(0.,0.,1.));
#1849=DIRECTION('',(0.,1.,0.));
#1850=DIRECTION('',(0.,0.,-1.));
#1851=DIRECTION('center_axis',(0.,0.,1.));
#1852=DIRECTION('ref_axis',(1.,0.,0.));
#1853=DIRECTION('',(0.,1.,0.));
#1854=DIRECTION('',(1.,0.,0.));
#1855=DIRECTION('',(0.,1.,0.));
#1856=DIRECTION('',(-1.,0.,0.));
#1857=DIRECTION('center_axis',(0.,0.,-1.));
#1858=DIRECTION('ref_axis',(-1.,0.,0.));
#1859=DIRECTION('',(0.,1.,0.));
#1860=DIRECTION('',(-1.,0.,0.));
#1861=DIRECTION('',(0.,1.,0.));
#1862=DIRECTION('',(1.,0.,0.));
#1863=DIRECTION('center_axis',(1.,0.,0.));
#1864=DIRECTION('ref_axis',(0.,0.,-1.));
#1865=DIRECTION('',(0.,1.,0.));
#1866=DIRECTION('',(0.,0.,1.));
#1867=DIRECTION('',(0.,1.,0.));
#1868=DIRECTION('',(0.,0.,-1.));
#1869=DIRECTION('center_axis',(0.,0.,1.));
#1870=DIRECTION('ref_axis',(1.,0.,0.));
#1871=DIRECTION('',(1.,0.,0.));
#1872=DIRECTION('',(0.,1.,0.));
#1873=DIRECTION('',(-1.,0.,0.));
#1874=DIRECTION('',(0.,1.,0.));
#1875=DIRECTION('center_axis',(-1.,0.,0.));
#1876=DIRECTION('ref_axis',(0.,0.,1.));
#1877=DIRECTION('',(0.,1.,0.));
#1878=DIRECTION('',(0.,0.,-1.));
#1879=DIRECTION('',(0.,1.,0.));
#1880=DIRECTION('',(0.,0.,1.));
#1881=DIRECTION('center_axis',(0.,-1.,0.));
#1882=DIRECTION('ref_axis',(0.,0.,1.));
#1883=DIRECTION('center_axis',(0.,-1.,0.));
#1884=DIRECTION('ref_axis',(0.,0.,1.));
#1885=DIRECTION('center_axis',(0.,1.,0.));
#1886=DIRECTION('ref_axis',(-1.,0.,3.5527136788005E-15));
#1887=DIRECTION('center_axis',(0.,1.,0.));
#1888=DIRECTION('ref_axis',(1.,0.,0.));
#1889=DIRECTION('center_axis',(0.,-1.,0.));
#1890=DIRECTION('ref_axis',(0.,0.,-1.));
#1891=DIRECTION('center_axis',(0.,1.,0.));
#1892=DIRECTION('ref_axis',(1.,0.,0.));
#1893=DIRECTION('center_axis',(0.,1.,0.));
#1894=DIRECTION('ref_axis',(0.,0.,1.));
#1895=DIRECTION('center_axis',(0.,-1.,0.));
#1896=DIRECTION('ref_axis',(1.,0.,1.77635683940025E-15));
#1897=DIRECTION('center_axis',(0.,1.,0.));
#1898=DIRECTION('ref_axis',(0.,0.,1.));
#1899=DIRECTION('center_axis',(0.,-1.,0.));
#1900=DIRECTION('ref_axis',(-1.,0.,0.));
#1901=DIRECTION('center_axis',(0.,-1.,0.));
#1902=DIRECTION('ref_axis',(-1.,0.,0.));
#1903=DIRECTION('center_axis',(0.,1.,0.));
#1904=DIRECTION('ref_axis',(0.,0.,-1.));
#1905=DIRECTION('center_axis',(1.,0.,0.));
#1906=DIRECTION('ref_axis',(0.,-1.,0.));
#1907=DIRECTION('center_axis',(1.,0.,0.));
#1908=DIRECTION('ref_axis',(0.,-1.,0.));
#1909=DIRECTION('center_axis',(1.,0.,-4.64582968194886E-30));
#1910=DIRECTION('ref_axis',(0.,-1.,0.));
#1911=DIRECTION('center_axis',(0.,0.,-1.));
#1912=DIRECTION('ref_axis',(0.,-1.,0.));
#1913=DIRECTION('center_axis',(0.,0.,1.));
#1914=DIRECTION('ref_axis',(-1.,0.,0.));
#1915=DIRECTION('center_axis',(0.,0.,-1.));
#1916=DIRECTION('ref_axis',(0.,-1.,0.));
#1917=DIRECTION('center_axis',(-1.,0.,0.));
#1918=DIRECTION('ref_axis',(0.,-1.,0.));
#1919=DIRECTION('center_axis',(1.,0.,0.));
#1920=DIRECTION('ref_axis',(0.,0.,1.));
#1921=DIRECTION('center_axis',(1.,0.,0.));
#1922=DIRECTION('ref_axis',(0.,0.,1.));
#1923=DIRECTION('center_axis',(0.,-1.,0.));
#1924=DIRECTION('ref_axis',(0.,0.,1.));
#1925=DIRECTION('center_axis',(0.,-1.,0.));
#1926=DIRECTION('ref_axis',(0.,0.,1.));
#1927=DIRECTION('center_axis',(0.,1.,0.));
#1928=DIRECTION('ref_axis',(-1.,0.,0.));
#1929=DIRECTION('center_axis',(0.,0.,1.));
#1930=DIRECTION('ref_axis',(0.,1.,0.));
#1931=DIRECTION('center_axis',(0.,0.,1.));
#1932=DIRECTION('ref_axis',(0.,1.,0.));
#1933=DIRECTION('center_axis',(0.,0.,1.));
#1934=DIRECTION('ref_axis',(0.,1.,0.));
#1935=DIRECTION('center_axis',(1.,0.,0.));
#1936=DIRECTION('ref_axis',(0.,1.,0.));
#1937=DIRECTION('center_axis',(-1.,0.,0.));
#1938=DIRECTION('ref_axis',(0.,3.5527136788005E-15,1.));
#1939=DIRECTION('center_axis',(1.,0.,5.846584817949E-30));
#1940=DIRECTION('ref_axis',(0.,1.,0.));
#1941=DIRECTION('center_axis',(0.,0.,1.));
#1942=DIRECTION('ref_axis',(0.,1.,0.));
#1943=DIRECTION('center_axis',(0.,0.,-1.));
#1944=DIRECTION('ref_axis',(-1.,0.,0.));
#1945=DIRECTION('center_axis',(0.,0.,1.));
#1946=DIRECTION('ref_axis',(0.,1.,0.));
#1947=DIRECTION('center_axis',(-1.,0.,0.));
#1948=DIRECTION('ref_axis',(0.,1.,0.));
#1949=DIRECTION('center_axis',(1.,0.,0.));
#1950=DIRECTION('ref_axis',(0.,0.,-1.));
#1951=DIRECTION('center_axis',(-1.,0.,0.));
#1952=DIRECTION('ref_axis',(0.,1.,0.));
#1953=DIRECTION('center_axis',(0.,0.,1.));
#1954=DIRECTION('ref_axis',(0.,1.,0.));
#1955=DIRECTION('center_axis',(0.,0.,-1.));
#1956=DIRECTION('ref_axis',(-1.,0.,0.));
#1957=DIRECTION('center_axis',(0.,0.,1.));
#1958=DIRECTION('ref_axis',(0.,1.,0.));
#1959=DIRECTION('center_axis',(1.,0.,3.66216422432391E-17));
#1960=DIRECTION('ref_axis',(0.,1.,0.));
#1961=DIRECTION('center_axis',(-1.,-1.83108211216195E-17,0.));
#1962=DIRECTION('ref_axis',(0.,0.,1.));
#1963=DIRECTION('center_axis',(1.,0.,3.66216422432391E-17));
#1964=DIRECTION('ref_axis',(0.,1.,0.));
#1965=DIRECTION('center_axis',(1.,0.,0.));
#1966=DIRECTION('ref_axis',(0.,1.,0.));
#1967=DIRECTION('center_axis',(-1.,0.,0.));
#1968=DIRECTION('ref_axis',(0.,0.,1.));
#1969=DIRECTION('center_axis',(-1.,0.,0.));
#1970=DIRECTION('ref_axis',(0.,0.,1.));
#1971=DIRECTION('center_axis',(-1.,0.,0.));
#1972=DIRECTION('ref_axis',(0.,-1.,0.));
#1973=DIRECTION('center_axis',(-1.,0.,0.));
#1974=DIRECTION('ref_axis',(0.,-1.,0.));
#1975=DIRECTION('center_axis',(-1.,0.,5.846584817949E-30));
#1976=DIRECTION('ref_axis',(0.,-1.,0.));
#1977=DIRECTION('center_axis',(0.,1.,0.));
#1978=DIRECTION('ref_axis',(-1.,0.,0.));
#1979=DIRECTION('center_axis',(0.,-1.,0.));
#1980=DIRECTION('ref_axis',(0.,0.,1.));
#1981=DIRECTION('center_axis',(0.,1.,0.));
#1982=DIRECTION('ref_axis',(-1.,0.,0.));
#1983=DIRECTION('center_axis',(0.,-1.,0.));
#1984=DIRECTION('ref_axis',(0.,0.,-1.));
#1985=DIRECTION('center_axis',(0.,1.,0.));
#1986=DIRECTION('ref_axis',(1.,0.,-1.77635683940025E-15));
#1987=DIRECTION('center_axis',(0.,-1.,0.));
#1988=DIRECTION('ref_axis',(0.,0.,-1.));
#1989=DIRECTION('center_axis',(1.,0.,0.));
#1990=DIRECTION('ref_axis',(0.,-1.,0.));
#1991=DIRECTION('center_axis',(-1.,0.,0.));
#1992=DIRECTION('ref_axis',(0.,0.,-1.));
#1993=DIRECTION('center_axis',(1.,0.,0.));
#1994=DIRECTION('ref_axis',(0.,-1.,0.));
#1995=DIRECTION('center_axis',(0.,0.,1.));
#1996=DIRECTION('ref_axis',(0.,-1.,0.));
#1997=DIRECTION('center_axis',(0.,0.,-1.));
#1998=DIRECTION('ref_axis',(1.,0.,0.));
#1999=DIRECTION('center_axis',(0.,0.,1.));
#2000=DIRECTION('ref_axis',(0.,-1.,0.));
#2001=DIRECTION('center_axis',(0.,1.,0.));
#2002=DIRECTION('ref_axis',(0.,0.,-1.));
#2003=DIRECTION('center_axis',(0.,-1.,0.));
#2004=DIRECTION('ref_axis',(-1.,0.,-1.77635683940025E-15));
#2005=DIRECTION('center_axis',(0.,1.,0.));
#2006=DIRECTION('ref_axis',(0.,0.,-1.));
#2007=DIRECTION('center_axis',(0.,0.,-1.));
#2008=DIRECTION('ref_axis',(0.,1.,0.));
#2009=DIRECTION('center_axis',(0.,0.,1.));
#2010=DIRECTION('ref_axis',(1.,0.,0.));
#2011=DIRECTION('center_axis',(0.,0.,-1.));
#2012=DIRECTION('ref_axis',(0.,1.,0.));
#2013=DIRECTION('center_axis',(-1.,0.,0.));
#2014=DIRECTION('ref_axis',(0.,1.,0.));
#2015=DIRECTION('center_axis',(1.,0.,0.));
#2016=DIRECTION('ref_axis',(0.,3.5527136788005E-15,-1.));
#2017=DIRECTION('center_axis',(-1.,0.,-4.64582968194886E-30));
#2018=DIRECTION('ref_axis',(0.,1.,0.));
#2019=DIRECTION('center_axis',(0.,0.,-1.));
#2020=DIRECTION('ref_axis',(0.,1.,0.));
#2021=DIRECTION('center_axis',(0.,-4.87242965480409E-30,1.));
#2022=DIRECTION('ref_axis',(1.,0.,0.));
#2023=DIRECTION('center_axis',(0.,0.,-1.));
#2024=DIRECTION('ref_axis',(0.,1.,0.));
#2025=DIRECTION('center_axis',(0.,-1.,0.));
#2026=DIRECTION('ref_axis',(1.,0.,0.));
#2027=DIRECTION('center_axis',(0.,-1.,0.));
#2028=DIRECTION('ref_axis',(1.,0.,0.));
#2029=DIRECTION('center_axis',(0.,1.,0.));
#2030=DIRECTION('ref_axis',(0.,0.,1.));
#2031=DIRECTION('center_axis',(0.,0.,1.));
#2032=DIRECTION('ref_axis',(0.,-1.,0.));
#2033=DIRECTION('center_axis',(0.,0.,-1.));
#2034=DIRECTION('ref_axis',(1.,0.,0.));
#2035=DIRECTION('center_axis',(0.,0.,-1.));
#2036=DIRECTION('ref_axis',(1.,0.,0.));
#2037=DIRECTION('center_axis',(0.,0.,1.));
#2038=DIRECTION('ref_axis',(1.,0.,0.));
#2039=DIRECTION('center_axis',(0.,0.,1.));
#2040=DIRECTION('ref_axis',(1.,0.,0.));
#2041=DIRECTION('center_axis',(0.,0.,1.));
#2042=DIRECTION('ref_axis',(1.,0.,0.));
#2043=DIRECTION('center_axis',(0.,1.,0.));
#2044=DIRECTION('ref_axis',(0.,0.,1.));
#2045=DIRECTION('center_axis',(0.,1.,0.));
#2046=DIRECTION('ref_axis',(0.,0.,1.));
#2047=DIRECTION('center_axis',(0.,1.,0.));
#2048=DIRECTION('ref_axis',(0.,0.,1.));
#2049=DIRECTION('center_axis',(0.,1.,0.));
#2050=DIRECTION('ref_axis',(0.,0.,1.));
#2051=DIRECTION('center_axis',(0.,0.,1.));
#2052=DIRECTION('ref_axis',(1.,0.,0.));
#2053=DIRECTION('center_axis',(0.,0.,1.));
#2054=DIRECTION('ref_axis',(1.,0.,0.));
#2055=DIRECTION('center_axis',(0.,1.,0.));
#2056=DIRECTION('ref_axis',(0.,0.,1.));
#2057=DIRECTION('center_axis',(0.,1.,0.));
#2058=DIRECTION('ref_axis',(0.,0.,1.));
#2059=DIRECTION('center_axis',(0.,0.,1.));
#2060=DIRECTION('ref_axis',(1.,0.,0.));
#2061=DIRECTION('center_axis',(0.,1.,0.));
#2062=DIRECTION('ref_axis',(0.,0.,1.));
#2063=DIRECTION('center_axis',(0.,1.,0.));
#2064=DIRECTION('ref_axis',(0.,0.,1.));
#2065=DIRECTION('center_axis',(0.,0.,1.));
#2066=DIRECTION('ref_axis',(1.,0.,0.));
#2067=DIRECTION('center_axis',(1.16947836132347E-15,1.77635683940025E-15,
-1.));
#2068=DIRECTION('ref_axis',(0.,-1.,-1.77635683940025E-15));
#2069=DIRECTION('center_axis',(0.,0.,-1.));
#2070=DIRECTION('ref_axis',(0.,-1.,0.));
#2071=DIRECTION('center_axis',(0.,0.,-1.));
#2072=DIRECTION('ref_axis',(0.,-1.,0.));
#2073=DIRECTION('center_axis',(0.,0.,1.));
#2074=DIRECTION('ref_axis',(1.,0.,0.));
#2075=DIRECTION('center_axis',(-1.,0.,-4.55391363423215E-17));
#2076=DIRECTION('ref_axis',(0.,-1.,0.));
#2077=DIRECTION('center_axis',(-1.,0.,-4.55391363423215E-17));
#2078=DIRECTION('ref_axis',(0.,-1.,0.));
#2079=DIRECTION('center_axis',(-1.,0.,-4.55391363423215E-17));
#2080=DIRECTION('ref_axis',(0.,-1.,0.));
#2081=DIRECTION('center_axis',(0.,0.,1.));
#2082=DIRECTION('ref_axis',(1.,0.,0.));
#2083=DIRECTION('center_axis',(0.,0.,1.));
#2084=DIRECTION('ref_axis',(1.,0.,0.));
#2085=DIRECTION('center_axis',(0.,0.,-1.));
#2086=DIRECTION('ref_axis',(0.,-1.,0.));
#2087=DIRECTION('center_axis',(0.,0.,-1.));
#2088=DIRECTION('ref_axis',(0.,-1.,0.));
#2089=DIRECTION('center_axis',(0.,0.,-1.));
#2090=DIRECTION('ref_axis',(0.,-1.,0.));
#2091=DIRECTION('center_axis',(0.,0.,-1.));
#2092=DIRECTION('ref_axis',(0.,1.,0.));
#2093=DIRECTION('center_axis',(0.,0.,-1.));
#2094=DIRECTION('ref_axis',(0.,1.,0.));
#2095=DIRECTION('center_axis',(0.,0.,-1.));
#2096=DIRECTION('ref_axis',(0.,1.,0.));
#2097=DIRECTION('center_axis',(0.,0.,1.));
#2098=DIRECTION('ref_axis',(1.,0.,0.));
#2099=DIRECTION('center_axis',(0.,1.,0.));
#2100=DIRECTION('ref_axis',(0.,0.,1.));
#2101=DIRECTION('center_axis',(0.,1.,0.));
#2102=DIRECTION('ref_axis',(0.,0.,1.));
#2103=DIRECTION('center_axis',(0.,1.,0.));
#2104=DIRECTION('ref_axis',(0.,0.,1.));
#2105=DIRECTION('center_axis',(0.,0.,1.));
#2106=DIRECTION('ref_axis',(1.,0.,0.));
#2107=DIRECTION('center_axis',(0.,0.,1.));
#2108=DIRECTION('ref_axis',(0.,-1.,0.));
#2109=DIRECTION('center_axis',(0.,0.,1.));
#2110=DIRECTION('ref_axis',(0.,-1.,0.));
#2111=DIRECTION('center_axis',(0.,0.,-1.));
#2112=DIRECTION('ref_axis',(1.,0.,0.));
#2113=DIRECTION('center_axis',(0.,-1.,0.));
#2114=DIRECTION('ref_axis',(0.,0.,-1.));
#2115=DIRECTION('center_axis',(0.,1.,0.));
#2116=DIRECTION('ref_axis',(1.,0.,0.));
#2117=DIRECTION('center_axis',(0.,-1.,0.));
#2118=DIRECTION('ref_axis',(0.,0.,-1.));
#2119=DIRECTION('center_axis',(1.,0.,0.));
#2120=DIRECTION('ref_axis',(0.,-1.,0.));
#2121=DIRECTION('center_axis',(-1.,0.,0.));
#2122=DIRECTION('ref_axis',(0.,0.,-1.));
#2123=DIRECTION('center_axis',(1.,0.,0.));
#2124=DIRECTION('ref_axis',(0.,-1.,0.));
#2125=DIRECTION('center_axis',(-1.,0.,0.));
#2126=DIRECTION('ref_axis',(0.,1.,0.));
#2127=DIRECTION('center_axis',(1.,0.,0.));
#2128=DIRECTION('ref_axis',(0.,0.,-1.));
#2129=DIRECTION('center_axis',(-1.,0.,0.));
#2130=DIRECTION('ref_axis',(0.,1.,0.));
#2131=DIRECTION('center_axis',(0.,0.,1.));
#2132=DIRECTION('ref_axis',(1.,0.,0.));
#2133=DIRECTION('center_axis',(0.,-1.,0.));
#2134=DIRECTION('ref_axis',(-1.,0.,0.));
#2135=DIRECTION('center_axis',(0.,-1.,0.));
#2136=DIRECTION('ref_axis',(-1.,0.,0.));
#2137=DIRECTION('center_axis',(0.,-1.,0.));
#2138=DIRECTION('ref_axis',(-1.,0.,0.));
#2139=DIRECTION('center_axis',(0.,0.,1.));
#2140=DIRECTION('ref_axis',(1.,0.,0.));
#2141=DIRECTION('center_axis',(0.,0.,1.));
#2142=DIRECTION('ref_axis',(1.,0.,0.));
#2143=DIRECTION('center_axis',(0.,0.,1.));
#2144=DIRECTION('ref_axis',(1.,0.,0.));
#2145=DIRECTION('center_axis',(0.,1.,0.));
#2146=DIRECTION('ref_axis',(-1.,0.,0.));
#2147=DIRECTION('center_axis',(0.,-1.,0.));
#2148=DIRECTION('ref_axis',(0.,0.,1.));
#2149=DIRECTION('center_axis',(0.,1.,0.));
#2150=DIRECTION('ref_axis',(-1.,0.,0.));
#2151=DIRECTION('center_axis',(1.,0.,0.));
#2152=DIRECTION('ref_axis',(0.,1.,0.));
#2153=DIRECTION('center_axis',(1.,0.,0.));
#2154=DIRECTION('ref_axis',(0.,1.,0.));
#2155=DIRECTION('center_axis',(-1.,0.,0.));
#2156=DIRECTION('ref_axis',(0.,0.,1.));
#2157=DIRECTION('center_axis',(-1.,0.,0.));
#2158=DIRECTION('ref_axis',(0.,-1.,0.));
#2159=DIRECTION('center_axis',(1.,0.,0.));
#2160=DIRECTION('ref_axis',(0.,0.,1.));
#2161=DIRECTION('center_axis',(-1.,0.,0.));
#2162=DIRECTION('ref_axis',(0.,-1.,0.));
#2163=DIRECTION('center_axis',(0.,1.,0.));
#2164=DIRECTION('ref_axis',(1.,0.,0.));
#2165=DIRECTION('center_axis',(0.,-1.,0.));
#2166=DIRECTION('ref_axis',(0.,0.,-1.));
#2167=DIRECTION('center_axis',(0.,1.,0.));
#2168=DIRECTION('ref_axis',(1.,0.,0.));
#2169=DIRECTION('center_axis',(0.,0.,1.));
#2170=DIRECTION('ref_axis',(0.,1.,0.));
#2171=DIRECTION('center_axis',(0.,0.,-1.));
#2172=DIRECTION('ref_axis',(-1.,0.,0.));
#2173=DIRECTION('center_axis',(0.,0.,1.));
#2174=DIRECTION('ref_axis',(0.,1.,0.));
#2175=DIRECTION('center_axis',(0.,1.,0.));
#2176=DIRECTION('ref_axis',(0.,0.,1.));
#2177=DIRECTION('center_axis',(0.,-1.,0.));
#2178=DIRECTION('ref_axis',(1.,0.,0.));
#2179=DIRECTION('center_axis',(0.,1.,0.));
#2180=DIRECTION('ref_axis',(0.,0.,1.));
#2181=DIRECTION('center_axis',(-1.,0.,0.));
#2182=DIRECTION('ref_axis',(0.,1.,0.));
#2183=DIRECTION('center_axis',(-1.,0.,0.));
#2184=DIRECTION('ref_axis',(0.,1.,0.));
#2185=DIRECTION('center_axis',(1.,0.,0.));
#2186=DIRECTION('ref_axis',(0.,0.,-1.));
#2187=DIRECTION('center_axis',(0.,0.,-1.));
#2188=DIRECTION('ref_axis',(0.,1.,0.));
#2189=DIRECTION('center_axis',(0.,0.,-1.));
#2190=DIRECTION('ref_axis',(0.,1.,0.));
#2191=DIRECTION('center_axis',(0.,0.,1.));
#2192=DIRECTION('ref_axis',(1.,0.,0.));
#2193=DIRECTION('center_axis',(0.,1.,0.));
#2194=DIRECTION('ref_axis',(0.,0.,-1.));
#2195=DIRECTION('center_axis',(0.,1.,0.));
#2196=DIRECTION('ref_axis',(0.,0.,-1.));
#2197=DIRECTION('center_axis',(0.,-1.,0.));
#2198=DIRECTION('ref_axis',(-1.,0.,0.));
#2199=DIRECTION('center_axis',(0.,0.,1.));
#2200=DIRECTION('ref_axis',(0.,-1.,0.));
#2201=DIRECTION('center_axis',(0.,0.,-1.));
#2202=DIRECTION('ref_axis',(1.,0.,0.));
#2203=DIRECTION('center_axis',(0.,0.,1.));
#2204=DIRECTION('ref_axis',(0.,-1.,0.));
#2205=DIRECTION('center_axis',(1.,0.,0.));
#2206=DIRECTION('ref_axis',(0.,-1.,0.));
#2207=DIRECTION('center_axis',(-1.,0.,0.));
#2208=DIRECTION('ref_axis',(0.,0.,-1.));
#2209=DIRECTION('center_axis',(1.,0.,0.));
#2210=DIRECTION('ref_axis',(0.,-1.,0.));
#2211=DIRECTION('center_axis',(0.,0.,-1.));
#2212=DIRECTION('ref_axis',(0.,-1.,0.));
#2213=DIRECTION('center_axis',(0.,0.,-1.));
#2214=DIRECTION('ref_axis',(0.,-1.,0.));
#2215=DIRECTION('center_axis',(0.,0.,1.));
#2216=DIRECTION('ref_axis',(-1.,0.,0.));
#2217=DIRECTION('center_axis',(0.,1.,0.));
#2218=DIRECTION('ref_axis',(0.,0.,1.));
#2219=DIRECTION('center_axis',(0.,1.,0.));
#2220=DIRECTION('ref_axis',(0.,0.,1.));
#2221=DIRECTION('center_axis',(0.,1.,0.));
#2222=DIRECTION('ref_axis',(0.,0.,1.));
#2223=DIRECTION('center_axis',(0.,1.,0.));
#2224=DIRECTION('ref_axis',(0.,0.,1.));
#2225=DIRECTION('center_axis',(0.,1.,0.));
#2226=DIRECTION('ref_axis',(0.,0.,1.));
#2227=DIRECTION('center_axis',(0.,1.,0.));
#2228=DIRECTION('ref_axis',(0.,0.,1.));
#2229=DIRECTION('center_axis',(0.,1.,0.));
#2230=DIRECTION('ref_axis',(0.,0.,1.));
#2231=DIRECTION('center_axis',(0.,1.,0.));
#2232=DIRECTION('ref_axis',(0.,0.,1.));
#2233=CARTESIAN_POINT('',(0.,0.,0.));
#2234=CARTESIAN_POINT('Origin',(0.,-508.,0.));
#2235=CARTESIAN_POINT('',(-990.6,-508.,-335.777088305489));
#2236=CARTESIAN_POINT('',(-990.6,-508.,-609.6));
#2237=CARTESIAN_POINT('',(-990.6,-508.,-335.777088305489));
#2238=CARTESIAN_POINT('',(990.6,-508.,-609.6));
#2239=CARTESIAN_POINT('',(-990.6,-508.,-609.6));
#2240=CARTESIAN_POINT('',(990.6,-508.,-335.777088305489));
#2241=CARTESIAN_POINT('',(990.6,-508.,-609.6));
#2242=CARTESIAN_POINT('',(660.4,-508.,-335.777088305489));
#2243=CARTESIAN_POINT('',(990.6,-508.,-335.777088305489));
#2244=CARTESIAN_POINT('',(609.6,-508.,-284.977088305489));
#2245=CARTESIAN_POINT('Origin',(660.4,-508.,-284.977088305489));
#2246=CARTESIAN_POINT('',(609.6,-508.,172.222911694511));
#2247=CARTESIAN_POINT('',(609.6,-508.,-284.977088305489));
#2248=CARTESIAN_POINT('',(660.4,-508.,223.022911694511));
#2249=CARTESIAN_POINT('Origin',(660.4,-508.,172.222911694511));
#2250=CARTESIAN_POINT('',(990.6,-508.,223.022911694511));
#2251=CARTESIAN_POINT('',(660.4,-508.,223.022911694511));
#2252=CARTESIAN_POINT('',(990.6,-508.,609.6));
#2253=CARTESIAN_POINT('',(990.6,-508.,223.022911694511));
#2254=CARTESIAN_POINT('',(-990.6,-508.,609.6));
#2255=CARTESIAN_POINT('',(990.6,-508.,609.6));
#2256=CARTESIAN_POINT('',(-990.6,-508.,223.022911694511));
#2257=CARTESIAN_POINT('',(-990.6,-508.,609.6));
#2258=CARTESIAN_POINT('',(-660.4,-508.,223.022911694511));
#2259=CARTESIAN_POINT('',(-990.6,-508.,223.022911694511));
#2260=CARTESIAN_POINT('',(-609.6,-508.,172.222911694511));
#2261=CARTESIAN_POINT('Origin',(-660.4,-508.,172.222911694511));
#2262=CARTESIAN_POINT('',(-609.6,-508.,-284.977088305489));
#2263=CARTESIAN_POINT('',(-609.6,-508.,172.222911694511));
#2264=CARTESIAN_POINT('',(-660.4,-508.,-335.777088305489));
#2265=CARTESIAN_POINT('Origin',(-660.4,-508.,-284.977088305489));
#2266=CARTESIAN_POINT('',(-660.4,-508.,-335.777088305489));
#2267=CARTESIAN_POINT('',(355.6,-508.,-279.4));
#2268=CARTESIAN_POINT('',(-355.6,-508.,-279.4));
#2269=CARTESIAN_POINT('',(355.6,-508.,-279.4));
#2270=CARTESIAN_POINT('',(-406.4,-508.,-228.6));
#2271=CARTESIAN_POINT('Origin',(-355.6,-508.,-228.6));
#2272=CARTESIAN_POINT('',(-406.4,-508.,228.6));
#2273=CARTESIAN_POINT('',(-406.4,-508.,-228.6));
#2274=CARTESIAN_POINT('',(-355.6,-508.,279.4));
#2275=CARTESIAN_POINT('Origin',(-355.6,-508.,228.6));
#2276=CARTESIAN_POINT('',(355.6,-508.,279.4));
#2277=CARTESIAN_POINT('',(-355.6,-508.,279.4));
#2278=CARTESIAN_POINT('',(406.4,-508.,228.6));
#2279=CARTESIAN_POINT('Origin',(355.6,-508.,228.6));
#2280=CARTESIAN_POINT('',(406.4,-508.,-228.6));
#2281=CARTESIAN_POINT('',(406.4,-508.,228.6));
#2282=CARTESIAN_POINT('Origin',(355.6,-508.,-228.6));
#2283=CARTESIAN_POINT('Origin',(0.,508.,0.));
#2284=CARTESIAN_POINT('',(990.6,508.,-335.777088305489));
#2285=CARTESIAN_POINT('',(990.6,508.,-609.6));
#2286=CARTESIAN_POINT('',(990.6,508.,-335.777088305489));
#2287=CARTESIAN_POINT('',(-990.6,508.,-609.6));
#2288=CARTESIAN_POINT('',(990.6,508.,-609.6));
#2289=CARTESIAN_POINT('',(-990.6,508.,-335.777088305489));
#2290=CARTESIAN_POINT('',(-990.6,508.,-609.6));
#2291=CARTESIAN_POINT('',(-660.4,508.,-335.777088305489));
#2292=CARTESIAN_POINT('',(-990.6,508.,-335.777088305489));
#2293=CARTESIAN_POINT('',(-609.6,508.,-284.977088305489));
#2294=CARTESIAN_POINT('Origin',(-660.4,508.,-284.977088305489));
#2295=CARTESIAN_POINT('',(-609.6,508.,172.222911694511));
#2296=CARTESIAN_POINT('',(-609.6,508.,-284.977088305489));
#2297=CARTESIAN_POINT('',(-660.4,508.,223.022911694511));
#2298=CARTESIAN_POINT('Origin',(-660.4,508.,172.222911694511));
#2299=CARTESIAN_POINT('',(-990.6,508.,223.022911694511));
#2300=CARTESIAN_POINT('',(-660.4,508.,223.022911694511));
#2301=CARTESIAN_POINT('',(-990.6,508.,609.6));
#2302=CARTESIAN_POINT('',(-990.6,508.,223.022911694511));
#2303=CARTESIAN_POINT('',(990.6,508.,609.6));
#2304=CARTESIAN_POINT('',(-990.6,508.,609.6));
#2305=CARTESIAN_POINT('',(990.6,508.,223.022911694511));
#2306=CARTESIAN_POINT('',(990.6,508.,609.6));
#2307=CARTESIAN_POINT('',(660.4,508.,223.022911694511));
#2308=CARTESIAN_POINT('',(990.6,508.,223.022911694511));
#2309=CARTESIAN_POINT('',(609.6,508.,172.222911694511));
#2310=CARTESIAN_POINT('Origin',(660.4,508.,172.222911694511));
#2311=CARTESIAN_POINT('',(609.6,508.,-284.977088305489));
#2312=CARTESIAN_POINT('',(609.6,508.,172.222911694511));
#2313=CARTESIAN_POINT('',(660.4,508.,-335.777088305489));
#2314=CARTESIAN_POINT('Origin',(660.4,508.,-284.977088305489));
#2315=CARTESIAN_POINT('',(660.4,508.,-335.777088305489));
#2316=CARTESIAN_POINT('',(-355.6,508.,-279.4));
#2317=CARTESIAN_POINT('',(355.6,508.,-279.4));
#2318=CARTESIAN_POINT('',(-355.6,508.,-279.4));
#2319=CARTESIAN_POINT('',(406.4,508.,-228.6));
#2320=CARTESIAN_POINT('Origin',(355.6,508.,-228.6));
#2321=CARTESIAN_POINT('',(406.4,508.,228.6));
#2322=CARTESIAN_POINT('',(406.4,508.,-228.6));
#2323=CARTESIAN_POINT('',(355.6,508.,279.4));
#2324=CARTESIAN_POINT('Origin',(355.6,508.,228.6));
#2325=CARTESIAN_POINT('',(-355.6,508.,279.4));
#2326=CARTESIAN_POINT('',(355.6,508.,279.4));
#2327=CARTESIAN_POINT('',(-406.4,508.,228.6));
#2328=CARTESIAN_POINT('Origin',(-355.6,508.,228.6));
#2329=CARTESIAN_POINT('',(-406.4,508.,-228.6));
#2330=CARTESIAN_POINT('',(-406.4,508.,228.6));
#2331=CARTESIAN_POINT('Origin',(-355.6,508.,-228.6));
#2332=CARTESIAN_POINT('Origin',(1016.,-508.,-310.377088305489));
#2333=CARTESIAN_POINT('',(1016.,482.6,-335.777088305489));
#2334=CARTESIAN_POINT('',(1016.,482.6,-609.6));
#2335=CARTESIAN_POINT('',(1016.,482.6,-335.777088305489));
#2336=CARTESIAN_POINT('',(1016.,-482.6,-335.777088305489));
#2337=CARTESIAN_POINT('',(1016.,-482.6,-335.777088305489));
#2338=CARTESIAN_POINT('',(1016.,-482.6,-609.6));
#2339=CARTESIAN_POINT('',(1016.,-482.6,-609.6));
#2340=CARTESIAN_POINT('',(1016.,482.6,-609.6));
#2341=CARTESIAN_POINT('Origin',(1016.,-508.,-635.));
#2342=CARTESIAN_POINT('',(990.6,482.6,-635.));
#2343=CARTESIAN_POINT('',(990.6,-482.6,-635.));
#2344=CARTESIAN_POINT('',(990.6,482.6,-635.));
#2345=CARTESIAN_POINT('',(-990.6,-482.6,-635.));
#2346=CARTESIAN_POINT('',(-990.6,-482.6,-635.));
#2347=CARTESIAN_POINT('',(-990.6,482.6,-635.));
#2348=CARTESIAN_POINT('',(-990.6,482.6,-635.));
#2349=CARTESIAN_POINT('',(990.6,482.6,-635.));
#2350=CARTESIAN_POINT('Origin',(-1016.,-508.,-635.));
#2351=CARTESIAN_POINT('',(-1016.,-482.6,-335.777088305489));
#2352=CARTESIAN_POINT('',(-1016.,-482.6,-609.6));
#2353=CARTESIAN_POINT('',(-1016.,-482.6,-335.777088305489));
#2354=CARTESIAN_POINT('',(-1016.,482.6,-335.777088305489));
#2355=CARTESIAN_POINT('',(-1016.,482.6,-335.777088305489));
#2356=CARTESIAN_POINT('',(-1016.,482.6,-609.6));
#2357=CARTESIAN_POINT('',(-1016.,482.6,-609.6));
#2358=CARTESIAN_POINT('',(-1016.,482.6,-609.6));
#2359=CARTESIAN_POINT('Origin',(-1016.,-508.,-310.377088305489));
#2360=CARTESIAN_POINT('',(-660.4,-482.6,-310.377088305489));
#2361=CARTESIAN_POINT('',(-990.6,-482.6,-310.377088305489));
#2362=CARTESIAN_POINT('',(-660.4,-482.6,-310.377088305489));
#2363=CARTESIAN_POINT('',(-660.4,482.6,-310.377088305489));
#2364=CARTESIAN_POINT('',(-660.4,-482.6,-310.377088305489));
#2365=CARTESIAN_POINT('',(-990.6,482.6,-310.377088305489));
#2366=CARTESIAN_POINT('',(-990.6,482.6,-310.377088305489));
#2367=CARTESIAN_POINT('',(-990.6,482.6,-310.377088305489));
#2368=CARTESIAN_POINT('Origin',(-635.,-508.,-310.377088305489));
#2369=CARTESIAN_POINT('',(-635.,-482.6,-284.977088305489));
#2370=CARTESIAN_POINT('',(-635.,482.6,-284.977088305489));
#2371=CARTESIAN_POINT('',(-635.,-482.6,-284.977088305489));
#2372=CARTESIAN_POINT('',(-635.,-482.6,172.222911694511));
#2373=CARTESIAN_POINT('',(-635.,-482.6,172.222911694511));
#2374=CARTESIAN_POINT('',(-635.,482.6,172.222911694511));
#2375=CARTESIAN_POINT('',(-635.,-482.6,172.222911694511));
#2376=CARTESIAN_POINT('',(-635.,482.6,-284.977088305489));
#2377=CARTESIAN_POINT('Origin',(-635.,-508.,197.622911694511));
#2378=CARTESIAN_POINT('',(-990.6,482.6,197.622911694511));
#2379=CARTESIAN_POINT('',(-990.6,-482.6,197.622911694511));
#2380=CARTESIAN_POINT('',(-990.6,482.6,197.622911694511));
#2381=CARTESIAN_POINT('',(-660.4,482.6,197.622911694511));
#2382=CARTESIAN_POINT('',(-660.4,482.6,197.622911694511));
#2383=CARTESIAN_POINT('',(-660.4,-482.6,197.622911694511));
#2384=CARTESIAN_POINT('',(-660.4,-482.6,197.622911694511));
#2385=CARTESIAN_POINT('',(-990.6,-482.6,197.622911694511));
#2386=CARTESIAN_POINT('Origin',(-1016.,-508.,197.622911694511));
#2387=CARTESIAN_POINT('',(-1016.,-482.6,609.6));
#2388=CARTESIAN_POINT('',(-1016.,-482.6,223.022911694511));
#2389=CARTESIAN_POINT('',(-1016.,-482.6,609.6));
#2390=CARTESIAN_POINT('',(-1016.,482.6,609.6));
#2391=CARTESIAN_POINT('',(-1016.,482.6,609.6));
#2392=CARTESIAN_POINT('',(-1016.,482.6,223.022911694511));
#2393=CARTESIAN_POINT('',(-1016.,482.6,223.022911694511));
#2394=CARTESIAN_POINT('',(-1016.,482.6,223.022911694511));
#2395=CARTESIAN_POINT('Origin',(-1016.,-508.,635.));
#2396=CARTESIAN_POINT('',(990.6,-482.6,635.));
#2397=CARTESIAN_POINT('',(-990.6,-482.6,635.));
#2398=CARTESIAN_POINT('',(990.6,-482.6,635.));
#2399=CARTESIAN_POINT('',(990.6,482.6,635.));
#2400=CARTESIAN_POINT('',(990.6,482.6,635.));
#2401=CARTESIAN_POINT('',(-990.6,482.6,635.));
#2402=CARTESIAN_POINT('',(-990.6,482.6,635.));
#2403=CARTESIAN_POINT('',(-990.6,482.6,635.));
#2404=CARTESIAN_POINT('Origin',(1016.,-508.,635.));
#2405=CARTESIAN_POINT('',(1016.,482.6,609.6));
#2406=CARTESIAN_POINT('',(1016.,-482.6,609.6));
#2407=CARTESIAN_POINT('',(1016.,482.6,609.6));
#2408=CARTESIAN_POINT('',(1016.,-482.6,223.022911694511));
#2409=CARTESIAN_POINT('',(1016.,-482.6,223.022911694511));
#2410=CARTESIAN_POINT('',(1016.,482.6,223.022911694511));
#2411=CARTESIAN_POINT('',(1016.,482.6,223.022911694511));
#2412=CARTESIAN_POINT('',(1016.,482.6,609.6));
#2413=CARTESIAN_POINT('Origin',(1016.,-508.,197.622911694511));
#2414=CARTESIAN_POINT('',(660.4,-482.6,197.622911694511));
#2415=CARTESIAN_POINT('',(660.4,482.6,197.622911694511));
#2416=CARTESIAN_POINT('',(660.4,-482.6,197.622911694511));
#2417=CARTESIAN_POINT('',(990.6,482.6,197.622911694511));
#2418=CARTESIAN_POINT('',(990.6,482.6,197.622911694511));
#2419=CARTESIAN_POINT('',(990.6,-482.6,197.622911694511));
#2420=CARTESIAN_POINT('',(990.6,482.6,197.622911694511));
#2421=CARTESIAN_POINT('',(660.4,-482.6,197.622911694511));
#2422=CARTESIAN_POINT('Origin',(635.,-508.,197.622911694511));
#2423=CARTESIAN_POINT('',(635.,-482.6,172.222911694511));
#2424=CARTESIAN_POINT('',(635.,482.6,172.222911694511));
#2425=CARTESIAN_POINT('',(635.,-482.6,172.222911694511));
#2426=CARTESIAN_POINT('',(635.,-482.6,-284.977088305489));
#2427=CARTESIAN_POINT('',(635.,-482.6,-284.977088305489));
#2428=CARTESIAN_POINT('',(635.,482.6,-284.977088305489));
#2429=CARTESIAN_POINT('',(635.,-482.6,-284.977088305489));
#2430=CARTESIAN_POINT('',(635.,482.6,172.222911694511));
#2431=CARTESIAN_POINT('Origin',(635.,-508.,-310.377088305489));
#2432=CARTESIAN_POINT('',(990.6,-482.6,-310.377088305489));
#2433=CARTESIAN_POINT('',(990.6,482.6,-310.377088305489));
#2434=CARTESIAN_POINT('',(990.6,-482.6,-310.377088305489));
#2435=CARTESIAN_POINT('',(660.4,482.6,-310.377088305489));
#2436=CARTESIAN_POINT('',(660.4,482.6,-310.377088305489));
#2437=CARTESIAN_POINT('',(660.4,-482.6,-310.377088305489));
#2438=CARTESIAN_POINT('',(660.4,-482.6,-310.377088305489));
#2439=CARTESIAN_POINT('',(990.6,-482.6,-310.377088305489));
#2440=CARTESIAN_POINT('Origin',(381.,-508.,254.));
#2441=CARTESIAN_POINT('',(-355.6,-482.6,254.));
#2442=CARTESIAN_POINT('',(-355.6,482.6,254.));
#2443=CARTESIAN_POINT('',(-355.6,-482.6,254.));
#2444=CARTESIAN_POINT('',(355.6,482.6,254.));
#2445=CARTESIAN_POINT('',(355.6,482.6,254.));
#2446=CARTESIAN_POINT('',(355.6,-482.6,254.));
#2447=CARTESIAN_POINT('',(355.6,-482.6,254.));
#2448=CARTESIAN_POINT('',(-355.6,-482.6,254.));
#2449=CARTESIAN_POINT('Origin',(-381.,-508.,254.));
#2450=CARTESIAN_POINT('',(-381.,-482.6,228.6));
#2451=CARTESIAN_POINT('',(-381.,482.6,228.6));
#2452=CARTESIAN_POINT('',(-381.,-482.6,228.6));
#2453=CARTESIAN_POINT('',(-381.,-482.6,-228.6));
#2454=CARTESIAN_POINT('',(-381.,-482.6,-228.6));
#2455=CARTESIAN_POINT('',(-381.,482.6,-228.6));
#2456=CARTESIAN_POINT('',(-381.,-482.6,-228.6));
#2457=CARTESIAN_POINT('',(-381.,482.6,228.6));
#2458=CARTESIAN_POINT('Origin',(-381.,-508.,-254.));
#2459=CARTESIAN_POINT('',(-355.6,482.6,-254.));
#2460=CARTESIAN_POINT('',(355.6,482.6,-254.));
#2461=CARTESIAN_POINT('',(-355.6,482.6,-254.));
#2462=CARTESIAN_POINT('',(-355.6,-482.6,-254.));
#2463=CARTESIAN_POINT('',(-355.6,-482.6,-254.));
#2464=CARTESIAN_POINT('',(355.6,-482.6,-254.));
#2465=CARTESIAN_POINT('',(355.6,-482.6,-254.));
#2466=CARTESIAN_POINT('',(355.6,-482.6,-254.));
#2467=CARTESIAN_POINT('Origin',(381.,-508.,-254.));
#2468=CARTESIAN_POINT('',(381.,-482.6,-228.6));
#2469=CARTESIAN_POINT('',(381.,482.6,-228.6));
#2470=CARTESIAN_POINT('',(381.,-482.6,-228.6));
#2471=CARTESIAN_POINT('',(381.,-482.6,228.6));
#2472=CARTESIAN_POINT('',(381.,-482.6,228.6));
#2473=CARTESIAN_POINT('',(381.,482.6,228.6));
#2474=CARTESIAN_POINT('',(381.,-482.6,228.6));
#2475=CARTESIAN_POINT('',(381.,482.6,-228.6));
#2476=CARTESIAN_POINT('Origin',(-990.6,1832.4576,609.6));
#2477=CARTESIAN_POINT('Origin',(-990.6,-482.6,609.6));
#2478=CARTESIAN_POINT('Origin',(-990.6,482.6,609.6));
#2479=CARTESIAN_POINT('Origin',(-660.4,-1832.4576,-284.977088305489));
#2480=CARTESIAN_POINT('Origin',(-660.4,482.6,-284.977088305489));
#2481=CARTESIAN_POINT('Origin',(-660.4,-482.6,-284.977088305489));
#2482=CARTESIAN_POINT('Origin',(-660.4,-1832.4576,172.222911694511));
#2483=CARTESIAN_POINT('Origin',(-660.4,482.6,172.222911694511));
#2484=CARTESIAN_POINT('Origin',(-660.4,-482.6,172.222911694511));
#2485=CARTESIAN_POINT('Origin',(-990.6,1832.4576,223.022911694511));
#2486=CARTESIAN_POINT('Origin',(-990.6,-482.600000000003,223.022911694511));
#2487=CARTESIAN_POINT('Origin',(-990.6,482.6,223.022911694511));
#2488=CARTESIAN_POINT('Origin',(-3664.9152,-482.6,223.022911694511));
#2489=CARTESIAN_POINT('Origin',(-990.599999999998,-482.6,223.022911694511));
#2490=CARTESIAN_POINT('Origin',(-660.4,-482.6,223.022911694511));
#2491=CARTESIAN_POINT('Origin',(-609.6,-482.6,2290.572));
#2492=CARTESIAN_POINT('Origin',(-609.6,-482.6,172.222911694512));
#2493=CARTESIAN_POINT('Origin',(-609.6,-482.6,-284.977088305489));
#2494=CARTESIAN_POINT('Origin',(3664.9152,-482.6,-335.777088305489));
#2495=CARTESIAN_POINT('Origin',(-990.600000000006,-482.6,-335.777088305489));
#2496=CARTESIAN_POINT('Origin',(-660.4,-482.6,-335.777088305489));
#2497=CARTESIAN_POINT('Origin',(-990.6,1832.4576,-335.777088305489));
#2498=CARTESIAN_POINT('Origin',(-990.6,-482.600000000003,-335.777088305489));
#2499=CARTESIAN_POINT('Origin',(-990.6,482.6,-335.777088305489));
#2500=CARTESIAN_POINT('Origin',(-990.6,482.6,-2290.572));
#2501=CARTESIAN_POINT('Origin',(-990.6,482.6,-609.599999999999));
#2502=CARTESIAN_POINT('Origin',(-990.6,482.6,-335.77708830549));
#2503=CARTESIAN_POINT('Origin',(-3664.9152,482.6,-335.777088305489));
#2504=CARTESIAN_POINT('Origin',(-990.6,482.6,-335.777088305489));
#2505=CARTESIAN_POINT('Origin',(-660.4,482.6,-335.777088305489));
#2506=CARTESIAN_POINT('Origin',(-609.6,482.6,-2290.572));
#2507=CARTESIAN_POINT('Origin',(-609.6,482.6,-284.97708830549));
#2508=CARTESIAN_POINT('Origin',(-609.6,482.6,172.222911694511));
#2509=CARTESIAN_POINT('Origin',(3664.9152,482.6,223.022911694511));
#2510=CARTESIAN_POINT('Origin',(-660.4,482.6,223.022911694511));
#2511=CARTESIAN_POINT('Origin',(-990.599999999999,482.6,223.022911694511));
#2512=CARTESIAN_POINT('Origin',(-990.6,482.6,-2290.572));
#2513=CARTESIAN_POINT('Origin',(-990.6,482.6,223.022911694511));
#2514=CARTESIAN_POINT('Origin',(-990.6,482.6,609.6));
#2515=CARTESIAN_POINT('Origin',(-3664.9152,482.6,609.6));
#2516=CARTESIAN_POINT('Origin',(-990.6,482.6,609.6));
#2517=CARTESIAN_POINT('Origin',(990.599999999999,482.6,609.6));
#2518=CARTESIAN_POINT('Origin',(-3664.9152,482.6,-335.777088305489));
#2519=CARTESIAN_POINT('Origin',(990.599999999999,482.6,-335.777088305489));
#2520=CARTESIAN_POINT('Origin',(660.4,482.6,-335.777088305489));
#2521=CARTESIAN_POINT('Origin',(3664.9152,-482.6,-335.777088305489));
#2522=CARTESIAN_POINT('Origin',(990.6,-482.6,-335.777088305489));
#2523=CARTESIAN_POINT('Origin',(660.4,-482.6,-335.777088305489));
#2524=CARTESIAN_POINT('Origin',(660.4,-1832.4576,172.222911694511));
#2525=CARTESIAN_POINT('Origin',(660.4,482.6,172.222911694511));
#2526=CARTESIAN_POINT('Origin',(660.4,-482.6,172.222911694511));
#2527=CARTESIAN_POINT('Origin',(990.6,1832.4576,223.022911694511));
#2528=CARTESIAN_POINT('Origin',(990.6,482.6,223.022911694511));
#2529=CARTESIAN_POINT('Origin',(990.6,-482.6,223.022911694511));
#2530=CARTESIAN_POINT('Origin',(-3664.9152,-482.6,223.022911694511));
#2531=CARTESIAN_POINT('Origin',(660.4,-482.6,223.022911694511));
#2532=CARTESIAN_POINT('Origin',(990.599999999999,-482.6,223.022911694511));
#2533=CARTESIAN_POINT('Origin',(609.6,-482.6,-2290.572));
#2534=CARTESIAN_POINT('Origin',(609.6,-482.6,-284.97708830549));
#2535=CARTESIAN_POINT('Origin',(609.6,-482.6,172.222911694511));
#2536=CARTESIAN_POINT('Origin',(660.4,-1832.4576,-284.977088305489));
#2537=CARTESIAN_POINT('Origin',(660.4,482.6,-284.977088305489));
#2538=CARTESIAN_POINT('Origin',(660.4,-482.6,-284.977088305489));
#2539=CARTESIAN_POINT('Origin',(609.6,482.6,2290.572));
#2540=CARTESIAN_POINT('Origin',(609.6,482.6,172.222911694512));
#2541=CARTESIAN_POINT('Origin',(609.6,482.6,-284.977088305489));
#2542=CARTESIAN_POINT('Origin',(3664.9152,482.6,223.022911694511));
#2543=CARTESIAN_POINT('Origin',(990.6,482.6,223.022911694511));
#2544=CARTESIAN_POINT('Origin',(660.4,482.6,223.022911694511));
#2545=CARTESIAN_POINT('Origin',(990.6,482.6,2290.572));
#2546=CARTESIAN_POINT('Origin',(990.6,482.6,609.6));
#2547=CARTESIAN_POINT('Origin',(990.6,482.6,223.022911694512));
#2548=CARTESIAN_POINT('Origin',(990.6,1832.4576,609.6));
#2549=CARTESIAN_POINT('Origin',(990.6,-482.600000000003,609.6));
#2550=CARTESIAN_POINT('Origin',(990.6,482.6,609.6));
#2551=CARTESIAN_POINT('Origin',(990.6,-482.6,-2290.572));
#2552=CARTESIAN_POINT('Origin',(990.6,-482.6,609.6));
#2553=CARTESIAN_POINT('Origin',(990.6,-482.6,223.02291169451));
#2554=CARTESIAN_POINT('Origin',(990.6,-482.6,223.022911694511));
#2555=CARTESIAN_POINT('Origin',(990.6,482.6,609.6));
#2556=CARTESIAN_POINT('Origin',(990.6,482.6,223.022911694511));
#2557=CARTESIAN_POINT('Origin',(660.4,482.6,172.222911694511));
#2558=CARTESIAN_POINT('Origin',(660.4,482.6,-284.977088305489));
#2559=CARTESIAN_POINT('Origin',(660.4,-482.6,-284.977088305489));
#2560=CARTESIAN_POINT('Origin',(660.4,-482.6,172.222911694511));
#2561=CARTESIAN_POINT('Origin',(-990.6,482.6,609.6));
#2562=CARTESIAN_POINT('Origin',(-990.6,482.6,223.022911694511));
#2563=CARTESIAN_POINT('Origin',(-660.4,482.6,172.222911694511));
#2564=CARTESIAN_POINT('Origin',(-660.4,482.6,-284.977088305489));
#2565=CARTESIAN_POINT('Origin',(-990.6,482.6,-335.777088305489));
#2566=CARTESIAN_POINT('Origin',(-660.4,-482.6,-284.977088305489));
#2567=CARTESIAN_POINT('Origin',(-660.4,-482.6,172.222911694511));
#2568=CARTESIAN_POINT('Origin',(-990.6,-482.6,223.022911694511));
#2569=CARTESIAN_POINT('Origin',(-990.6,-482.6,223.022911694511));
#2570=CARTESIAN_POINT('Origin',(-990.6,-482.6,609.8163827016));
#2571=CARTESIAN_POINT('Origin',(-990.6,-482.6,609.6));
#2572=CARTESIAN_POINT('Origin',(-990.6,-482.6,609.6));
#2573=CARTESIAN_POINT('Origin',(-990.599999999999,-482.6,609.6));
#2574=CARTESIAN_POINT('Origin',(990.8163827016,-482.6,609.6));
#2575=CARTESIAN_POINT('Origin',(990.6,-482.6,609.6));
#2576=CARTESIAN_POINT('Origin',(990.6,-482.6,609.6));
#2577=CARTESIAN_POINT('Origin',(-990.6,-482.6,-335.777088305489));
#2578=CARTESIAN_POINT('Origin',(-990.6,-482.6,-335.777088305489));
#2579=CARTESIAN_POINT('Origin',(-990.6,-482.6,-335.560705603889));
#2580=CARTESIAN_POINT('Origin',(-990.6,-482.6,-609.6));
#2581=CARTESIAN_POINT('Origin',(990.6,482.6,-310.224765724689));
#2582=CARTESIAN_POINT('Origin',(990.6,482.6,-609.6));
#2583=CARTESIAN_POINT('Origin',(990.6,482.6,-335.777088305489));
#2584=CARTESIAN_POINT('Origin',(990.6,482.6,-335.777088305489));
#2585=CARTESIAN_POINT('Origin',(990.6,482.6,-335.777088305489));
#2586=CARTESIAN_POINT('Origin',(990.6,-482.7493864424,-335.777088305489));
#2587=CARTESIAN_POINT('Origin',(990.6,-482.6,-335.777088305489));
#2588=CARTESIAN_POINT('Origin',(990.6,-482.6,-335.777088305489));
#2589=CARTESIAN_POINT('Origin',(990.6,-482.6,-335.77708830549));
#2590=CARTESIAN_POINT('Origin',(990.6,-482.6,-2290.572));
#2591=CARTESIAN_POINT('Origin',(990.6,-482.6,-609.599999999999));
#2592=CARTESIAN_POINT('Origin',(990.6,1832.4576,-609.6));
#2593=CARTESIAN_POINT('Origin',(990.6,482.6,-609.6));
#2594=CARTESIAN_POINT('Origin',(990.6,-482.6,-609.6));
#2595=CARTESIAN_POINT('Origin',(-3664.9152,-482.6,-609.6));
#2596=CARTESIAN_POINT('Origin',(-990.600000000002,-482.6,-609.6));
#2597=CARTESIAN_POINT('Origin',(990.599999999999,-482.6,-609.6));
#2598=CARTESIAN_POINT('Origin',(3664.9152,482.6,-609.6));
#2599=CARTESIAN_POINT('Origin',(990.6,482.6,-609.6));
#2600=CARTESIAN_POINT('Origin',(-990.599999999999,482.6,-609.6));
#2601=CARTESIAN_POINT('Origin',(-990.6,482.6,-609.6));
#2602=CARTESIAN_POINT('Origin',(-990.6,482.6,-609.6));
#2603=CARTESIAN_POINT('Origin',(-990.6,482.755009088,-609.6));
#2604=CARTESIAN_POINT('Origin',(-990.6,-482.6,-609.6));
#2605=CARTESIAN_POINT('Origin',(-990.6,-482.6,-609.6));
#2606=CARTESIAN_POINT('Origin',(990.6,482.6,-609.6));
#2607=CARTESIAN_POINT('Origin',(990.6,-482.6,-609.6));
#2608=CARTESIAN_POINT('Origin',(-355.6,-1832.4576,228.6));
#2609=CARTESIAN_POINT('Origin',(-355.6,482.6,228.6));
#2610=CARTESIAN_POINT('Origin',(-355.6,-482.6,228.6));
#2611=CARTESIAN_POINT('Origin',(-3664.9152,482.6,-279.4));
#2612=CARTESIAN_POINT('Origin',(355.6,482.6,-279.4));
#2613=CARTESIAN_POINT('Origin',(-355.6,482.6,-279.4));
#2614=CARTESIAN_POINT('Origin',(3664.9152,-482.6,-279.4));
#2615=CARTESIAN_POINT('Origin',(355.6,-482.6,-279.4));
#2616=CARTESIAN_POINT('Origin',(-355.6,-482.6,-279.4));
#2617=CARTESIAN_POINT('Origin',(355.6,-1832.4576,-228.6));
#2618=CARTESIAN_POINT('Origin',(355.6,482.6,-228.6));
#2619=CARTESIAN_POINT('Origin',(355.6,-482.6,-228.6));
#2620=CARTESIAN_POINT('Origin',(406.4,482.6,-2290.572));
#2621=CARTESIAN_POINT('Origin',(406.4,482.6,-228.599999999999));
#2622=CARTESIAN_POINT('Origin',(406.4,482.6,228.6));
#2623=CARTESIAN_POINT('Origin',(355.6,-1832.4576,228.6));
#2624=CARTESIAN_POINT('Origin',(355.6,482.6,228.6));
#2625=CARTESIAN_POINT('Origin',(355.6,-482.6,228.6));
#2626=CARTESIAN_POINT('Origin',(3664.9152,482.6,279.4));
#2627=CARTESIAN_POINT('Origin',(-355.6,482.6,279.4));
#2628=CARTESIAN_POINT('Origin',(355.6,482.6,279.4));
#2629=CARTESIAN_POINT('Origin',(-406.4,482.6,2290.572));
#2630=CARTESIAN_POINT('Origin',(-406.4,482.6,-228.6));
#2631=CARTESIAN_POINT('Origin',(-406.4,482.6,228.6));
#2632=CARTESIAN_POINT('Origin',(-355.6,-1832.4576,-228.6));
#2633=CARTESIAN_POINT('Origin',(-355.6,-482.6,-228.6));
#2634=CARTESIAN_POINT('Origin',(-355.6,482.6,-228.6));
#2635=CARTESIAN_POINT('Origin',(-406.4,-482.6,-2290.572));
#2636=CARTESIAN_POINT('Origin',(-406.4,-482.6,-228.599999999999));
#2637=CARTESIAN_POINT('Origin',(-406.4,-482.6,228.6));
#2638=CARTESIAN_POINT('Origin',(-3664.9152,-482.6,279.4));
#2639=CARTESIAN_POINT('Origin',(-355.6,-482.6,279.4));
#2640=CARTESIAN_POINT('Origin',(355.6,-482.6,279.4));
#2641=CARTESIAN_POINT('Origin',(406.4,-482.6,2290.572));
#2642=CARTESIAN_POINT('Origin',(406.4,-482.6,-228.6));
#2643=CARTESIAN_POINT('Origin',(406.4,-482.6,228.6));
#2644=CARTESIAN_POINT('Origin',(355.6,-482.6,228.6));
#2645=CARTESIAN_POINT('Origin',(355.6,-482.6,-228.6));
#2646=CARTESIAN_POINT('Origin',(-355.6,-482.6,228.6));
#2647=CARTESIAN_POINT('Origin',(-355.6,-482.6,-228.6));
#2648=CARTESIAN_POINT('Origin',(-355.6,482.6,-228.6));
#2649=CARTESIAN_POINT('Origin',(-355.6,482.6,228.6));
#2650=CARTESIAN_POINT('Origin',(355.6,482.6,228.6));
#2651=CARTESIAN_POINT('Origin',(355.6,482.6,-228.6));
#2652=CARTESIAN_POINT('polyline point',(1016.,0.,-310.377088305489));
#2653=CARTESIAN_POINT('polyline point',(635.,0.,-310.377088305489));
#2654=CARTESIAN_POINT('polyline point',(635.,0.,-310.377088305489));
#2655=CARTESIAN_POINT('polyline point',(635.,0.,197.622911694511));
#2656=CARTESIAN_POINT('polyline point',(635.,0.,197.622911694511));
#2657=CARTESIAN_POINT('polyline point',(1016.,0.,197.622911694511));
#2658=CARTESIAN_POINT('polyline point',(-1016.,0.,-310.377088305489));
#2659=CARTESIAN_POINT('polyline point',(-635.,0.,-310.377088305489));
#2660=CARTESIAN_POINT('polyline point',(-635.,0.,-310.377088305489));
#2661=CARTESIAN_POINT('polyline point',(-635.,0.,197.622911694511));
#2662=CARTESIAN_POINT('polyline point',(-635.,0.,197.622911694511));
#2663=CARTESIAN_POINT('polyline point',(-1016.,0.,197.622911694511));
#2664=CARTESIAN_POINT('polyline point',(-1016.,0.,635.));
#2665=CARTESIAN_POINT('polyline point',(1016.,0.,635.));
#2666=CARTESIAN_POINT('polyline point',(1016.,0.,635.));
#2667=CARTESIAN_POINT('polyline point',(1016.,0.,-635.));
#2668=CARTESIAN_POINT('polyline point',(1016.,0.,-635.));
#2669=CARTESIAN_POINT('polyline point',(-1016.,0.,-635.));
#2670=CARTESIAN_POINT('polyline point',(-1016.,0.,-635.));
#2671=CARTESIAN_POINT('polyline point',(-1016.,0.,635.));
#2672=CARTESIAN_POINT('polyline point',(381.,0.,254.));
#2673=CARTESIAN_POINT('polyline point',(-381.,0.,254.));
#2674=CARTESIAN_POINT('polyline point',(-381.,0.,254.));
#2675=CARTESIAN_POINT('polyline point',(-381.,0.,-254.));
#2676=CARTESIAN_POINT('polyline point',(-381.,0.,-254.));
#2677=CARTESIAN_POINT('polyline point',(381.,0.,-254.));
#2678=CARTESIAN_POINT('polyline point',(381.,0.,-254.));
#2679=CARTESIAN_POINT('polyline point',(381.,0.,254.));
#2680=UNCERTAINTY_MEASURE_WITH_UNIT(LENGTH_MEASURE(0.01),#2684,
'DISTANCE_ACCURACY_VALUE',
'Maximum model space distance between geometric entities at asserted c
onnectivities');
#2681=UNCERTAINTY_MEASURE_WITH_UNIT(LENGTH_MEASURE(0.01),#2684,
'DISTANCE_ACCURACY_VALUE',
'Maximum model space distance between geometric entities at asserted c
onnectivities');
#2682=(
GEOMETRIC_REPRESENTATION_CONTEXT(3)
GLOBAL_UNCERTAINTY_ASSIGNED_CONTEXT((#2680))
GLOBAL_UNIT_ASSIGNED_CONTEXT((#2684,#2686,#2687))
REPRESENTATION_CONTEXT('','3D')
);
#2683=(
GEOMETRIC_REPRESENTATION_CONTEXT(3)
GLOBAL_UNCERTAINTY_ASSIGNED_CONTEXT((#2681))
GLOBAL_UNIT_ASSIGNED_CONTEXT((#2684,#2686,#2687))
REPRESENTATION_CONTEXT('','3D')
);
#2684=(
LENGTH_UNIT()
NAMED_UNIT(*)
SI_UNIT(.MILLI.,.METRE.)
);
#2685=(
LENGTH_UNIT()
NAMED_UNIT(*)
SI_UNIT(.CENTI.,.METRE.)
);
#2686=(
NAMED_UNIT(*)
PLANE_ANGLE_UNIT()
SI_UNIT($,.RADIAN.)
);
#2687=(
NAMED_UNIT(*)
SI_UNIT($,.STERADIAN.)
SOLID_ANGLE_UNIT()
);
#2688=SHAPE_DEFINITION_REPRESENTATION(#2689,#2690);
#2689=PRODUCT_DEFINITION_SHAPE('',$,#2692);
#2690=SHAPE_REPRESENTATION('',(#1504),#2682);
#2691=PRODUCT_DEFINITION_CONTEXT('part definition',#2696,'design');
#2692=PRODUCT_DEFINITION('part7','part7',#2693,#2691);
#2693=PRODUCT_DEFINITION_FORMATION('',$,#2698);
#2694=PRODUCT_RELATED_PRODUCT_CATEGORY('part7','part7',(#2698));
#2695=APPLICATION_PROTOCOL_DEFINITION('international standard',
'automotive_design',2009,#2696);
#2696=APPLICATION_CONTEXT(
'Core Data for Automotive Mechanical Design Process');
#2697=PRODUCT_CONTEXT('part definition',#2696,'mechanical');
#2698=PRODUCT('part7','part7',$,(#2697));
#2699=PRESENTATION_STYLE_ASSIGNMENT((#2701));
#2700=PRESENTATION_STYLE_ASSIGNMENT((#2702));
#2701=SURFACE_STYLE_USAGE(.BOTH.,#2705);
#2702=SURFACE_STYLE_USAGE(.BOTH.,#2706);
#2703=SURFACE_STYLE_RENDERING_WITH_PROPERTIES($,#2713,(#2704));
#2704=SURFACE_STYLE_TRANSPARENT(0.);
#2705=SURFACE_SIDE_STYLE('',(#2707,#2703));
#2706=SURFACE_SIDE_STYLE('',(#2708));
#2707=SURFACE_STYLE_FILL_AREA(#2709);
#2708=SURFACE_STYLE_FILL_AREA(#2710);
#2709=FILL_AREA_STYLE('',(#2711));
#2710=FILL_AREA_STYLE('',(#2712));
#2711=FILL_AREA_STYLE_COLOUR('',#2713);
#2712=FILL_AREA_STYLE_COLOUR('',#2714);
#2713=COLOUR_RGB('',0.670588235294118,0.670588235294118,0.654901960784314);
#2714=COLOUR_RGB('',0.,0.,0.);
ENDSEC;
END-ISO-10303-21;
