ISO-10303-21;
HEADER;
/* Generated by software containing ST-Developer
 * from STEP Tools, Inc. (www.steptools.com) 
 */

FILE_DESCRIPTION(
/* description */ ('STEP AP214'),
/* implementation_level */ '2;1');

FILE_NAME(
/* name */ 'Pump Manifold v3 (1).stp',
/* time_stamp */ '2026-04-27T21:14:08+03:00',
/* author */ ('ASUS'),
/* organization */ (''),
/* preprocessor_version */ 'ST-DEVELOPER v20.1',
/* originating_system */ 'Autodesk Inventor 2026',
/* authorisation */ '');

FILE_SCHEMA (('AUTOMOTIVE_DESIGN { 1 0 10303 214 3 1 1 }'));
ENDSEC;

DATA;
#10=MECHANICAL_DESIGN_GEOMETRIC_PRESENTATION_REPRESENTATION('',(#13),#3416);
#11=SHAPE_REPRESENTATION_RELATIONSHIP('SRR','None',#3423,#12);
#12=ADVANCED_BREP_SHAPE_REPRESENTATION('',(#14),#3415);
#13=STYLED_ITEM('',(#3432),#14);
#14=MANIFOLD_SOLID_BREP('Solid1',#1682);
#15=FACE_BOUND('',#293,.T.);
#16=FACE_BOUND('',#331,.T.);
#17=FACE_BOUND('',#334,.T.);
#18=FACE_BOUND('',#337,.T.);
#19=FACE_BOUND('',#340,.T.);
#20=FACE_BOUND('',#343,.T.);
#21=FACE_BOUND('',#346,.T.);
#22=FACE_BOUND('',#356,.T.);
#23=FACE_BOUND('',#357,.T.);
#24=FACE_BOUND('',#358,.T.);
#25=FACE_BOUND('',#359,.T.);
#26=FACE_BOUND('',#360,.T.);
#27=FACE_BOUND('',#361,.T.);
#28=FACE_BOUND('',#362,.T.);
#29=FACE_BOUND('',#364,.T.);
#30=FACE_BOUND('',#365,.T.);
#31=FACE_BOUND('',#366,.T.);
#32=FACE_BOUND('',#367,.T.);
#33=FACE_BOUND('',#368,.T.);
#34=FACE_BOUND('',#369,.T.);
#35=PLANE('',#1821);
#36=PLANE('',#1824);
#37=PLANE('',#1827);
#38=PLANE('',#1830);
#39=PLANE('',#1833);
#40=PLANE('',#1836);
#41=PLANE('',#1839);
#42=PLANE('',#1840);
#43=PLANE('',#1843);
#44=PLANE('',#1844);
#45=PLANE('',#1846);
#46=PLANE('',#1848);
#47=PLANE('',#1851);
#48=PLANE('',#1852);
#49=PLANE('',#1854);
#50=PLANE('',#1856);
#51=PLANE('',#1859);
#52=PLANE('',#1860);
#53=PLANE('',#1861);
#54=PLANE('',#1862);
#55=PLANE('',#1863);
#56=PLANE('',#1864);
#57=PLANE('',#1865);
#58=PLANE('',#1866);
#59=PLANE('',#1868);
#60=PLANE('',#1870);
#61=PLANE('',#1872);
#62=PLANE('',#1874);
#63=PLANE('',#1876);
#64=PLANE('',#1878);
#65=PLANE('',#1880);
#66=PLANE('',#1881);
#67=PLANE('',#1882);
#68=PLANE('',#1883);
#69=PLANE('',#1884);
#70=PLANE('',#1885);
#71=PLANE('',#1886);
#72=PLANE('',#1888);
#73=PLANE('',#1889);
#74=PLANE('',#1890);
#75=CONICAL_SURFACE('',#1805,26.67,0.785398163397448);
#76=CONICAL_SURFACE('',#1871,12.9482826579757,0.698131700797732);
#77=CONICAL_SURFACE('',#1873,12.9482826579757,0.698131700797732);
#78=CONICAL_SURFACE('',#1875,12.9482826579757,0.698131700797732);
#79=CONICAL_SURFACE('',#1877,12.9482826579757,0.698131700797732);
#80=CONICAL_SURFACE('',#1879,12.9482826579757,0.698131700797732);
#81=CONICAL_SURFACE('',#1887,12.9482826579757,0.698131700797732);
#82=TOROIDAL_SURFACE('',#1754,21.8298296710925,7.62);
#83=B_SPLINE_CURVE_WITH_KNOTS('',3,(#2461,#2462,#2463,#2464),
 .UNSPECIFIED.,.F.,.F.,(4,4),(0.,0.16773346313069),.UNSPECIFIED.);
#84=B_SPLINE_CURVE_WITH_KNOTS('',3,(#2468,#2469,#2470,#2471,#2472,#2473,
#2474),.UNSPECIFIED.,.F.,.F.,(4,3,4),(-0.167733463130723,0.,0.167733463130549),
 .UNSPECIFIED.);
#85=B_SPLINE_CURVE_WITH_KNOTS('',3,(#2477,#2478,#2479,#2480),
 .UNSPECIFIED.,.F.,.F.,(4,4),(-0.16773346313057,0.),.UNSPECIFIED.);
#86=B_SPLINE_CURVE_WITH_KNOTS('',3,(#2484,#2485,#2486,#2487,#2488,#2489,
#2490,#2491,#2492,#2493,#2494,#2495,#2496,#2497,#2498),.UNSPECIFIED.,.F.,
 .F.,(4,2,2,3,2,2,4),(-0.661107696778802,-0.587479417493829,-0.293739708746915,
0.,0.192670658110765,0.38534131622153,0.389975328885186),.UNSPECIFIED.);
#87=B_SPLINE_CURVE_WITH_KNOTS('',3,(#2500,#2501,#2502,#2503,#2504,#2505,
#2506,#2507,#2508,#2509,#2510,#2511,#2512,#2513,#2514),.UNSPECIFIED.,.F.,
 .F.,(4,2,2,3,2,2,4),(-0.545626389978092,-0.382460408536615,-0.154990804353138,
0.,0.138973842363512,0.344148470851482,0.535066449338062),.UNSPECIFIED.);
#88=B_SPLINE_CURVE_WITH_KNOTS('',3,(#2516,#2517,#2518,#2519,#2520,#2521,
#2522,#2523),.UNSPECIFIED.,.F.,.F.,(4,2,2,4),(1.68813945312195,1.76176773240544,
2.05550744115236,2.14976821079805),.UNSPECIFIED.);
#89=B_SPLINE_CURVE_WITH_KNOTS('',3,(#2528,#2529,#2530,#2531,#2532,#2533,
#2534,#2535,#2536,#2537),.UNSPECIFIED.,.F.,.F.,(4,2,2,2,4),(2.14976821079805,
2.34924714989927,2.54191780801004,2.7345884661208,2.73922247878446),
 .UNSPECIFIED.);
#90=B_SPLINE_CURVE_WITH_KNOTS('',3,(#2538,#2539,#2540,#2541,#2542,#2543,
#2544,#2545,#2546,#2547,#2548,#2549,#2550,#2551,#2552,#2553,#2554,#2555),
 .UNSPECIFIED.,.F.,.F.,(4,2,2,2,2,2,2,2,4),(0.842426195937949,0.869679849255037,
1.04136107053612,1.1522643729663,1.26316767539648,1.37407097782665,1.48497428025683,
1.65665550153791,1.683909154855),.UNSPECIFIED.);
#91=B_SPLINE_CURVE_WITH_KNOTS('',3,(#2559,#2560,#2561,#2562,#2563,#2564,
#2565,#2566,#2567,#2568,#2569,#2570,#2571,#2572,#2573),.UNSPECIFIED.,.F.,
 .F.,(4,2,2,3,2,2,4),(-0.661107696778798,-0.587479417493829,-0.293739708746914,
0.,0.192670658110765,0.38534131622153,0.389975328885187),.UNSPECIFIED.);
#92=B_SPLINE_CURVE_WITH_KNOTS('',3,(#2575,#2576,#2577,#2578,#2579,#2580,
#2581,#2582),.UNSPECIFIED.,.F.,.F.,(4,2,2,4),(6.31827243967717,6.5091904181641,
6.71436504665212,6.85333888901565),.UNSPECIFIED.);
#93=B_SPLINE_CURVE_WITH_KNOTS('',3,(#2584,#2585,#2586,#2587,#2588,#2589,
#2590,#2591),.UNSPECIFIED.,.F.,.F.,(4,2,2,4),(6.85333888901565,7.00832969336882,
7.23579929755245,7.39896527899403),.UNSPECIFIED.);
#94=B_SPLINE_CURVE_WITH_KNOTS('',3,(#2593,#2594,#2595,#2596,#2597,#2598,
#2599,#2600),.UNSPECIFIED.,.F.,.F.,(4,2,2,4),(1.68813945312194,1.76176773240544,
2.05550744115236,2.14976821079804),.UNSPECIFIED.);
#95=B_SPLINE_CURVE_WITH_KNOTS('',3,(#2605,#2606,#2607,#2608,#2609,#2610,
#2611,#2612,#2613,#2614),.UNSPECIFIED.,.F.,.F.,(4,2,2,2,4),(2.14976821079804,
2.34924714989927,2.54191780801004,2.7345884661208,2.73922247878446),
 .UNSPECIFIED.);
#96=B_SPLINE_CURVE_WITH_KNOTS('',3,(#2615,#2616,#2617,#2618,#2619,#2620,
#2621,#2622,#2623,#2624,#2625,#2626,#2627,#2628,#2629,#2630,#2631,#2632),
 .UNSPECIFIED.,.F.,.F.,(4,2,2,2,2,2,2,2,4),(0.842426195937949,0.869679849255034,
1.04136107053612,1.15226437296629,1.26316767539647,1.37407097782665,1.48497428025683,
1.65665550153791,1.683909154855),.UNSPECIFIED.);
#97=B_SPLINE_CURVE_WITH_KNOTS('',3,(#2636,#2637,#2638,#2639,#2640,#2641,
#2642,#2643,#2644,#2645,#2646,#2647,#2648,#2649,#2650),.UNSPECIFIED.,.F.,
 .F.,(4,2,2,3,2,2,4),(6.31827243968116,6.50919041816803,6.71436504665598,
6.85333888901949,7.00832969337264,7.23579929755615,7.39896527899767),
 .UNSPECIFIED.);
#98=B_SPLINE_CURVE_WITH_KNOTS('',3,(#2654,#2655,#2656,#2657,#2658,#2659,
#2660,#2661,#2662,#2663,#2664,#2665,#2666,#2667,#2668),.UNSPECIFIED.,.F.,
 .F.,(4,2,2,3,2,2,4),(-0.545626389978426,-0.382460408536764,-0.154990804353165,
0.,0.138973842363518,0.344148470851591,0.535066449338261),.UNSPECIFIED.);
#99=B_SPLINE_CURVE_WITH_KNOTS('',3,(#2672,#2673,#2674,#2675,#2676,#2677,
#2678,#2679,#2680,#2681,#2682,#2683,#2684,#2685,#2686),.UNSPECIFIED.,.F.,
 .F.,(4,2,2,3,2,2,4),(-0.545626389978539,-0.382460408536924,-0.154990804353198,
0.,0.138973842363545,0.344148470851643,0.535066449338333),.UNSPECIFIED.);
#100=B_SPLINE_CURVE_WITH_KNOTS('',3,(#2695,#2696,#2697,#2698,#2699,#2700,
#2701,#2702,#2703,#2704,#2705,#2706,#2707,#2708,#2709),.UNSPECIFIED.,.F.,
 .F.,(4,2,2,3,2,2,4),(-0.545626389978119,-0.382460408536606,-0.154990804353137,
0.,0.13897384236353,0.344148470851453,0.535066449337962),.UNSPECIFIED.);
#101=B_SPLINE_CURVE_WITH_KNOTS('',3,(#2713,#2714,#2715,#2716,#2717,#2718,
#2719,#2720,#2721,#2722,#2723,#2724,#2725,#2726,#2727),.UNSPECIFIED.,.F.,
 .F.,(4,2,2,3,2,2,4),(-0.661107696778799,-0.587479417493829,-0.293739708746914,
0.,0.192670658110764,0.385341316221529,0.389975328885185),.UNSPECIFIED.);
#102=B_SPLINE_CURVE_WITH_KNOTS('',3,(#2729,#2730,#2731,#2732,#2733,#2734,
#2735,#2736),.UNSPECIFIED.,.F.,.F.,(4,2,2,4),(1.68813945312194,1.76176773240544,
2.05550744115236,2.14976821079805),.UNSPECIFIED.);
#103=B_SPLINE_CURVE_WITH_KNOTS('',3,(#2741,#2742,#2743,#2744,#2745,#2746,
#2747,#2748,#2749,#2750),.UNSPECIFIED.,.F.,.F.,(4,2,2,2,4),(2.14976821079805,
2.34924714989927,2.54191780801003,2.7345884661208,2.73922247878446),
 .UNSPECIFIED.);
#104=B_SPLINE_CURVE_WITH_KNOTS('',3,(#2751,#2752,#2753,#2754,#2755,#2756,
#2757,#2758,#2759,#2760,#2761,#2762,#2763,#2764,#2765,#2766,#2767,#2768),
 .UNSPECIFIED.,.F.,.F.,(4,2,2,2,2,2,2,2,4),(0.842416896625334,0.869563519993629,
1.04130318267176,1.15223327045747,1.26316335824318,1.37409344602889,1.4850235338146,
1.65676319649273,1.68390981986103),.UNSPECIFIED.);
#105=B_SPLINE_CURVE_WITH_KNOTS('',3,(#2775,#2776,#2777,#2778),
 .UNSPECIFIED.,.F.,.F.,(4,4),(0.,0.167733463130693),.UNSPECIFIED.);
#106=B_SPLINE_CURVE_WITH_KNOTS('',3,(#2782,#2783,#2784,#2785,#2786,#2787,
#2788),.UNSPECIFIED.,.F.,.F.,(4,3,4),(-0.167733463130722,0.,0.167733463130551),
 .UNSPECIFIED.);
#107=B_SPLINE_CURVE_WITH_KNOTS('',3,(#2791,#2792,#2793,#2794),
 .UNSPECIFIED.,.F.,.F.,(4,4),(-0.167733463130567,0.),.UNSPECIFIED.);
#108=B_SPLINE_CURVE_WITH_KNOTS('',3,(#2801,#2802,#2803,#2804),
 .UNSPECIFIED.,.F.,.F.,(4,4),(0.,0.167733463130688),.UNSPECIFIED.);
#109=B_SPLINE_CURVE_WITH_KNOTS('',3,(#2808,#2809,#2810,#2811,#2812,#2813,
#2814),.UNSPECIFIED.,.F.,.F.,(4,3,4),(-0.167733463130723,0.,0.167733463130538),
 .UNSPECIFIED.);
#110=B_SPLINE_CURVE_WITH_KNOTS('',3,(#2817,#2818,#2819,#2820),
 .UNSPECIFIED.,.F.,.F.,(4,4),(-0.167733463130571,0.),.UNSPECIFIED.);
#111=B_SPLINE_CURVE_WITH_KNOTS('',3,(#2827,#2828,#2829,#2830),
 .UNSPECIFIED.,.F.,.F.,(4,4),(0.,0.167733463130689),.UNSPECIFIED.);
#112=B_SPLINE_CURVE_WITH_KNOTS('',3,(#2834,#2835,#2836,#2837,#2838,#2839,
#2840),.UNSPECIFIED.,.F.,.F.,(4,3,4),(-0.167733463130722,0.,0.167733463130547),
 .UNSPECIFIED.);
#113=B_SPLINE_CURVE_WITH_KNOTS('',3,(#2843,#2844,#2845,#2846),
 .UNSPECIFIED.,.F.,.F.,(4,4),(-0.167733463130568,0.),.UNSPECIFIED.);
#114=B_SPLINE_CURVE_WITH_KNOTS('',3,(#2853,#2854,#2855,#2856),
 .UNSPECIFIED.,.F.,.F.,(4,4),(0.,0.167733463130689),.UNSPECIFIED.);
#115=B_SPLINE_CURVE_WITH_KNOTS('',3,(#2860,#2861,#2862,#2863,#2864,#2865,
#2866),.UNSPECIFIED.,.F.,.F.,(4,3,4),(-0.167733463130724,0.,0.167733463130549),
 .UNSPECIFIED.);
#116=B_SPLINE_CURVE_WITH_KNOTS('',3,(#2869,#2870,#2871,#2872),
 .UNSPECIFIED.,.F.,.F.,(4,4),(-0.167733463130569,0.),.UNSPECIFIED.);
#117=B_SPLINE_CURVE_WITH_KNOTS('',3,(#2879,#2880,#2881,#2882),
 .UNSPECIFIED.,.F.,.F.,(4,4),(0.,0.167733463130701),.UNSPECIFIED.);
#118=B_SPLINE_CURVE_WITH_KNOTS('',3,(#2886,#2887,#2888,#2889,#2890,#2891,
#2892),.UNSPECIFIED.,.F.,.F.,(4,3,4),(-0.167733463130726,0.,0.167733463130549),
 .UNSPECIFIED.);
#119=B_SPLINE_CURVE_WITH_KNOTS('',3,(#2895,#2896,#2897,#2898),
 .UNSPECIFIED.,.F.,.F.,(4,4),(-0.167733463130559,0.),.UNSPECIFIED.);
#120=B_SPLINE_CURVE_WITH_KNOTS('',3,(#2904,#2905,#2906,#2907,#2908,#2909,
#2910,#2911,#2912,#2913),.UNSPECIFIED.,.F.,.F.,(4,2,2,2,4),(1.22661140734155,
1.35929302024556,1.49197463314958,1.75733785895761,1.98154271320389),
 .UNSPECIFIED.);
#121=B_SPLINE_CURVE_WITH_KNOTS('',3,(#2917,#2918,#2919,#2920,#2921,#2922,
#2923,#2924,#2925,#2926),.UNSPECIFIED.,.F.,.F.,(4,2,2,2,4),(-1.98154271320389,
-1.7573378589576,-1.49197463314957,-1.35929302024556,-1.22661140734154),
 .UNSPECIFIED.);
#122=B_SPLINE_CURVE_WITH_KNOTS('',3,(#2932,#2933,#2934,#2935,#2936,#2937,
#2938,#2939,#2940,#2941),.UNSPECIFIED.,.F.,.F.,(4,2,2,2,4),(1.22661140734155,
1.35929302024556,1.49197463314958,1.75733785895761,1.9815427132039),
 .UNSPECIFIED.);
#123=B_SPLINE_CURVE_WITH_KNOTS('',3,(#2945,#2946,#2947,#2948,#2949,#2950,
#2951,#2952,#2953,#2954),.UNSPECIFIED.,.F.,.F.,(4,2,2,2,4),(-1.98154271320389,
-1.75733785895761,-1.49197463314958,-1.35929302024556,-1.22661140734155),
 .UNSPECIFIED.);
#124=B_SPLINE_CURVE_WITH_KNOTS('',3,(#2960,#2961,#2962,#2963,#2964,#2965,
#2966,#2967,#2968,#2969),.UNSPECIFIED.,.F.,.F.,(4,2,2,2,4),(1.22278711567418,
1.37834084578258,1.53389457589099,1.84500203610781,1.98365051034869),
 .UNSPECIFIED.);
#125=B_SPLINE_CURVE_WITH_KNOTS('',3,(#2973,#2974,#2975,#2976,#2977,#2978,
#2979,#2980,#2981,#2982),.UNSPECIFIED.,.F.,.F.,(4,2,2,2,4),(-1.98154271320389,
-1.75733785895761,-1.49197463314958,-1.35929302024556,-1.22661140734155),
 .UNSPECIFIED.);
#126=B_SPLINE_CURVE_WITH_KNOTS('',3,(#2991,#2992,#2993,#2994,#2995,#2996,
#2997,#2998,#2999,#3000),.UNSPECIFIED.,.F.,.F.,(4,2,2,2,4),(1.22661140734154,
1.35929302024556,1.49197463314957,1.7573378589576,1.98154271320389),
 .UNSPECIFIED.);
#127=B_SPLINE_CURVE_WITH_KNOTS('',3,(#3004,#3005,#3006,#3007,#3008,#3009,
#3010,#3011,#3012,#3013),.UNSPECIFIED.,.F.,.F.,(4,2,2,2,4),(-1.98154271320389,
-1.75733785895761,-1.49197463314958,-1.35929302024556,-1.22661140734154),
 .UNSPECIFIED.);
#128=B_SPLINE_CURVE_WITH_KNOTS('',3,(#3019,#3020,#3021,#3022,#3023,#3024,
#3025,#3026,#3027,#3028),.UNSPECIFIED.,.F.,.F.,(4,2,2,2,4),(1.22278711567418,
1.35546872857819,1.48815034148221,1.75351356729023,1.97771842153652),
 .UNSPECIFIED.);
#129=B_SPLINE_CURVE_WITH_KNOTS('',3,(#3032,#3033,#3034,#3035,#3036,#3037,
#3038,#3039,#3040,#3041),.UNSPECIFIED.,.F.,.F.,(4,2,2,2,4),(-1.98154271320389,
-1.75733785895761,-1.49197463314957,-1.35929302024556,-1.22661140734154),
 .UNSPECIFIED.);
#130=B_SPLINE_CURVE_WITH_KNOTS('',3,(#3047,#3048,#3049,#3050,#3051,#3052,
#3053,#3054,#3055,#3056),.UNSPECIFIED.,.F.,.F.,(4,2,2,2,4),(1.22278711567418,
1.37834084578258,1.53389457589099,1.84500203610781,1.98365051034869),
 .UNSPECIFIED.);
#131=B_SPLINE_CURVE_WITH_KNOTS('',3,(#3060,#3061,#3062,#3063,#3064,#3065,
#3066,#3067,#3068,#3069),.UNSPECIFIED.,.F.,.F.,(4,2,2,2,4),(-1.98365051034869,
-1.84500203610781,-1.53389457589099,-1.37834084578258,-1.22278711567417),
 .UNSPECIFIED.);
#132=B_SPLINE_CURVE_WITH_KNOTS('',3,(#3077,#3078,#3079,#3080,#3081,#3082,
#3083,#3084,#3085,#3086,#3087,#3088,#3089,#3090,#3091),.UNSPECIFIED.,.F.,
 .F.,(4,2,2,3,2,2,4),(-0.6611076967788,-0.587479417493828,-0.293739708746914,
0.,0.192670658110765,0.38534131622153,0.389975328885187),.UNSPECIFIED.);
#133=B_SPLINE_CURVE_WITH_KNOTS('',3,(#3093,#3094,#3095,#3096,#3097,#3098,
#3099,#3100),.UNSPECIFIED.,.F.,.F.,(4,2,2,4),(1.68813945312194,1.76176773240544,
2.05550744115236,2.14976821079804),.UNSPECIFIED.);
#134=B_SPLINE_CURVE_WITH_KNOTS('',3,(#3105,#3106,#3107,#3108,#3109,#3110,
#3111,#3112,#3113,#3114),.UNSPECIFIED.,.F.,.F.,(4,2,2,2,4),(2.14976821079804,
2.34924714989927,2.54191780801004,2.7345884661208,2.73922247878446),
 .UNSPECIFIED.);
#135=B_SPLINE_CURVE_WITH_KNOTS('',3,(#3115,#3116,#3117,#3118,#3119,#3120,
#3121,#3122,#3123,#3124,#3125,#3126,#3127,#3128,#3129,#3130,#3131,#3132),
 .UNSPECIFIED.,.F.,.F.,(4,2,2,2,2,2,2,2,4),(0.842416896625334,0.869563519993629,
1.04130318267176,1.15223327045747,1.26316335824318,1.37406666067336,1.48496996310353,
1.65665118438462,1.6839048377017),.UNSPECIFIED.);
#136=B_SPLINE_CURVE_WITH_KNOTS('',3,(#3135,#3136,#3137,#3138,#3139,#3140,
#3141,#3142,#3143,#3144,#3145,#3146,#3147,#3148,#3149),.UNSPECIFIED.,.F.,
 .F.,(4,2,2,3,2,2,4),(-0.661107696778802,-0.587479417493829,-0.293739708746915,
0.,0.192670658110765,0.385341316221529,0.389975328885183),.UNSPECIFIED.);
#137=B_SPLINE_CURVE_WITH_KNOTS('',3,(#3151,#3152,#3153,#3154,#3155,#3156,
#3157,#3158),.UNSPECIFIED.,.F.,.F.,(4,2,2,4),(1.68813945312194,1.76176773240544,
2.05550744115236,2.14976821079805),.UNSPECIFIED.);
#138=B_SPLINE_CURVE_WITH_KNOTS('',3,(#3163,#3164,#3165,#3166,#3167,#3168,
#3169,#3170,#3171,#3172),.UNSPECIFIED.,.F.,.F.,(4,2,2,2,4),(2.14976821079805,
2.34924714989927,2.54191780801004,2.7345884661208,2.73922247878446),
 .UNSPECIFIED.);
#139=B_SPLINE_CURVE_WITH_KNOTS('',3,(#3173,#3174,#3175,#3176,#3177,#3178,
#3179,#3180,#3181,#3182,#3183,#3184,#3185,#3186,#3187,#3188,#3189,#3190),
 .UNSPECIFIED.,.F.,.F.,(4,2,2,2,2,2,2,2,4),(0.84242619593795,0.869679849255036,
1.04136107053612,1.1522643729663,1.26316767539648,1.37407097782665,1.48497428025683,
1.65665550153791,1.683909154855),.UNSPECIFIED.);
#140=B_SPLINE_CURVE_WITH_KNOTS('',3,(#3193,#3194,#3195,#3196,#3197,#3198,
#3199,#3200,#3201,#3202,#3203,#3204,#3205,#3206,#3207),.UNSPECIFIED.,.F.,
 .F.,(4,2,2,3,2,2,4),(-0.661107696778798,-0.587479417493827,-0.293739708746914,
0.,0.192670658110765,0.385341316221531,0.389975328885186),.UNSPECIFIED.);
#141=B_SPLINE_CURVE_WITH_KNOTS('',3,(#3209,#3210,#3211,#3212,#3213,#3214,
#3215,#3216),.UNSPECIFIED.,.F.,.F.,(4,2,2,4),(1.68813945312194,1.76176773240544,
2.05550744115236,2.14976821079804),.UNSPECIFIED.);
#142=B_SPLINE_CURVE_WITH_KNOTS('',3,(#3221,#3222,#3223,#3224,#3225,#3226,
#3227,#3228,#3229,#3230),.UNSPECIFIED.,.F.,.F.,(4,2,2,2,4),(2.14976821079804,
2.34924714989927,2.54191780801003,2.7345884661208,2.73922247878445),
 .UNSPECIFIED.);
#143=B_SPLINE_CURVE_WITH_KNOTS('',3,(#3231,#3232,#3233,#3234,#3235,#3236,
#3237,#3238,#3239,#3240,#3241,#3242,#3243,#3244,#3245,#3246,#3247,#3248),
 .UNSPECIFIED.,.F.,.F.,(4,2,2,2,2,2,2,2,4),(0.842426195937952,0.869679849255037,
1.04136107053612,1.1522643729663,1.26316767539648,1.37407097782665,1.48497428025683,
1.65665550153791,1.683909154855),.UNSPECIFIED.);
#144=ELLIPSE('',#1727,41.4466814362974,31.7499999999992);
#145=ELLIPSE('',#1728,41.4466814362971,31.7499999999991);
#146=ELLIPSE('',#1729,41.4466814362973,31.7499999999992);
#147=ELLIPSE('',#1731,41.4466814363026,31.7500000000011);
#148=ELLIPSE('',#1732,41.4466814362932,31.7499999999979);
#149=ELLIPSE('',#1733,41.4466814362966,31.749999999999);
#150=ELLIPSE('',#1735,1.4664696837386,1.26999999999864);
#151=ELLIPSE('',#1736,1.46646968373284,1.26999999999486);
#152=ELLIPSE('',#1738,1.46646968373049,1.26999999999335);
#153=ELLIPSE('',#1739,1.4664696837359,1.26999999999645);
#154=ELLIPSE('',#1741,1.46646968374444,1.27000000000174);
#155=ELLIPSE('',#1744,1.46646968377216,1.27000000001744);
#156=ELLIPSE('',#1786,47.4184622526252,30.4800000040207);
#157=ELLIPSE('',#1787,47.4184622408633,30.4799999994105);
#158=ELLIPSE('',#1788,47.4184622422828,30.4799999998122);
#159=ELLIPSE('',#1789,47.4184622440998,30.4800000005345);
#160=ELLIPSE('',#1790,47.41846224128,30.4799999995446);
#161=ELLIPSE('',#1791,47.4184622458346,30.4800000013);
#162=ELLIPSE('',#1792,47.4184622461246,30.4800000013576);
#163=ELLIPSE('',#1793,47.4184622408164,30.4799999993955);
#164=ELLIPSE('',#1794,47.4184622459087,30.4800000013123);
#165=ELLIPSE('',#1796,47.4184622518189,30.4800000036859);
#166=ELLIPSE('',#1797,47.4184622424327,30.4799999999119);
#167=ELLIPSE('',#1798,47.4184622391845,30.4799999985854);
#168=ELLIPSE('',#1799,47.4184622461257,30.4800000013895);
#169=ELLIPSE('',#1800,47.4184622394266,30.4799999989519);
#170=ELLIPSE('',#1801,47.4184622468913,30.4800000016885);
#171=ELLIPSE('',#1802,47.4184622452492,30.4800000010375);
#172=ELLIPSE('',#1803,47.4184622407459,30.4799999993729);
#173=ELLIPSE('',#1804,47.4184622494852,30.4800000027595);
#174=FACE_OUTER_BOUND('',#262,.T.);
#175=FACE_OUTER_BOUND('',#263,.T.);
#176=FACE_OUTER_BOUND('',#264,.T.);
#177=FACE_OUTER_BOUND('',#265,.T.);
#178=FACE_OUTER_BOUND('',#266,.T.);
#179=FACE_OUTER_BOUND('',#267,.T.);
#180=FACE_OUTER_BOUND('',#268,.T.);
#181=FACE_OUTER_BOUND('',#269,.T.);
#182=FACE_OUTER_BOUND('',#270,.T.);
#183=FACE_OUTER_BOUND('',#271,.T.);
#184=FACE_OUTER_BOUND('',#272,.T.);
#185=FACE_OUTER_BOUND('',#273,.T.);
#186=FACE_OUTER_BOUND('',#274,.T.);
#187=FACE_OUTER_BOUND('',#275,.T.);
#188=FACE_OUTER_BOUND('',#276,.T.);
#189=FACE_OUTER_BOUND('',#277,.T.);
#190=FACE_OUTER_BOUND('',#278,.T.);
#191=FACE_OUTER_BOUND('',#279,.T.);
#192=FACE_OUTER_BOUND('',#280,.T.);
#193=FACE_OUTER_BOUND('',#281,.T.);
#194=FACE_OUTER_BOUND('',#282,.T.);
#195=FACE_OUTER_BOUND('',#283,.T.);
#196=FACE_OUTER_BOUND('',#284,.T.);
#197=FACE_OUTER_BOUND('',#285,.T.);
#198=FACE_OUTER_BOUND('',#286,.T.);
#199=FACE_OUTER_BOUND('',#287,.T.);
#200=FACE_OUTER_BOUND('',#288,.T.);
#201=FACE_OUTER_BOUND('',#289,.T.);
#202=FACE_OUTER_BOUND('',#290,.T.);
#203=FACE_OUTER_BOUND('',#291,.T.);
#204=FACE_OUTER_BOUND('',#292,.T.);
#205=FACE_OUTER_BOUND('',#294,.T.);
#206=FACE_OUTER_BOUND('',#295,.T.);
#207=FACE_OUTER_BOUND('',#296,.T.);
#208=FACE_OUTER_BOUND('',#297,.T.);
#209=FACE_OUTER_BOUND('',#298,.T.);
#210=FACE_OUTER_BOUND('',#299,.T.);
#211=FACE_OUTER_BOUND('',#300,.T.);
#212=FACE_OUTER_BOUND('',#301,.T.);
#213=FACE_OUTER_BOUND('',#302,.T.);
#214=FACE_OUTER_BOUND('',#303,.T.);
#215=FACE_OUTER_BOUND('',#304,.T.);
#216=FACE_OUTER_BOUND('',#305,.T.);
#217=FACE_OUTER_BOUND('',#306,.T.);
#218=FACE_OUTER_BOUND('',#307,.T.);
#219=FACE_OUTER_BOUND('',#308,.T.);
#220=FACE_OUTER_BOUND('',#309,.T.);
#221=FACE_OUTER_BOUND('',#310,.T.);
#222=FACE_OUTER_BOUND('',#311,.T.);
#223=FACE_OUTER_BOUND('',#312,.T.);
#224=FACE_OUTER_BOUND('',#313,.T.);
#225=FACE_OUTER_BOUND('',#314,.T.);
#226=FACE_OUTER_BOUND('',#315,.T.);
#227=FACE_OUTER_BOUND('',#316,.T.);
#228=FACE_OUTER_BOUND('',#317,.T.);
#229=FACE_OUTER_BOUND('',#318,.T.);
#230=FACE_OUTER_BOUND('',#319,.T.);
#231=FACE_OUTER_BOUND('',#320,.T.);
#232=FACE_OUTER_BOUND('',#321,.T.);
#233=FACE_OUTER_BOUND('',#322,.T.);
#234=FACE_OUTER_BOUND('',#323,.T.);
#235=FACE_OUTER_BOUND('',#324,.T.);
#236=FACE_OUTER_BOUND('',#325,.T.);
#237=FACE_OUTER_BOUND('',#326,.T.);
#238=FACE_OUTER_BOUND('',#327,.T.);
#239=FACE_OUTER_BOUND('',#328,.T.);
#240=FACE_OUTER_BOUND('',#329,.T.);
#241=FACE_OUTER_BOUND('',#330,.T.);
#242=FACE_OUTER_BOUND('',#332,.T.);
#243=FACE_OUTER_BOUND('',#333,.T.);
#244=FACE_OUTER_BOUND('',#335,.T.);
#245=FACE_OUTER_BOUND('',#336,.T.);
#246=FACE_OUTER_BOUND('',#338,.T.);
#247=FACE_OUTER_BOUND('',#339,.T.);
#248=FACE_OUTER_BOUND('',#341,.T.);
#249=FACE_OUTER_BOUND('',#342,.T.);
#250=FACE_OUTER_BOUND('',#344,.T.);
#251=FACE_OUTER_BOUND('',#345,.T.);
#252=FACE_OUTER_BOUND('',#347,.T.);
#253=FACE_OUTER_BOUND('',#348,.T.);
#254=FACE_OUTER_BOUND('',#349,.T.);
#255=FACE_OUTER_BOUND('',#350,.T.);
#256=FACE_OUTER_BOUND('',#351,.T.);
#257=FACE_OUTER_BOUND('',#352,.T.);
#258=FACE_OUTER_BOUND('',#353,.T.);
#259=FACE_OUTER_BOUND('',#354,.T.);
#260=FACE_OUTER_BOUND('',#355,.T.);
#261=FACE_OUTER_BOUND('',#363,.T.);
#262=EDGE_LOOP('',(#1046,#1047,#1048,#1049));
#263=EDGE_LOOP('',(#1050,#1051,#1052,#1053));
#264=EDGE_LOOP('',(#1054,#1055,#1056,#1057));
#265=EDGE_LOOP('',(#1058,#1059,#1060,#1061));
#266=EDGE_LOOP('',(#1062,#1063,#1064,#1065));
#267=EDGE_LOOP('',(#1066,#1067,#1068,#1069));
#268=EDGE_LOOP('',(#1070,#1071,#1072,#1073));
#269=EDGE_LOOP('',(#1074,#1075,#1076,#1077,#1078,#1079,#1080,#1081,#1082));
#270=EDGE_LOOP('',(#1083,#1084,#1085,#1086));
#271=EDGE_LOOP('',(#1087,#1088,#1089,#1090));
#272=EDGE_LOOP('',(#1091,#1092,#1093,#1094));
#273=EDGE_LOOP('',(#1095,#1096,#1097,#1098));
#274=EDGE_LOOP('',(#1099,#1100,#1101,#1102));
#275=EDGE_LOOP('',(#1103,#1104,#1105,#1106));
#276=EDGE_LOOP('',(#1107,#1108,#1109,#1110,#1111,#1112,#1113,#1114));
#277=EDGE_LOOP('',(#1115,#1116,#1117,#1118,#1119,#1120,#1121,#1122));
#278=EDGE_LOOP('',(#1123,#1124,#1125,#1126,#1127,#1128,#1129,#1130,#1131));
#279=EDGE_LOOP('',(#1132,#1133,#1134,#1135,#1136,#1137,#1138,#1139,#1140,
#1141,#1142,#1143,#1144,#1145,#1146,#1147));
#280=EDGE_LOOP('',(#1148,#1149,#1150,#1151,#1152,#1153,#1154,#1155));
#281=EDGE_LOOP('',(#1156,#1157,#1158,#1159,#1160,#1161,#1162,#1163));
#282=EDGE_LOOP('',(#1164,#1165,#1166,#1167,#1168,#1169,#1170,#1171));
#283=EDGE_LOOP('',(#1172,#1173,#1174,#1175,#1176,#1177,#1178,#1179));
#284=EDGE_LOOP('',(#1180,#1181,#1182,#1183,#1184,#1185,#1186,#1187));
#285=EDGE_LOOP('',(#1188,#1189,#1190,#1191,#1192,#1193,#1194,#1195));
#286=EDGE_LOOP('',(#1196,#1197,#1198,#1199,#1200,#1201,#1202,#1203,#1204,
#1205,#1206,#1207,#1208,#1209,#1210,#1211,#1212,#1213,#1214,#1215,#1216,
#1217,#1218,#1219,#1220,#1221,#1222,#1223,#1224,#1225,#1226,#1227,#1228));
#287=EDGE_LOOP('',(#1229,#1230,#1231,#1232));
#288=EDGE_LOOP('',(#1233,#1234,#1235,#1236,#1237,#1238,#1239,#1240));
#289=EDGE_LOOP('',(#1241,#1242,#1243,#1244,#1245,#1246,#1247,#1248));
#290=EDGE_LOOP('',(#1249,#1250,#1251,#1252,#1253,#1254,#1255,#1256));
#291=EDGE_LOOP('',(#1257,#1258,#1259,#1260,#1261,#1262,#1263,#1264,#1265,
#1266,#1267,#1268,#1269,#1270,#1271));
#292=EDGE_LOOP('',(#1272));
#293=EDGE_LOOP('',(#1273));
#294=EDGE_LOOP('',(#1274,#1275,#1276,#1277,#1278,#1279));
#295=EDGE_LOOP('',(#1280,#1281,#1282,#1283,#1284,#1285,#1286,#1287));
#296=EDGE_LOOP('',(#1288,#1289,#1290,#1291,#1292,#1293,#1294));
#297=EDGE_LOOP('',(#1295,#1296,#1297,#1298));
#298=EDGE_LOOP('',(#1299,#1300,#1301,#1302,#1303,#1304));
#299=EDGE_LOOP('',(#1305,#1306,#1307,#1308,#1309,#1310,#1311,#1312));
#300=EDGE_LOOP('',(#1313,#1314,#1315,#1316,#1317,#1318,#1319));
#301=EDGE_LOOP('',(#1320,#1321,#1322,#1323));
#302=EDGE_LOOP('',(#1324,#1325,#1326,#1327,#1328,#1329));
#303=EDGE_LOOP('',(#1330,#1331,#1332,#1333,#1334,#1335,#1336,#1337));
#304=EDGE_LOOP('',(#1338,#1339,#1340,#1341,#1342,#1343,#1344));
#305=EDGE_LOOP('',(#1345,#1346,#1347,#1348,#1349,#1350,#1351,#1352));
#306=EDGE_LOOP('',(#1353,#1354,#1355,#1356));
#307=EDGE_LOOP('',(#1357,#1358,#1359,#1360,#1361,#1362,#1363));
#308=EDGE_LOOP('',(#1364,#1365,#1366,#1367));
#309=EDGE_LOOP('',(#1368,#1369,#1370,#1371));
#310=EDGE_LOOP('',(#1372,#1373,#1374,#1375));
#311=EDGE_LOOP('',(#1376,#1377,#1378,#1379,#1380,#1381));
#312=EDGE_LOOP('',(#1382,#1383,#1384,#1385,#1386,#1387,#1388,#1389));
#313=EDGE_LOOP('',(#1390,#1391,#1392,#1393,#1394,#1395,#1396));
#314=EDGE_LOOP('',(#1397,#1398,#1399,#1400));
#315=EDGE_LOOP('',(#1401,#1402,#1403,#1404));
#316=EDGE_LOOP('',(#1405,#1406,#1407,#1408));
#317=EDGE_LOOP('',(#1409,#1410,#1411,#1412,#1413,#1414));
#318=EDGE_LOOP('',(#1415,#1416,#1417,#1418,#1419,#1420,#1421,#1422));
#319=EDGE_LOOP('',(#1423,#1424,#1425,#1426,#1427,#1428,#1429));
#320=EDGE_LOOP('',(#1430,#1431,#1432,#1433));
#321=EDGE_LOOP('',(#1434,#1435,#1436,#1437));
#322=EDGE_LOOP('',(#1438,#1439,#1440,#1441));
#323=EDGE_LOOP('',(#1442,#1443,#1444,#1445));
#324=EDGE_LOOP('',(#1446,#1447,#1448,#1449));
#325=EDGE_LOOP('',(#1450,#1451,#1452,#1453));
#326=EDGE_LOOP('',(#1454,#1455,#1456,#1457));
#327=EDGE_LOOP('',(#1458,#1459,#1460,#1461));
#328=EDGE_LOOP('',(#1462,#1463,#1464,#1465));
#329=EDGE_LOOP('',(#1466,#1467,#1468,#1469,#1470,#1471));
#330=EDGE_LOOP('',(#1472));
#331=EDGE_LOOP('',(#1473));
#332=EDGE_LOOP('',(#1474,#1475,#1476,#1477,#1478));
#333=EDGE_LOOP('',(#1479));
#334=EDGE_LOOP('',(#1480));
#335=EDGE_LOOP('',(#1481,#1482,#1483,#1484,#1485));
#336=EDGE_LOOP('',(#1486));
#337=EDGE_LOOP('',(#1487));
#338=EDGE_LOOP('',(#1488,#1489,#1490,#1491,#1492));
#339=EDGE_LOOP('',(#1493));
#340=EDGE_LOOP('',(#1494));
#341=EDGE_LOOP('',(#1495,#1496,#1497,#1498,#1499));
#342=EDGE_LOOP('',(#1500));
#343=EDGE_LOOP('',(#1501));
#344=EDGE_LOOP('',(#1502,#1503,#1504,#1505,#1506));
#345=EDGE_LOOP('',(#1507));
#346=EDGE_LOOP('',(#1508));
#347=EDGE_LOOP('',(#1509,#1510,#1511,#1512));
#348=EDGE_LOOP('',(#1513,#1514,#1515,#1516));
#349=EDGE_LOOP('',(#1517,#1518,#1519,#1520));
#350=EDGE_LOOP('',(#1521,#1522,#1523,#1524));
#351=EDGE_LOOP('',(#1525,#1526,#1527,#1528));
#352=EDGE_LOOP('',(#1529,#1530,#1531,#1532));
#353=EDGE_LOOP('',(#1533,#1534,#1535,#1536,#1537));
#354=EDGE_LOOP('',(#1538));
#355=EDGE_LOOP('',(#1539));
#356=EDGE_LOOP('',(#1540));
#357=EDGE_LOOP('',(#1541));
#358=EDGE_LOOP('',(#1542));
#359=EDGE_LOOP('',(#1543));
#360=EDGE_LOOP('',(#1544));
#361=EDGE_LOOP('',(#1545));
#362=EDGE_LOOP('',(#1546));
#363=EDGE_LOOP('',(#1547));
#364=EDGE_LOOP('',(#1548));
#365=EDGE_LOOP('',(#1549));
#366=EDGE_LOOP('',(#1550));
#367=EDGE_LOOP('',(#1551));
#368=EDGE_LOOP('',(#1552));
#369=EDGE_LOOP('',(#1553));
#370=LINE('',#2365,#465);
#371=LINE('',#2371,#466);
#372=LINE('',#2377,#467);
#373=LINE('',#2383,#468);
#374=LINE('',#2389,#469);
#375=LINE('',#2395,#470);
#376=LINE('',#2401,#471);
#377=LINE('',#2412,#472);
#378=LINE('',#2424,#473);
#379=LINE('',#2427,#474);
#380=LINE('',#2433,#475);
#381=LINE('',#2436,#476);
#382=LINE('',#2439,#477);
#383=LINE('',#2442,#478);
#384=LINE('',#2444,#479);
#385=LINE('',#2445,#480);
#386=LINE('',#2448,#481);
#387=LINE('',#2451,#482);
#388=LINE('',#2453,#483);
#389=LINE('',#2454,#484);
#390=LINE('',#2459,#485);
#391=LINE('',#2525,#486);
#392=LINE('',#2602,#487);
#393=LINE('',#2738,#488);
#394=LINE('',#2773,#489);
#395=LINE('',#2799,#490);
#396=LINE('',#2825,#491);
#397=LINE('',#2851,#492);
#398=LINE('',#2877,#493);
#399=LINE('',#2986,#494);
#400=LINE('',#3073,#495);
#401=LINE('',#3102,#496);
#402=LINE('',#3160,#497);
#403=LINE('',#3218,#498);
#404=LINE('',#3252,#499);
#405=LINE('',#3262,#500);
#406=LINE('',#3265,#501);
#407=LINE('',#3266,#502);
#408=LINE('',#3268,#503);
#409=LINE('',#3269,#504);
#410=LINE('',#3271,#505);
#411=LINE('',#3272,#506);
#412=LINE('',#3274,#507);
#413=LINE('',#3276,#508);
#414=LINE('',#3279,#509);
#415=LINE('',#3281,#510);
#416=LINE('',#3284,#511);
#417=LINE('',#3287,#512);
#418=LINE('',#3289,#513);
#419=LINE('',#3290,#514);
#420=LINE('',#3292,#515);
#421=LINE('',#3294,#516);
#422=LINE('',#3297,#517);
#423=LINE('',#3299,#518);
#424=LINE('',#3302,#519);
#425=LINE('',#3305,#520);
#426=LINE('',#3307,#521);
#427=LINE('',#3308,#522);
#428=LINE('',#3310,#523);
#429=LINE('',#3312,#524);
#430=LINE('',#3315,#525);
#431=LINE('',#3318,#526);
#432=LINE('',#3319,#527);
#433=LINE('',#3320,#528);
#434=LINE('',#3322,#529);
#435=LINE('',#3324,#530);
#436=LINE('',#3326,#531);
#437=LINE('',#3329,#532);
#438=LINE('',#3331,#533);
#439=LINE('',#3334,#534);
#440=LINE('',#3337,#535);
#441=LINE('',#3339,#536);
#442=LINE('',#3341,#537);
#443=LINE('',#3343,#538);
#444=LINE('',#3345,#539);
#445=LINE('',#3347,#540);
#446=LINE('',#3350,#541);
#447=LINE('',#3352,#542);
#448=LINE('',#3355,#543);
#449=LINE('',#3358,#544);
#450=LINE('',#3360,#545);
#451=LINE('',#3362,#546);
#452=LINE('',#3365,#547);
#453=LINE('',#3367,#548);
#454=LINE('',#3371,#549);
#455=LINE('',#3374,#550);
#456=LINE('',#3377,#551);
#457=LINE('',#3381,#552);
#458=LINE('',#3384,#553);
#459=LINE('',#3398,#554);
#460=LINE('',#3399,#555);
#461=LINE('',#3401,#556);
#462=LINE('',#3403,#557);
#463=LINE('',#3405,#558);
#464=LINE('',#3407,#559);
#465=VECTOR('',#1897,57.15);
#466=VECTOR('',#1904,3.3782);
#467=VECTOR('',#1911,3.3782);
#468=VECTOR('',#1918,3.3782);
#469=VECTOR('',#1925,3.3782);
#470=VECTOR('',#1932,3.3782);
#471=VECTOR('',#1939,3.3782);
#472=VECTOR('',#1950,31.75);
#473=VECTOR('',#1963,1000.);
#474=VECTOR('',#1966,1000.);
#475=VECTOR('',#1971,1000.);
#476=VECTOR('',#1974,1000.);
#477=VECTOR('',#1977,1000.);
#478=VECTOR('',#1980,1000.);
#479=VECTOR('',#1983,1000.);
#480=VECTOR('',#1984,1000.);
#481=VECTOR('',#1987,1000.);
#482=VECTOR('',#1990,1000.);
#483=VECTOR('',#1993,1000.);
#484=VECTOR('',#1994,1000.);
#485=VECTOR('',#1999,4.7625);
#486=VECTOR('',#2006,6.35);
#487=VECTOR('',#2011,6.35);
#488=VECTOR('',#2034,6.35);
#489=VECTOR('',#2041,4.7625);
#490=VECTOR('',#2050,4.7625);
#491=VECTOR('',#2059,4.7625);
#492=VECTOR('',#2068,4.7625);
#493=VECTOR('',#2077,4.7625);
#494=VECTOR('',#2102,30.48);
#495=VECTOR('',#2125,26.67);
#496=VECTOR('',#2130,6.35);
#497=VECTOR('',#2135,6.35);
#498=VECTOR('',#2140,6.35);
#499=VECTOR('',#2147,9.90399430142553);
#500=VECTOR('',#2164,1000.);
#501=VECTOR('',#2167,1000.);
#502=VECTOR('',#2168,1000.);
#503=VECTOR('',#2171,1000.);
#504=VECTOR('',#2172,1000.);
#505=VECTOR('',#2173,1000.);
#506=VECTOR('',#2174,1000.);
#507=VECTOR('',#2177,1000.);
#508=VECTOR('',#2178,1000.);
#509=VECTOR('',#2181,1000.);
#510=VECTOR('',#2184,1000.);
#511=VECTOR('',#2187,1000.);
#512=VECTOR('',#2190,1000.);
#513=VECTOR('',#2193,1000.);
#514=VECTOR('',#2194,1000.);
#515=VECTOR('',#2197,1000.);
#516=VECTOR('',#2198,1000.);
#517=VECTOR('',#2201,1000.);
#518=VECTOR('',#2204,1000.);
#519=VECTOR('',#2207,1000.);
#520=VECTOR('',#2210,1000.);
#521=VECTOR('',#2213,1000.);
#522=VECTOR('',#2214,1000.);
#523=VECTOR('',#2217,1000.);
#524=VECTOR('',#2218,1000.);
#525=VECTOR('',#2221,1000.);
#526=VECTOR('',#2224,1000.);
#527=VECTOR('',#2225,1000.);
#528=VECTOR('',#2226,1000.);
#529=VECTOR('',#2229,1000.);
#530=VECTOR('',#2232,1000.);
#531=VECTOR('',#2233,1000.);
#532=VECTOR('',#2236,1000.);
#533=VECTOR('',#2239,1000.);
#534=VECTOR('',#2242,1000.);
#535=VECTOR('',#2245,1000.);
#536=VECTOR('',#2248,1000.);
#537=VECTOR('',#2251,1000.);
#538=VECTOR('',#2254,1000.);
#539=VECTOR('',#2257,1000.);
#540=VECTOR('',#2258,1000.);
#541=VECTOR('',#2261,1000.);
#542=VECTOR('',#2264,1000.);
#543=VECTOR('',#2267,1000.);
#544=VECTOR('',#2270,1000.);
#545=VECTOR('',#2273,1000.);
#546=VECTOR('',#2276,1000.);
#547=VECTOR('',#2281,1000.);
#548=VECTOR('',#2282,1000.);
#549=VECTOR('',#2289,1000.);
#550=VECTOR('',#2294,1000.);
#551=VECTOR('',#2299,1000.);
#552=VECTOR('',#2304,1000.);
#553=VECTOR('',#2309,1000.);
#554=VECTOR('',#2336,1000.);
#555=VECTOR('',#2337,1000.);
#556=VECTOR('',#2340,1000.);
#557=VECTOR('',#2343,1000.);
#558=VECTOR('',#2346,1000.);
#559=VECTOR('',#2349,1000.);
#560=CIRCLE('',#1706,57.15);
#561=CIRCLE('',#1707,57.15);
#562=CIRCLE('',#1709,3.3782);
#563=CIRCLE('',#1710,3.3782);
#564=CIRCLE('',#1712,3.3782);
#565=CIRCLE('',#1713,3.3782);
#566=CIRCLE('',#1715,3.3782);
#567=CIRCLE('',#1716,3.3782);
#568=CIRCLE('',#1718,3.3782);
#569=CIRCLE('',#1719,3.3782);
#570=CIRCLE('',#1721,3.3782);
#571=CIRCLE('',#1722,3.3782);
#572=CIRCLE('',#1724,3.3782);
#573=CIRCLE('',#1725,3.3782);
#574=CIRCLE('',#1730,31.75);
#575=CIRCLE('',#1747,4.7625);
#576=CIRCLE('',#1748,4.7625);
#577=CIRCLE('',#1749,4.7625);
#578=CIRCLE('',#1751,6.35);
#579=CIRCLE('',#1753,6.35);
#580=CIRCLE('',#1755,15.992571014526);
#581=CIRCLE('',#1756,15.992571014526);
#582=CIRCLE('',#1757,15.992571014526);
#583=CIRCLE('',#1758,7.62);
#584=CIRCLE('',#1759,21.8298296710925);
#585=CIRCLE('',#1760,15.992571014526);
#586=CIRCLE('',#1761,15.992571014526);
#587=CIRCLE('',#1762,15.992571014526);
#588=CIRCLE('',#1764,6.35);
#589=CIRCLE('',#1766,4.7625);
#590=CIRCLE('',#1767,4.7625);
#591=CIRCLE('',#1768,4.7625);
#592=CIRCLE('',#1770,4.7625);
#593=CIRCLE('',#1771,4.7625);
#594=CIRCLE('',#1772,4.7625);
#595=CIRCLE('',#1774,4.7625);
#596=CIRCLE('',#1775,4.7625);
#597=CIRCLE('',#1776,4.7625);
#598=CIRCLE('',#1778,4.7625);
#599=CIRCLE('',#1779,4.7625);
#600=CIRCLE('',#1780,4.7625);
#601=CIRCLE('',#1782,4.7625);
#602=CIRCLE('',#1783,4.7625);
#603=CIRCLE('',#1784,4.7625);
#604=CIRCLE('',#1795,30.48);
#605=CIRCLE('',#1806,22.86);
#606=CIRCLE('',#1808,6.35);
#607=CIRCLE('',#1810,6.35);
#608=CIRCLE('',#1812,6.35);
#609=CIRCLE('',#1814,9.90399430142552);
#610=CIRCLE('',#1815,9.90399430142553);
#611=CIRCLE('',#1816,9.90399430142553);
#612=CIRCLE('',#1817,9.90399430142553);
#613=CIRCLE('',#1818,9.90399430142553);
#614=CIRCLE('',#1819,9.90399430142553);
#615=CIRCLE('',#1820,9.90399430142553);
#616=CIRCLE('',#1823,6.35);
#617=CIRCLE('',#1826,6.35);
#618=CIRCLE('',#1829,6.35);
#619=CIRCLE('',#1832,6.35);
#620=CIRCLE('',#1835,6.35);
#621=CIRCLE('',#1838,6.35);
#622=CIRCLE('',#1842,6.34999999999999);
#623=CIRCLE('',#1845,6.35);
#624=CIRCLE('',#1850,6.35);
#625=CIRCLE('',#1853,6.35);
#626=CIRCLE('',#1858,6.35);
#627=CIRCLE('',#1867,6.35);
#628=VERTEX_POINT('',#2362);
#629=VERTEX_POINT('',#2364);
#630=VERTEX_POINT('',#2368);
#631=VERTEX_POINT('',#2370);
#632=VERTEX_POINT('',#2374);
#633=VERTEX_POINT('',#2376);
#634=VERTEX_POINT('',#2380);
#635=VERTEX_POINT('',#2382);
#636=VERTEX_POINT('',#2386);
#637=VERTEX_POINT('',#2388);
#638=VERTEX_POINT('',#2392);
#639=VERTEX_POINT('',#2394);
#640=VERTEX_POINT('',#2398);
#641=VERTEX_POINT('',#2400);
#642=VERTEX_POINT('',#2404);
#643=VERTEX_POINT('',#2405);
#644=VERTEX_POINT('',#2407);
#645=VERTEX_POINT('',#2409);
#646=VERTEX_POINT('',#2411);
#647=VERTEX_POINT('',#2414);
#648=VERTEX_POINT('',#2416);
#649=VERTEX_POINT('',#2420);
#650=VERTEX_POINT('',#2421);
#651=VERTEX_POINT('',#2423);
#652=VERTEX_POINT('',#2425);
#653=VERTEX_POINT('',#2429);
#654=VERTEX_POINT('',#2430);
#655=VERTEX_POINT('',#2432);
#656=VERTEX_POINT('',#2434);
#657=VERTEX_POINT('',#2438);
#658=VERTEX_POINT('',#2440);
#659=VERTEX_POINT('',#2447);
#660=VERTEX_POINT('',#2449);
#661=VERTEX_POINT('',#2456);
#662=VERTEX_POINT('',#2458);
#663=VERTEX_POINT('',#2460);
#664=VERTEX_POINT('',#2465);
#665=VERTEX_POINT('',#2467);
#666=VERTEX_POINT('',#2475);
#667=VERTEX_POINT('',#2482);
#668=VERTEX_POINT('',#2483);
#669=VERTEX_POINT('',#2499);
#670=VERTEX_POINT('',#2515);
#671=VERTEX_POINT('',#2524);
#672=VERTEX_POINT('',#2527);
#673=VERTEX_POINT('',#2557);
#674=VERTEX_POINT('',#2558);
#675=VERTEX_POINT('',#2574);
#676=VERTEX_POINT('',#2583);
#677=VERTEX_POINT('',#2592);
#678=VERTEX_POINT('',#2601);
#679=VERTEX_POINT('',#2604);
#680=VERTEX_POINT('',#2634);
#681=VERTEX_POINT('',#2635);
#682=VERTEX_POINT('',#2651);
#683=VERTEX_POINT('',#2653);
#684=VERTEX_POINT('',#2669);
#685=VERTEX_POINT('',#2671);
#686=VERTEX_POINT('',#2688);
#687=VERTEX_POINT('',#2692);
#688=VERTEX_POINT('',#2694);
#689=VERTEX_POINT('',#2712);
#690=VERTEX_POINT('',#2728);
#691=VERTEX_POINT('',#2737);
#692=VERTEX_POINT('',#2740);
#693=VERTEX_POINT('',#2770);
#694=VERTEX_POINT('',#2772);
#695=VERTEX_POINT('',#2774);
#696=VERTEX_POINT('',#2779);
#697=VERTEX_POINT('',#2781);
#698=VERTEX_POINT('',#2789);
#699=VERTEX_POINT('',#2796);
#700=VERTEX_POINT('',#2798);
#701=VERTEX_POINT('',#2800);
#702=VERTEX_POINT('',#2805);
#703=VERTEX_POINT('',#2807);
#704=VERTEX_POINT('',#2815);
#705=VERTEX_POINT('',#2822);
#706=VERTEX_POINT('',#2824);
#707=VERTEX_POINT('',#2826);
#708=VERTEX_POINT('',#2831);
#709=VERTEX_POINT('',#2833);
#710=VERTEX_POINT('',#2841);
#711=VERTEX_POINT('',#2848);
#712=VERTEX_POINT('',#2850);
#713=VERTEX_POINT('',#2852);
#714=VERTEX_POINT('',#2857);
#715=VERTEX_POINT('',#2859);
#716=VERTEX_POINT('',#2867);
#717=VERTEX_POINT('',#2874);
#718=VERTEX_POINT('',#2876);
#719=VERTEX_POINT('',#2878);
#720=VERTEX_POINT('',#2883);
#721=VERTEX_POINT('',#2885);
#722=VERTEX_POINT('',#2893);
#723=VERTEX_POINT('',#2900);
#724=VERTEX_POINT('',#2901);
#725=VERTEX_POINT('',#2903);
#726=VERTEX_POINT('',#2914);
#727=VERTEX_POINT('',#2916);
#728=VERTEX_POINT('',#2927);
#729=VERTEX_POINT('',#2929);
#730=VERTEX_POINT('',#2931);
#731=VERTEX_POINT('',#2942);
#732=VERTEX_POINT('',#2944);
#733=VERTEX_POINT('',#2955);
#734=VERTEX_POINT('',#2957);
#735=VERTEX_POINT('',#2959);
#736=VERTEX_POINT('',#2970);
#737=VERTEX_POINT('',#2972);
#738=VERTEX_POINT('',#2983);
#739=VERTEX_POINT('',#2985);
#740=VERTEX_POINT('',#2988);
#741=VERTEX_POINT('',#2990);
#742=VERTEX_POINT('',#3001);
#743=VERTEX_POINT('',#3003);
#744=VERTEX_POINT('',#3014);
#745=VERTEX_POINT('',#3016);
#746=VERTEX_POINT('',#3018);
#747=VERTEX_POINT('',#3029);
#748=VERTEX_POINT('',#3031);
#749=VERTEX_POINT('',#3042);
#750=VERTEX_POINT('',#3044);
#751=VERTEX_POINT('',#3046);
#752=VERTEX_POINT('',#3057);
#753=VERTEX_POINT('',#3059);
#754=VERTEX_POINT('',#3072);
#755=VERTEX_POINT('',#3076);
#756=VERTEX_POINT('',#3092);
#757=VERTEX_POINT('',#3101);
#758=VERTEX_POINT('',#3104);
#759=VERTEX_POINT('',#3134);
#760=VERTEX_POINT('',#3150);
#761=VERTEX_POINT('',#3159);
#762=VERTEX_POINT('',#3162);
#763=VERTEX_POINT('',#3192);
#764=VERTEX_POINT('',#3208);
#765=VERTEX_POINT('',#3217);
#766=VERTEX_POINT('',#3220);
#767=VERTEX_POINT('',#3250);
#768=VERTEX_POINT('',#3261);
#769=VERTEX_POINT('',#3263);
#770=VERTEX_POINT('',#3270);
#771=VERTEX_POINT('',#3275);
#772=VERTEX_POINT('',#3277);
#773=VERTEX_POINT('',#3283);
#774=VERTEX_POINT('',#3285);
#775=VERTEX_POINT('',#3293);
#776=VERTEX_POINT('',#3295);
#777=VERTEX_POINT('',#3301);
#778=VERTEX_POINT('',#3303);
#779=VERTEX_POINT('',#3311);
#780=VERTEX_POINT('',#3313);
#781=VERTEX_POINT('',#3317);
#782=VERTEX_POINT('',#3325);
#783=VERTEX_POINT('',#3327);
#784=VERTEX_POINT('',#3333);
#785=VERTEX_POINT('',#3335);
#786=VERTEX_POINT('',#3346);
#787=VERTEX_POINT('',#3348);
#788=VERTEX_POINT('',#3354);
#789=VERTEX_POINT('',#3356);
#790=VERTEX_POINT('',#3366);
#791=VERTEX_POINT('',#3380);
#792=EDGE_CURVE('',#628,#628,#560,.T.);
#793=EDGE_CURVE('',#628,#629,#370,.T.);
#794=EDGE_CURVE('',#629,#629,#561,.T.);
#795=EDGE_CURVE('',#630,#630,#562,.T.);
#796=EDGE_CURVE('',#630,#631,#371,.T.);
#797=EDGE_CURVE('',#631,#631,#563,.T.);
#798=EDGE_CURVE('',#632,#632,#564,.T.);
#799=EDGE_CURVE('',#632,#633,#372,.T.);
#800=EDGE_CURVE('',#633,#633,#565,.T.);
#801=EDGE_CURVE('',#634,#634,#566,.T.);
#802=EDGE_CURVE('',#634,#635,#373,.T.);
#803=EDGE_CURVE('',#635,#635,#567,.T.);
#804=EDGE_CURVE('',#636,#636,#568,.T.);
#805=EDGE_CURVE('',#636,#637,#374,.T.);
#806=EDGE_CURVE('',#637,#637,#569,.T.);
#807=EDGE_CURVE('',#638,#638,#570,.T.);
#808=EDGE_CURVE('',#638,#639,#375,.T.);
#809=EDGE_CURVE('',#639,#639,#571,.T.);
#810=EDGE_CURVE('',#640,#640,#572,.T.);
#811=EDGE_CURVE('',#640,#641,#376,.T.);
#812=EDGE_CURVE('',#641,#641,#573,.T.);
#813=EDGE_CURVE('',#642,#643,#144,.T.);
#814=EDGE_CURVE('',#642,#644,#145,.T.);
#815=EDGE_CURVE('',#645,#644,#146,.T.);
#816=EDGE_CURVE('',#645,#646,#377,.T.);
#817=EDGE_CURVE('',#646,#646,#574,.T.);
#818=EDGE_CURVE('',#647,#645,#147,.T.);
#819=EDGE_CURVE('',#648,#647,#148,.T.);
#820=EDGE_CURVE('',#643,#648,#149,.T.);
#821=EDGE_CURVE('',#649,#650,#150,.T.);
#822=EDGE_CURVE('',#650,#651,#378,.T.);
#823=EDGE_CURVE('',#652,#651,#151,.T.);
#824=EDGE_CURVE('',#652,#649,#379,.T.);
#825=EDGE_CURVE('',#653,#654,#152,.T.);
#826=EDGE_CURVE('',#653,#655,#380,.T.);
#827=EDGE_CURVE('',#656,#655,#153,.T.);
#828=EDGE_CURVE('',#656,#654,#381,.T.);
#829=EDGE_CURVE('',#651,#657,#382,.T.);
#830=EDGE_CURVE('',#658,#657,#154,.T.);
#831=EDGE_CURVE('',#658,#652,#383,.T.);
#832=EDGE_CURVE('',#657,#653,#384,.T.);
#833=EDGE_CURVE('',#654,#658,#385,.T.);
#834=EDGE_CURVE('',#655,#659,#386,.T.);
#835=EDGE_CURVE('',#660,#659,#155,.T.);
#836=EDGE_CURVE('',#660,#656,#387,.T.);
#837=EDGE_CURVE('',#659,#650,#388,.T.);
#838=EDGE_CURVE('',#649,#660,#389,.T.);
#839=EDGE_CURVE('',#661,#661,#575,.T.);
#840=EDGE_CURVE('',#661,#662,#390,.T.);
#841=EDGE_CURVE('',#663,#662,#83,.F.);
#842=EDGE_CURVE('',#663,#664,#576,.T.);
#843=EDGE_CURVE('',#664,#665,#84,.F.);
#844=EDGE_CURVE('',#665,#666,#577,.T.);
#845=EDGE_CURVE('',#662,#666,#85,.F.);
#846=EDGE_CURVE('',#667,#668,#86,.F.);
#847=EDGE_CURVE('',#669,#668,#87,.T.);
#848=EDGE_CURVE('',#669,#670,#88,.T.);
#849=EDGE_CURVE('',#670,#671,#391,.T.);
#850=EDGE_CURVE('',#671,#671,#578,.T.);
#851=EDGE_CURVE('',#670,#672,#89,.T.);
#852=EDGE_CURVE('',#672,#667,#90,.T.);
#853=EDGE_CURVE('',#673,#674,#91,.F.);
#854=EDGE_CURVE('',#675,#674,#92,.F.);
#855=EDGE_CURVE('',#676,#675,#93,.F.);
#856=EDGE_CURVE('',#676,#677,#94,.T.);
#857=EDGE_CURVE('',#677,#678,#392,.T.);
#858=EDGE_CURVE('',#678,#678,#579,.T.);
#859=EDGE_CURVE('',#677,#679,#95,.T.);
#860=EDGE_CURVE('',#679,#673,#96,.T.);
#861=EDGE_CURVE('',#680,#681,#97,.F.);
#862=EDGE_CURVE('',#681,#682,#580,.T.);
#863=EDGE_CURVE('',#682,#683,#98,.T.);
#864=EDGE_CURVE('',#683,#684,#581,.T.);
#865=EDGE_CURVE('',#684,#685,#99,.T.);
#866=EDGE_CURVE('',#685,#676,#582,.T.);
#867=EDGE_CURVE('',#675,#686,#583,.T.);
#868=EDGE_CURVE('',#686,#686,#584,.T.);
#869=EDGE_CURVE('',#674,#669,#585,.T.);
#870=EDGE_CURVE('',#668,#687,#586,.T.);
#871=EDGE_CURVE('',#687,#688,#100,.T.);
#872=EDGE_CURVE('',#688,#680,#587,.T.);
#873=EDGE_CURVE('',#689,#685,#101,.F.);
#874=EDGE_CURVE('',#684,#690,#102,.T.);
#875=EDGE_CURVE('',#690,#691,#393,.T.);
#876=EDGE_CURVE('',#691,#691,#588,.T.);
#877=EDGE_CURVE('',#690,#692,#103,.T.);
#878=EDGE_CURVE('',#692,#689,#104,.T.);
#879=EDGE_CURVE('',#693,#693,#589,.T.);
#880=EDGE_CURVE('',#693,#694,#394,.T.);
#881=EDGE_CURVE('',#695,#694,#105,.F.);
#882=EDGE_CURVE('',#696,#695,#590,.T.);
#883=EDGE_CURVE('',#697,#696,#106,.T.);
#884=EDGE_CURVE('',#698,#697,#591,.T.);
#885=EDGE_CURVE('',#694,#698,#107,.F.);
#886=EDGE_CURVE('',#699,#699,#592,.T.);
#887=EDGE_CURVE('',#699,#700,#395,.T.);
#888=EDGE_CURVE('',#701,#700,#108,.F.);
#889=EDGE_CURVE('',#702,#701,#593,.T.);
#890=EDGE_CURVE('',#703,#702,#109,.T.);
#891=EDGE_CURVE('',#704,#703,#594,.T.);
#892=EDGE_CURVE('',#700,#704,#110,.F.);
#893=EDGE_CURVE('',#705,#705,#595,.T.);
#894=EDGE_CURVE('',#705,#706,#396,.T.);
#895=EDGE_CURVE('',#707,#706,#111,.F.);
#896=EDGE_CURVE('',#708,#707,#596,.T.);
#897=EDGE_CURVE('',#709,#708,#112,.T.);
#898=EDGE_CURVE('',#710,#709,#597,.T.);
#899=EDGE_CURVE('',#706,#710,#113,.F.);
#900=EDGE_CURVE('',#711,#711,#598,.T.);
#901=EDGE_CURVE('',#711,#712,#397,.T.);
#902=EDGE_CURVE('',#713,#712,#114,.F.);
#903=EDGE_CURVE('',#714,#713,#599,.T.);
#904=EDGE_CURVE('',#715,#714,#115,.T.);
#905=EDGE_CURVE('',#716,#715,#600,.T.);
#906=EDGE_CURVE('',#712,#716,#116,.F.);
#907=EDGE_CURVE('',#717,#717,#601,.T.);
#908=EDGE_CURVE('',#717,#718,#398,.T.);
#909=EDGE_CURVE('',#719,#718,#117,.F.);
#910=EDGE_CURVE('',#720,#719,#602,.T.);
#911=EDGE_CURVE('',#721,#720,#118,.T.);
#912=EDGE_CURVE('',#722,#721,#603,.T.);
#913=EDGE_CURVE('',#718,#722,#119,.F.);
#914=EDGE_CURVE('',#723,#724,#156,.T.);
#915=EDGE_CURVE('',#725,#723,#120,.T.);
#916=EDGE_CURVE('',#726,#725,#157,.T.);
#917=EDGE_CURVE('',#727,#726,#121,.T.);
#918=EDGE_CURVE('',#728,#727,#158,.T.);
#919=EDGE_CURVE('',#729,#728,#159,.T.);
#920=EDGE_CURVE('',#730,#729,#122,.T.);
#921=EDGE_CURVE('',#731,#730,#160,.T.);
#922=EDGE_CURVE('',#732,#731,#123,.T.);
#923=EDGE_CURVE('',#733,#732,#161,.T.);
#924=EDGE_CURVE('',#734,#733,#162,.T.);
#925=EDGE_CURVE('',#735,#734,#124,.T.);
#926=EDGE_CURVE('',#736,#735,#163,.T.);
#927=EDGE_CURVE('',#737,#736,#125,.T.);
#928=EDGE_CURVE('',#738,#737,#164,.T.);
#929=EDGE_CURVE('',#738,#739,#399,.T.);
#930=EDGE_CURVE('',#739,#739,#604,.T.);
#931=EDGE_CURVE('',#740,#738,#165,.T.);
#932=EDGE_CURVE('',#741,#740,#126,.T.);
#933=EDGE_CURVE('',#742,#741,#166,.T.);
#934=EDGE_CURVE('',#743,#742,#127,.T.);
#935=EDGE_CURVE('',#744,#743,#167,.T.);
#936=EDGE_CURVE('',#745,#744,#168,.T.);
#937=EDGE_CURVE('',#746,#745,#128,.T.);
#938=EDGE_CURVE('',#747,#746,#169,.T.);
#939=EDGE_CURVE('',#748,#747,#129,.T.);
#940=EDGE_CURVE('',#749,#748,#170,.T.);
#941=EDGE_CURVE('',#750,#749,#171,.T.);
#942=EDGE_CURVE('',#751,#750,#130,.T.);
#943=EDGE_CURVE('',#752,#751,#172,.T.);
#944=EDGE_CURVE('',#753,#752,#131,.T.);
#945=EDGE_CURVE('',#724,#753,#173,.T.);
#946=EDGE_CURVE('',#739,#754,#400,.T.);
#947=EDGE_CURVE('',#754,#754,#605,.T.);
#948=EDGE_CURVE('',#683,#755,#132,.T.);
#949=EDGE_CURVE('',#756,#682,#133,.F.);
#950=EDGE_CURVE('',#756,#757,#401,.T.);
#951=EDGE_CURVE('',#757,#757,#606,.T.);
#952=EDGE_CURVE('',#758,#756,#134,.F.);
#953=EDGE_CURVE('',#758,#755,#135,.T.);
#954=EDGE_CURVE('',#759,#681,#136,.F.);
#955=EDGE_CURVE('',#680,#760,#137,.T.);
#956=EDGE_CURVE('',#760,#761,#402,.T.);
#957=EDGE_CURVE('',#761,#761,#607,.T.);
#958=EDGE_CURVE('',#760,#762,#138,.T.);
#959=EDGE_CURVE('',#762,#759,#139,.T.);
#960=EDGE_CURVE('',#763,#688,#140,.F.);
#961=EDGE_CURVE('',#687,#764,#141,.T.);
#962=EDGE_CURVE('',#764,#765,#403,.T.);
#963=EDGE_CURVE('',#765,#765,#608,.T.);
#964=EDGE_CURVE('',#764,#766,#142,.T.);
#965=EDGE_CURVE('',#766,#763,#143,.T.);
#966=EDGE_CURVE('',#767,#767,#609,.T.);
#967=EDGE_CURVE('',#767,#758,#404,.T.);
#968=EDGE_CURVE('',#758,#759,#610,.T.);
#969=EDGE_CURVE('',#762,#763,#611,.T.);
#970=EDGE_CURVE('',#766,#667,#612,.T.);
#971=EDGE_CURVE('',#672,#673,#613,.T.);
#972=EDGE_CURVE('',#679,#689,#614,.T.);
#973=EDGE_CURVE('',#692,#755,#615,.T.);
#974=EDGE_CURVE('',#750,#768,#405,.T.);
#975=EDGE_CURVE('',#769,#768,#616,.T.);
#976=EDGE_CURVE('',#769,#709,#406,.T.);
#977=EDGE_CURVE('',#708,#751,#407,.T.);
#978=EDGE_CURVE('',#749,#659,#408,.T.);
#979=EDGE_CURVE('',#724,#655,#409,.T.);
#980=EDGE_CURVE('',#770,#753,#410,.T.);
#981=EDGE_CURVE('',#768,#770,#411,.T.);
#982=EDGE_CURVE('',#701,#747,#412,.T.);
#983=EDGE_CURVE('',#704,#771,#413,.T.);
#984=EDGE_CURVE('',#772,#771,#617,.T.);
#985=EDGE_CURVE('',#772,#748,#414,.T.);
#986=EDGE_CURVE('',#702,#746,#415,.T.);
#987=EDGE_CURVE('',#745,#773,#416,.T.);
#988=EDGE_CURVE('',#774,#773,#618,.T.);
#989=EDGE_CURVE('',#774,#703,#417,.T.);
#990=EDGE_CURVE('',#773,#772,#418,.T.);
#991=EDGE_CURVE('',#744,#650,#419,.T.);
#992=EDGE_CURVE('',#695,#742,#420,.T.);
#993=EDGE_CURVE('',#698,#775,#421,.T.);
#994=EDGE_CURVE('',#776,#775,#619,.T.);
#995=EDGE_CURVE('',#776,#743,#422,.T.);
#996=EDGE_CURVE('',#696,#741,#423,.T.);
#997=EDGE_CURVE('',#740,#777,#424,.T.);
#998=EDGE_CURVE('',#778,#777,#620,.T.);
#999=EDGE_CURVE('',#778,#697,#425,.T.);
#1000=EDGE_CURVE('',#777,#776,#426,.T.);
#1001=EDGE_CURVE('',#738,#651,#427,.T.);
#1002=EDGE_CURVE('',#736,#663,#428,.T.);
#1003=EDGE_CURVE('',#666,#779,#429,.T.);
#1004=EDGE_CURVE('',#780,#779,#621,.T.);
#1005=EDGE_CURVE('',#737,#780,#430,.T.);
#1006=EDGE_CURVE('',#780,#781,#431,.T.);
#1007=EDGE_CURVE('',#781,#734,#432,.T.);
#1008=EDGE_CURVE('',#733,#657,#433,.T.);
#1009=EDGE_CURVE('',#664,#735,#434,.T.);
#1010=EDGE_CURVE('',#719,#731,#435,.T.);
#1011=EDGE_CURVE('',#722,#782,#436,.T.);
#1012=EDGE_CURVE('',#783,#782,#622,.T.);
#1013=EDGE_CURVE('',#783,#732,#437,.T.);
#1014=EDGE_CURVE('',#720,#730,#438,.T.);
#1015=EDGE_CURVE('',#784,#782,#439,.T.);
#1016=EDGE_CURVE('',#784,#785,#623,.T.);
#1017=EDGE_CURVE('',#785,#783,#440,.T.);
#1018=EDGE_CURVE('',#784,#721,#441,.T.);
#1019=EDGE_CURVE('',#729,#785,#442,.T.);
#1020=EDGE_CURVE('',#653,#728,#443,.T.);
#1021=EDGE_CURVE('',#713,#726,#444,.T.);
#1022=EDGE_CURVE('',#716,#786,#445,.T.);
#1023=EDGE_CURVE('',#787,#786,#624,.T.);
#1024=EDGE_CURVE('',#787,#727,#446,.T.);
#1025=EDGE_CURVE('',#714,#725,#447,.T.);
#1026=EDGE_CURVE('',#788,#786,#448,.T.);
#1027=EDGE_CURVE('',#788,#789,#625,.T.);
#1028=EDGE_CURVE('',#789,#787,#449,.T.);
#1029=EDGE_CURVE('',#788,#715,#450,.T.);
#1030=EDGE_CURVE('',#723,#789,#451,.T.);
#1031=EDGE_CURVE('',#707,#752,#452,.T.);
#1032=EDGE_CURVE('',#710,#790,#453,.T.);
#1033=EDGE_CURVE('',#770,#790,#626,.T.);
#1034=EDGE_CURVE('',#769,#790,#454,.T.);
#1035=EDGE_CURVE('',#774,#771,#455,.T.);
#1036=EDGE_CURVE('',#778,#775,#456,.T.);
#1037=EDGE_CURVE('',#791,#779,#457,.T.);
#1038=EDGE_CURVE('',#791,#781,#627,.T.);
#1039=EDGE_CURVE('',#791,#665,#458,.T.);
#1040=EDGE_CURVE('',#652,#643,#459,.T.);
#1041=EDGE_CURVE('',#649,#648,#460,.T.);
#1042=EDGE_CURVE('',#658,#642,#461,.T.);
#1043=EDGE_CURVE('',#644,#654,#462,.T.);
#1044=EDGE_CURVE('',#656,#645,#463,.T.);
#1045=EDGE_CURVE('',#660,#647,#464,.T.);
#1046=ORIENTED_EDGE('',*,*,#792,.F.);
#1047=ORIENTED_EDGE('',*,*,#793,.T.);
#1048=ORIENTED_EDGE('',*,*,#794,.T.);
#1049=ORIENTED_EDGE('',*,*,#793,.F.);
#1050=ORIENTED_EDGE('',*,*,#795,.F.);
#1051=ORIENTED_EDGE('',*,*,#796,.T.);
#1052=ORIENTED_EDGE('',*,*,#797,.F.);
#1053=ORIENTED_EDGE('',*,*,#796,.F.);
#1054=ORIENTED_EDGE('',*,*,#798,.F.);
#1055=ORIENTED_EDGE('',*,*,#799,.T.);
#1056=ORIENTED_EDGE('',*,*,#800,.F.);
#1057=ORIENTED_EDGE('',*,*,#799,.F.);
#1058=ORIENTED_EDGE('',*,*,#801,.F.);
#1059=ORIENTED_EDGE('',*,*,#802,.T.);
#1060=ORIENTED_EDGE('',*,*,#803,.F.);
#1061=ORIENTED_EDGE('',*,*,#802,.F.);
#1062=ORIENTED_EDGE('',*,*,#804,.F.);
#1063=ORIENTED_EDGE('',*,*,#805,.T.);
#1064=ORIENTED_EDGE('',*,*,#806,.F.);
#1065=ORIENTED_EDGE('',*,*,#805,.F.);
#1066=ORIENTED_EDGE('',*,*,#807,.F.);
#1067=ORIENTED_EDGE('',*,*,#808,.T.);
#1068=ORIENTED_EDGE('',*,*,#809,.F.);
#1069=ORIENTED_EDGE('',*,*,#808,.F.);
#1070=ORIENTED_EDGE('',*,*,#810,.F.);
#1071=ORIENTED_EDGE('',*,*,#811,.T.);
#1072=ORIENTED_EDGE('',*,*,#812,.F.);
#1073=ORIENTED_EDGE('',*,*,#811,.F.);
#1074=ORIENTED_EDGE('',*,*,#813,.F.);
#1075=ORIENTED_EDGE('',*,*,#814,.T.);
#1076=ORIENTED_EDGE('',*,*,#815,.F.);
#1077=ORIENTED_EDGE('',*,*,#816,.T.);
#1078=ORIENTED_EDGE('',*,*,#817,.F.);
#1079=ORIENTED_EDGE('',*,*,#816,.F.);
#1080=ORIENTED_EDGE('',*,*,#818,.F.);
#1081=ORIENTED_EDGE('',*,*,#819,.F.);
#1082=ORIENTED_EDGE('',*,*,#820,.F.);
#1083=ORIENTED_EDGE('',*,*,#821,.T.);
#1084=ORIENTED_EDGE('',*,*,#822,.T.);
#1085=ORIENTED_EDGE('',*,*,#823,.F.);
#1086=ORIENTED_EDGE('',*,*,#824,.T.);
#1087=ORIENTED_EDGE('',*,*,#825,.F.);
#1088=ORIENTED_EDGE('',*,*,#826,.T.);
#1089=ORIENTED_EDGE('',*,*,#827,.F.);
#1090=ORIENTED_EDGE('',*,*,#828,.T.);
#1091=ORIENTED_EDGE('',*,*,#823,.T.);
#1092=ORIENTED_EDGE('',*,*,#829,.T.);
#1093=ORIENTED_EDGE('',*,*,#830,.F.);
#1094=ORIENTED_EDGE('',*,*,#831,.T.);
#1095=ORIENTED_EDGE('',*,*,#830,.T.);
#1096=ORIENTED_EDGE('',*,*,#832,.T.);
#1097=ORIENTED_EDGE('',*,*,#825,.T.);
#1098=ORIENTED_EDGE('',*,*,#833,.T.);
#1099=ORIENTED_EDGE('',*,*,#827,.T.);
#1100=ORIENTED_EDGE('',*,*,#834,.T.);
#1101=ORIENTED_EDGE('',*,*,#835,.F.);
#1102=ORIENTED_EDGE('',*,*,#836,.T.);
#1103=ORIENTED_EDGE('',*,*,#835,.T.);
#1104=ORIENTED_EDGE('',*,*,#837,.T.);
#1105=ORIENTED_EDGE('',*,*,#821,.F.);
#1106=ORIENTED_EDGE('',*,*,#838,.T.);
#1107=ORIENTED_EDGE('',*,*,#839,.T.);
#1108=ORIENTED_EDGE('',*,*,#840,.T.);
#1109=ORIENTED_EDGE('',*,*,#841,.F.);
#1110=ORIENTED_EDGE('',*,*,#842,.T.);
#1111=ORIENTED_EDGE('',*,*,#843,.T.);
#1112=ORIENTED_EDGE('',*,*,#844,.T.);
#1113=ORIENTED_EDGE('',*,*,#845,.F.);
#1114=ORIENTED_EDGE('',*,*,#840,.F.);
#1115=ORIENTED_EDGE('',*,*,#846,.T.);
#1116=ORIENTED_EDGE('',*,*,#847,.F.);
#1117=ORIENTED_EDGE('',*,*,#848,.T.);
#1118=ORIENTED_EDGE('',*,*,#849,.T.);
#1119=ORIENTED_EDGE('',*,*,#850,.T.);
#1120=ORIENTED_EDGE('',*,*,#849,.F.);
#1121=ORIENTED_EDGE('',*,*,#851,.T.);
#1122=ORIENTED_EDGE('',*,*,#852,.T.);
#1123=ORIENTED_EDGE('',*,*,#853,.T.);
#1124=ORIENTED_EDGE('',*,*,#854,.F.);
#1125=ORIENTED_EDGE('',*,*,#855,.F.);
#1126=ORIENTED_EDGE('',*,*,#856,.T.);
#1127=ORIENTED_EDGE('',*,*,#857,.T.);
#1128=ORIENTED_EDGE('',*,*,#858,.T.);
#1129=ORIENTED_EDGE('',*,*,#857,.F.);
#1130=ORIENTED_EDGE('',*,*,#859,.T.);
#1131=ORIENTED_EDGE('',*,*,#860,.T.);
#1132=ORIENTED_EDGE('',*,*,#861,.T.);
#1133=ORIENTED_EDGE('',*,*,#862,.T.);
#1134=ORIENTED_EDGE('',*,*,#863,.T.);
#1135=ORIENTED_EDGE('',*,*,#864,.T.);
#1136=ORIENTED_EDGE('',*,*,#865,.T.);
#1137=ORIENTED_EDGE('',*,*,#866,.T.);
#1138=ORIENTED_EDGE('',*,*,#855,.T.);
#1139=ORIENTED_EDGE('',*,*,#867,.T.);
#1140=ORIENTED_EDGE('',*,*,#868,.T.);
#1141=ORIENTED_EDGE('',*,*,#867,.F.);
#1142=ORIENTED_EDGE('',*,*,#854,.T.);
#1143=ORIENTED_EDGE('',*,*,#869,.T.);
#1144=ORIENTED_EDGE('',*,*,#847,.T.);
#1145=ORIENTED_EDGE('',*,*,#870,.T.);
#1146=ORIENTED_EDGE('',*,*,#871,.T.);
#1147=ORIENTED_EDGE('',*,*,#872,.T.);
#1148=ORIENTED_EDGE('',*,*,#873,.T.);
#1149=ORIENTED_EDGE('',*,*,#865,.F.);
#1150=ORIENTED_EDGE('',*,*,#874,.T.);
#1151=ORIENTED_EDGE('',*,*,#875,.T.);
#1152=ORIENTED_EDGE('',*,*,#876,.T.);
#1153=ORIENTED_EDGE('',*,*,#875,.F.);
#1154=ORIENTED_EDGE('',*,*,#877,.T.);
#1155=ORIENTED_EDGE('',*,*,#878,.T.);
#1156=ORIENTED_EDGE('',*,*,#879,.T.);
#1157=ORIENTED_EDGE('',*,*,#880,.T.);
#1158=ORIENTED_EDGE('',*,*,#881,.F.);
#1159=ORIENTED_EDGE('',*,*,#882,.F.);
#1160=ORIENTED_EDGE('',*,*,#883,.F.);
#1161=ORIENTED_EDGE('',*,*,#884,.F.);
#1162=ORIENTED_EDGE('',*,*,#885,.F.);
#1163=ORIENTED_EDGE('',*,*,#880,.F.);
#1164=ORIENTED_EDGE('',*,*,#886,.T.);
#1165=ORIENTED_EDGE('',*,*,#887,.T.);
#1166=ORIENTED_EDGE('',*,*,#888,.F.);
#1167=ORIENTED_EDGE('',*,*,#889,.F.);
#1168=ORIENTED_EDGE('',*,*,#890,.F.);
#1169=ORIENTED_EDGE('',*,*,#891,.F.);
#1170=ORIENTED_EDGE('',*,*,#892,.F.);
#1171=ORIENTED_EDGE('',*,*,#887,.F.);
#1172=ORIENTED_EDGE('',*,*,#893,.T.);
#1173=ORIENTED_EDGE('',*,*,#894,.T.);
#1174=ORIENTED_EDGE('',*,*,#895,.F.);
#1175=ORIENTED_EDGE('',*,*,#896,.F.);
#1176=ORIENTED_EDGE('',*,*,#897,.F.);
#1177=ORIENTED_EDGE('',*,*,#898,.F.);
#1178=ORIENTED_EDGE('',*,*,#899,.F.);
#1179=ORIENTED_EDGE('',*,*,#894,.F.);
#1180=ORIENTED_EDGE('',*,*,#900,.T.);
#1181=ORIENTED_EDGE('',*,*,#901,.T.);
#1182=ORIENTED_EDGE('',*,*,#902,.F.);
#1183=ORIENTED_EDGE('',*,*,#903,.F.);
#1184=ORIENTED_EDGE('',*,*,#904,.F.);
#1185=ORIENTED_EDGE('',*,*,#905,.F.);
#1186=ORIENTED_EDGE('',*,*,#906,.F.);
#1187=ORIENTED_EDGE('',*,*,#901,.F.);
#1188=ORIENTED_EDGE('',*,*,#907,.T.);
#1189=ORIENTED_EDGE('',*,*,#908,.T.);
#1190=ORIENTED_EDGE('',*,*,#909,.F.);
#1191=ORIENTED_EDGE('',*,*,#910,.F.);
#1192=ORIENTED_EDGE('',*,*,#911,.F.);
#1193=ORIENTED_EDGE('',*,*,#912,.F.);
#1194=ORIENTED_EDGE('',*,*,#913,.F.);
#1195=ORIENTED_EDGE('',*,*,#908,.F.);
#1196=ORIENTED_EDGE('',*,*,#914,.F.);
#1197=ORIENTED_EDGE('',*,*,#915,.F.);
#1198=ORIENTED_EDGE('',*,*,#916,.F.);
#1199=ORIENTED_EDGE('',*,*,#917,.F.);
#1200=ORIENTED_EDGE('',*,*,#918,.F.);
#1201=ORIENTED_EDGE('',*,*,#919,.F.);
#1202=ORIENTED_EDGE('',*,*,#920,.F.);
#1203=ORIENTED_EDGE('',*,*,#921,.F.);
#1204=ORIENTED_EDGE('',*,*,#922,.F.);
#1205=ORIENTED_EDGE('',*,*,#923,.F.);
#1206=ORIENTED_EDGE('',*,*,#924,.F.);
#1207=ORIENTED_EDGE('',*,*,#925,.F.);
#1208=ORIENTED_EDGE('',*,*,#926,.F.);
#1209=ORIENTED_EDGE('',*,*,#927,.F.);
#1210=ORIENTED_EDGE('',*,*,#928,.F.);
#1211=ORIENTED_EDGE('',*,*,#929,.T.);
#1212=ORIENTED_EDGE('',*,*,#930,.F.);
#1213=ORIENTED_EDGE('',*,*,#929,.F.);
#1214=ORIENTED_EDGE('',*,*,#931,.F.);
#1215=ORIENTED_EDGE('',*,*,#932,.F.);
#1216=ORIENTED_EDGE('',*,*,#933,.F.);
#1217=ORIENTED_EDGE('',*,*,#934,.F.);
#1218=ORIENTED_EDGE('',*,*,#935,.F.);
#1219=ORIENTED_EDGE('',*,*,#936,.F.);
#1220=ORIENTED_EDGE('',*,*,#937,.F.);
#1221=ORIENTED_EDGE('',*,*,#938,.F.);
#1222=ORIENTED_EDGE('',*,*,#939,.F.);
#1223=ORIENTED_EDGE('',*,*,#940,.F.);
#1224=ORIENTED_EDGE('',*,*,#941,.F.);
#1225=ORIENTED_EDGE('',*,*,#942,.F.);
#1226=ORIENTED_EDGE('',*,*,#943,.F.);
#1227=ORIENTED_EDGE('',*,*,#944,.F.);
#1228=ORIENTED_EDGE('',*,*,#945,.F.);
#1229=ORIENTED_EDGE('',*,*,#930,.T.);
#1230=ORIENTED_EDGE('',*,*,#946,.T.);
#1231=ORIENTED_EDGE('',*,*,#947,.T.);
#1232=ORIENTED_EDGE('',*,*,#946,.F.);
#1233=ORIENTED_EDGE('',*,*,#948,.F.);
#1234=ORIENTED_EDGE('',*,*,#863,.F.);
#1235=ORIENTED_EDGE('',*,*,#949,.F.);
#1236=ORIENTED_EDGE('',*,*,#950,.T.);
#1237=ORIENTED_EDGE('',*,*,#951,.T.);
#1238=ORIENTED_EDGE('',*,*,#950,.F.);
#1239=ORIENTED_EDGE('',*,*,#952,.F.);
#1240=ORIENTED_EDGE('',*,*,#953,.T.);
#1241=ORIENTED_EDGE('',*,*,#954,.T.);
#1242=ORIENTED_EDGE('',*,*,#861,.F.);
#1243=ORIENTED_EDGE('',*,*,#955,.T.);
#1244=ORIENTED_EDGE('',*,*,#956,.T.);
#1245=ORIENTED_EDGE('',*,*,#957,.T.);
#1246=ORIENTED_EDGE('',*,*,#956,.F.);
#1247=ORIENTED_EDGE('',*,*,#958,.T.);
#1248=ORIENTED_EDGE('',*,*,#959,.T.);
#1249=ORIENTED_EDGE('',*,*,#960,.T.);
#1250=ORIENTED_EDGE('',*,*,#871,.F.);
#1251=ORIENTED_EDGE('',*,*,#961,.T.);
#1252=ORIENTED_EDGE('',*,*,#962,.T.);
#1253=ORIENTED_EDGE('',*,*,#963,.T.);
#1254=ORIENTED_EDGE('',*,*,#962,.F.);
#1255=ORIENTED_EDGE('',*,*,#964,.T.);
#1256=ORIENTED_EDGE('',*,*,#965,.T.);
#1257=ORIENTED_EDGE('',*,*,#966,.F.);
#1258=ORIENTED_EDGE('',*,*,#967,.T.);
#1259=ORIENTED_EDGE('',*,*,#968,.T.);
#1260=ORIENTED_EDGE('',*,*,#959,.F.);
#1261=ORIENTED_EDGE('',*,*,#969,.T.);
#1262=ORIENTED_EDGE('',*,*,#965,.F.);
#1263=ORIENTED_EDGE('',*,*,#970,.T.);
#1264=ORIENTED_EDGE('',*,*,#852,.F.);
#1265=ORIENTED_EDGE('',*,*,#971,.T.);
#1266=ORIENTED_EDGE('',*,*,#860,.F.);
#1267=ORIENTED_EDGE('',*,*,#972,.T.);
#1268=ORIENTED_EDGE('',*,*,#878,.F.);
#1269=ORIENTED_EDGE('',*,*,#973,.T.);
#1270=ORIENTED_EDGE('',*,*,#953,.F.);
#1271=ORIENTED_EDGE('',*,*,#967,.F.);
#1272=ORIENTED_EDGE('',*,*,#947,.F.);
#1273=ORIENTED_EDGE('',*,*,#868,.F.);
#1274=ORIENTED_EDGE('',*,*,#942,.T.);
#1275=ORIENTED_EDGE('',*,*,#974,.T.);
#1276=ORIENTED_EDGE('',*,*,#975,.F.);
#1277=ORIENTED_EDGE('',*,*,#976,.T.);
#1278=ORIENTED_EDGE('',*,*,#897,.T.);
#1279=ORIENTED_EDGE('',*,*,#977,.T.);
#1280=ORIENTED_EDGE('',*,*,#941,.T.);
#1281=ORIENTED_EDGE('',*,*,#978,.T.);
#1282=ORIENTED_EDGE('',*,*,#834,.F.);
#1283=ORIENTED_EDGE('',*,*,#979,.F.);
#1284=ORIENTED_EDGE('',*,*,#945,.T.);
#1285=ORIENTED_EDGE('',*,*,#980,.F.);
#1286=ORIENTED_EDGE('',*,*,#981,.F.);
#1287=ORIENTED_EDGE('',*,*,#974,.F.);
#1288=ORIENTED_EDGE('',*,*,#939,.T.);
#1289=ORIENTED_EDGE('',*,*,#982,.F.);
#1290=ORIENTED_EDGE('',*,*,#888,.T.);
#1291=ORIENTED_EDGE('',*,*,#892,.T.);
#1292=ORIENTED_EDGE('',*,*,#983,.T.);
#1293=ORIENTED_EDGE('',*,*,#984,.F.);
#1294=ORIENTED_EDGE('',*,*,#985,.T.);
#1295=ORIENTED_EDGE('',*,*,#938,.T.);
#1296=ORIENTED_EDGE('',*,*,#986,.F.);
#1297=ORIENTED_EDGE('',*,*,#889,.T.);
#1298=ORIENTED_EDGE('',*,*,#982,.T.);
#1299=ORIENTED_EDGE('',*,*,#937,.T.);
#1300=ORIENTED_EDGE('',*,*,#987,.T.);
#1301=ORIENTED_EDGE('',*,*,#988,.F.);
#1302=ORIENTED_EDGE('',*,*,#989,.T.);
#1303=ORIENTED_EDGE('',*,*,#890,.T.);
#1304=ORIENTED_EDGE('',*,*,#986,.T.);
#1305=ORIENTED_EDGE('',*,*,#940,.T.);
#1306=ORIENTED_EDGE('',*,*,#985,.F.);
#1307=ORIENTED_EDGE('',*,*,#990,.F.);
#1308=ORIENTED_EDGE('',*,*,#987,.F.);
#1309=ORIENTED_EDGE('',*,*,#936,.T.);
#1310=ORIENTED_EDGE('',*,*,#991,.T.);
#1311=ORIENTED_EDGE('',*,*,#837,.F.);
#1312=ORIENTED_EDGE('',*,*,#978,.F.);
#1313=ORIENTED_EDGE('',*,*,#934,.T.);
#1314=ORIENTED_EDGE('',*,*,#992,.F.);
#1315=ORIENTED_EDGE('',*,*,#881,.T.);
#1316=ORIENTED_EDGE('',*,*,#885,.T.);
#1317=ORIENTED_EDGE('',*,*,#993,.T.);
#1318=ORIENTED_EDGE('',*,*,#994,.F.);
#1319=ORIENTED_EDGE('',*,*,#995,.T.);
#1320=ORIENTED_EDGE('',*,*,#933,.T.);
#1321=ORIENTED_EDGE('',*,*,#996,.F.);
#1322=ORIENTED_EDGE('',*,*,#882,.T.);
#1323=ORIENTED_EDGE('',*,*,#992,.T.);
#1324=ORIENTED_EDGE('',*,*,#932,.T.);
#1325=ORIENTED_EDGE('',*,*,#997,.T.);
#1326=ORIENTED_EDGE('',*,*,#998,.F.);
#1327=ORIENTED_EDGE('',*,*,#999,.T.);
#1328=ORIENTED_EDGE('',*,*,#883,.T.);
#1329=ORIENTED_EDGE('',*,*,#996,.T.);
#1330=ORIENTED_EDGE('',*,*,#935,.T.);
#1331=ORIENTED_EDGE('',*,*,#995,.F.);
#1332=ORIENTED_EDGE('',*,*,#1000,.F.);
#1333=ORIENTED_EDGE('',*,*,#997,.F.);
#1334=ORIENTED_EDGE('',*,*,#931,.T.);
#1335=ORIENTED_EDGE('',*,*,#1001,.T.);
#1336=ORIENTED_EDGE('',*,*,#822,.F.);
#1337=ORIENTED_EDGE('',*,*,#991,.F.);
#1338=ORIENTED_EDGE('',*,*,#927,.T.);
#1339=ORIENTED_EDGE('',*,*,#1002,.T.);
#1340=ORIENTED_EDGE('',*,*,#841,.T.);
#1341=ORIENTED_EDGE('',*,*,#845,.T.);
#1342=ORIENTED_EDGE('',*,*,#1003,.T.);
#1343=ORIENTED_EDGE('',*,*,#1004,.F.);
#1344=ORIENTED_EDGE('',*,*,#1005,.F.);
#1345=ORIENTED_EDGE('',*,*,#928,.T.);
#1346=ORIENTED_EDGE('',*,*,#1005,.T.);
#1347=ORIENTED_EDGE('',*,*,#1006,.T.);
#1348=ORIENTED_EDGE('',*,*,#1007,.T.);
#1349=ORIENTED_EDGE('',*,*,#924,.T.);
#1350=ORIENTED_EDGE('',*,*,#1008,.T.);
#1351=ORIENTED_EDGE('',*,*,#829,.F.);
#1352=ORIENTED_EDGE('',*,*,#1001,.F.);
#1353=ORIENTED_EDGE('',*,*,#926,.T.);
#1354=ORIENTED_EDGE('',*,*,#1009,.F.);
#1355=ORIENTED_EDGE('',*,*,#842,.F.);
#1356=ORIENTED_EDGE('',*,*,#1002,.F.);
#1357=ORIENTED_EDGE('',*,*,#922,.T.);
#1358=ORIENTED_EDGE('',*,*,#1010,.F.);
#1359=ORIENTED_EDGE('',*,*,#909,.T.);
#1360=ORIENTED_EDGE('',*,*,#913,.T.);
#1361=ORIENTED_EDGE('',*,*,#1011,.T.);
#1362=ORIENTED_EDGE('',*,*,#1012,.F.);
#1363=ORIENTED_EDGE('',*,*,#1013,.T.);
#1364=ORIENTED_EDGE('',*,*,#921,.T.);
#1365=ORIENTED_EDGE('',*,*,#1014,.F.);
#1366=ORIENTED_EDGE('',*,*,#910,.T.);
#1367=ORIENTED_EDGE('',*,*,#1010,.T.);
#1368=ORIENTED_EDGE('',*,*,#1012,.T.);
#1369=ORIENTED_EDGE('',*,*,#1015,.F.);
#1370=ORIENTED_EDGE('',*,*,#1016,.T.);
#1371=ORIENTED_EDGE('',*,*,#1017,.T.);
#1372=ORIENTED_EDGE('',*,*,#1011,.F.);
#1373=ORIENTED_EDGE('',*,*,#912,.T.);
#1374=ORIENTED_EDGE('',*,*,#1018,.F.);
#1375=ORIENTED_EDGE('',*,*,#1015,.T.);
#1376=ORIENTED_EDGE('',*,*,#920,.T.);
#1377=ORIENTED_EDGE('',*,*,#1019,.T.);
#1378=ORIENTED_EDGE('',*,*,#1016,.F.);
#1379=ORIENTED_EDGE('',*,*,#1018,.T.);
#1380=ORIENTED_EDGE('',*,*,#911,.T.);
#1381=ORIENTED_EDGE('',*,*,#1014,.T.);
#1382=ORIENTED_EDGE('',*,*,#919,.T.);
#1383=ORIENTED_EDGE('',*,*,#1020,.F.);
#1384=ORIENTED_EDGE('',*,*,#832,.F.);
#1385=ORIENTED_EDGE('',*,*,#1008,.F.);
#1386=ORIENTED_EDGE('',*,*,#923,.T.);
#1387=ORIENTED_EDGE('',*,*,#1013,.F.);
#1388=ORIENTED_EDGE('',*,*,#1017,.F.);
#1389=ORIENTED_EDGE('',*,*,#1019,.F.);
#1390=ORIENTED_EDGE('',*,*,#917,.T.);
#1391=ORIENTED_EDGE('',*,*,#1021,.F.);
#1392=ORIENTED_EDGE('',*,*,#902,.T.);
#1393=ORIENTED_EDGE('',*,*,#906,.T.);
#1394=ORIENTED_EDGE('',*,*,#1022,.T.);
#1395=ORIENTED_EDGE('',*,*,#1023,.F.);
#1396=ORIENTED_EDGE('',*,*,#1024,.T.);
#1397=ORIENTED_EDGE('',*,*,#916,.T.);
#1398=ORIENTED_EDGE('',*,*,#1025,.F.);
#1399=ORIENTED_EDGE('',*,*,#903,.T.);
#1400=ORIENTED_EDGE('',*,*,#1021,.T.);
#1401=ORIENTED_EDGE('',*,*,#1023,.T.);
#1402=ORIENTED_EDGE('',*,*,#1026,.F.);
#1403=ORIENTED_EDGE('',*,*,#1027,.T.);
#1404=ORIENTED_EDGE('',*,*,#1028,.T.);
#1405=ORIENTED_EDGE('',*,*,#1022,.F.);
#1406=ORIENTED_EDGE('',*,*,#905,.T.);
#1407=ORIENTED_EDGE('',*,*,#1029,.F.);
#1408=ORIENTED_EDGE('',*,*,#1026,.T.);
#1409=ORIENTED_EDGE('',*,*,#915,.T.);
#1410=ORIENTED_EDGE('',*,*,#1030,.T.);
#1411=ORIENTED_EDGE('',*,*,#1027,.F.);
#1412=ORIENTED_EDGE('',*,*,#1029,.T.);
#1413=ORIENTED_EDGE('',*,*,#904,.T.);
#1414=ORIENTED_EDGE('',*,*,#1025,.T.);
#1415=ORIENTED_EDGE('',*,*,#914,.T.);
#1416=ORIENTED_EDGE('',*,*,#979,.T.);
#1417=ORIENTED_EDGE('',*,*,#826,.F.);
#1418=ORIENTED_EDGE('',*,*,#1020,.T.);
#1419=ORIENTED_EDGE('',*,*,#918,.T.);
#1420=ORIENTED_EDGE('',*,*,#1024,.F.);
#1421=ORIENTED_EDGE('',*,*,#1028,.F.);
#1422=ORIENTED_EDGE('',*,*,#1030,.F.);
#1423=ORIENTED_EDGE('',*,*,#944,.T.);
#1424=ORIENTED_EDGE('',*,*,#1031,.F.);
#1425=ORIENTED_EDGE('',*,*,#895,.T.);
#1426=ORIENTED_EDGE('',*,*,#899,.T.);
#1427=ORIENTED_EDGE('',*,*,#1032,.T.);
#1428=ORIENTED_EDGE('',*,*,#1033,.F.);
#1429=ORIENTED_EDGE('',*,*,#980,.T.);
#1430=ORIENTED_EDGE('',*,*,#943,.T.);
#1431=ORIENTED_EDGE('',*,*,#977,.F.);
#1432=ORIENTED_EDGE('',*,*,#896,.T.);
#1433=ORIENTED_EDGE('',*,*,#1031,.T.);
#1434=ORIENTED_EDGE('',*,*,#1033,.T.);
#1435=ORIENTED_EDGE('',*,*,#1034,.F.);
#1436=ORIENTED_EDGE('',*,*,#975,.T.);
#1437=ORIENTED_EDGE('',*,*,#981,.T.);
#1438=ORIENTED_EDGE('',*,*,#1032,.F.);
#1439=ORIENTED_EDGE('',*,*,#898,.T.);
#1440=ORIENTED_EDGE('',*,*,#976,.F.);
#1441=ORIENTED_EDGE('',*,*,#1034,.T.);
#1442=ORIENTED_EDGE('',*,*,#984,.T.);
#1443=ORIENTED_EDGE('',*,*,#1035,.F.);
#1444=ORIENTED_EDGE('',*,*,#988,.T.);
#1445=ORIENTED_EDGE('',*,*,#990,.T.);
#1446=ORIENTED_EDGE('',*,*,#983,.F.);
#1447=ORIENTED_EDGE('',*,*,#891,.T.);
#1448=ORIENTED_EDGE('',*,*,#989,.F.);
#1449=ORIENTED_EDGE('',*,*,#1035,.T.);
#1450=ORIENTED_EDGE('',*,*,#994,.T.);
#1451=ORIENTED_EDGE('',*,*,#1036,.F.);
#1452=ORIENTED_EDGE('',*,*,#998,.T.);
#1453=ORIENTED_EDGE('',*,*,#1000,.T.);
#1454=ORIENTED_EDGE('',*,*,#993,.F.);
#1455=ORIENTED_EDGE('',*,*,#884,.T.);
#1456=ORIENTED_EDGE('',*,*,#999,.F.);
#1457=ORIENTED_EDGE('',*,*,#1036,.T.);
#1458=ORIENTED_EDGE('',*,*,#1004,.T.);
#1459=ORIENTED_EDGE('',*,*,#1037,.F.);
#1460=ORIENTED_EDGE('',*,*,#1038,.T.);
#1461=ORIENTED_EDGE('',*,*,#1006,.F.);
#1462=ORIENTED_EDGE('',*,*,#1003,.F.);
#1463=ORIENTED_EDGE('',*,*,#844,.F.);
#1464=ORIENTED_EDGE('',*,*,#1039,.F.);
#1465=ORIENTED_EDGE('',*,*,#1037,.T.);
#1466=ORIENTED_EDGE('',*,*,#925,.T.);
#1467=ORIENTED_EDGE('',*,*,#1007,.F.);
#1468=ORIENTED_EDGE('',*,*,#1038,.F.);
#1469=ORIENTED_EDGE('',*,*,#1039,.T.);
#1470=ORIENTED_EDGE('',*,*,#843,.F.);
#1471=ORIENTED_EDGE('',*,*,#1009,.T.);
#1472=ORIENTED_EDGE('',*,*,#876,.F.);
#1473=ORIENTED_EDGE('',*,*,#893,.F.);
#1474=ORIENTED_EDGE('',*,*,#873,.F.);
#1475=ORIENTED_EDGE('',*,*,#972,.F.);
#1476=ORIENTED_EDGE('',*,*,#859,.F.);
#1477=ORIENTED_EDGE('',*,*,#856,.F.);
#1478=ORIENTED_EDGE('',*,*,#866,.F.);
#1479=ORIENTED_EDGE('',*,*,#858,.F.);
#1480=ORIENTED_EDGE('',*,*,#886,.F.);
#1481=ORIENTED_EDGE('',*,*,#853,.F.);
#1482=ORIENTED_EDGE('',*,*,#971,.F.);
#1483=ORIENTED_EDGE('',*,*,#851,.F.);
#1484=ORIENTED_EDGE('',*,*,#848,.F.);
#1485=ORIENTED_EDGE('',*,*,#869,.F.);
#1486=ORIENTED_EDGE('',*,*,#850,.F.);
#1487=ORIENTED_EDGE('',*,*,#879,.F.);
#1488=ORIENTED_EDGE('',*,*,#846,.F.);
#1489=ORIENTED_EDGE('',*,*,#970,.F.);
#1490=ORIENTED_EDGE('',*,*,#964,.F.);
#1491=ORIENTED_EDGE('',*,*,#961,.F.);
#1492=ORIENTED_EDGE('',*,*,#870,.F.);
#1493=ORIENTED_EDGE('',*,*,#963,.F.);
#1494=ORIENTED_EDGE('',*,*,#839,.F.);
#1495=ORIENTED_EDGE('',*,*,#960,.F.);
#1496=ORIENTED_EDGE('',*,*,#969,.F.);
#1497=ORIENTED_EDGE('',*,*,#958,.F.);
#1498=ORIENTED_EDGE('',*,*,#955,.F.);
#1499=ORIENTED_EDGE('',*,*,#872,.F.);
#1500=ORIENTED_EDGE('',*,*,#957,.F.);
#1501=ORIENTED_EDGE('',*,*,#907,.F.);
#1502=ORIENTED_EDGE('',*,*,#874,.F.);
#1503=ORIENTED_EDGE('',*,*,#864,.F.);
#1504=ORIENTED_EDGE('',*,*,#948,.T.);
#1505=ORIENTED_EDGE('',*,*,#973,.F.);
#1506=ORIENTED_EDGE('',*,*,#877,.F.);
#1507=ORIENTED_EDGE('',*,*,#951,.F.);
#1508=ORIENTED_EDGE('',*,*,#900,.F.);
#1509=ORIENTED_EDGE('',*,*,#824,.F.);
#1510=ORIENTED_EDGE('',*,*,#1040,.T.);
#1511=ORIENTED_EDGE('',*,*,#820,.T.);
#1512=ORIENTED_EDGE('',*,*,#1041,.F.);
#1513=ORIENTED_EDGE('',*,*,#831,.F.);
#1514=ORIENTED_EDGE('',*,*,#1042,.T.);
#1515=ORIENTED_EDGE('',*,*,#813,.T.);
#1516=ORIENTED_EDGE('',*,*,#1040,.F.);
#1517=ORIENTED_EDGE('',*,*,#833,.F.);
#1518=ORIENTED_EDGE('',*,*,#1043,.F.);
#1519=ORIENTED_EDGE('',*,*,#814,.F.);
#1520=ORIENTED_EDGE('',*,*,#1042,.F.);
#1521=ORIENTED_EDGE('',*,*,#828,.F.);
#1522=ORIENTED_EDGE('',*,*,#1044,.T.);
#1523=ORIENTED_EDGE('',*,*,#815,.T.);
#1524=ORIENTED_EDGE('',*,*,#1043,.T.);
#1525=ORIENTED_EDGE('',*,*,#836,.F.);
#1526=ORIENTED_EDGE('',*,*,#1045,.T.);
#1527=ORIENTED_EDGE('',*,*,#818,.T.);
#1528=ORIENTED_EDGE('',*,*,#1044,.F.);
#1529=ORIENTED_EDGE('',*,*,#838,.F.);
#1530=ORIENTED_EDGE('',*,*,#1041,.T.);
#1531=ORIENTED_EDGE('',*,*,#819,.T.);
#1532=ORIENTED_EDGE('',*,*,#1045,.F.);
#1533=ORIENTED_EDGE('',*,*,#954,.F.);
#1534=ORIENTED_EDGE('',*,*,#968,.F.);
#1535=ORIENTED_EDGE('',*,*,#952,.T.);
#1536=ORIENTED_EDGE('',*,*,#949,.T.);
#1537=ORIENTED_EDGE('',*,*,#862,.F.);
#1538=ORIENTED_EDGE('',*,*,#966,.T.);
#1539=ORIENTED_EDGE('',*,*,#792,.T.);
#1540=ORIENTED_EDGE('',*,*,#812,.T.);
#1541=ORIENTED_EDGE('',*,*,#809,.T.);
#1542=ORIENTED_EDGE('',*,*,#806,.T.);
#1543=ORIENTED_EDGE('',*,*,#803,.T.);
#1544=ORIENTED_EDGE('',*,*,#800,.T.);
#1545=ORIENTED_EDGE('',*,*,#797,.T.);
#1546=ORIENTED_EDGE('',*,*,#817,.T.);
#1547=ORIENTED_EDGE('',*,*,#794,.F.);
#1548=ORIENTED_EDGE('',*,*,#810,.T.);
#1549=ORIENTED_EDGE('',*,*,#807,.T.);
#1550=ORIENTED_EDGE('',*,*,#804,.T.);
#1551=ORIENTED_EDGE('',*,*,#801,.T.);
#1552=ORIENTED_EDGE('',*,*,#798,.T.);
#1553=ORIENTED_EDGE('',*,*,#795,.T.);
#1554=CYLINDRICAL_SURFACE('',#1705,57.15);
#1555=CYLINDRICAL_SURFACE('',#1708,3.3782);
#1556=CYLINDRICAL_SURFACE('',#1711,3.3782);
#1557=CYLINDRICAL_SURFACE('',#1714,3.3782);
#1558=CYLINDRICAL_SURFACE('',#1717,3.3782);
#1559=CYLINDRICAL_SURFACE('',#1720,3.3782);
#1560=CYLINDRICAL_SURFACE('',#1723,3.3782);
#1561=CYLINDRICAL_SURFACE('',#1726,31.75);
#1562=CYLINDRICAL_SURFACE('',#1734,1.27);
#1563=CYLINDRICAL_SURFACE('',#1737,1.27);
#1564=CYLINDRICAL_SURFACE('',#1740,1.27);
#1565=CYLINDRICAL_SURFACE('',#1742,1.27);
#1566=CYLINDRICAL_SURFACE('',#1743,1.27);
#1567=CYLINDRICAL_SURFACE('',#1745,1.27);
#1568=CYLINDRICAL_SURFACE('',#1746,4.7625);
#1569=CYLINDRICAL_SURFACE('',#1750,6.35);
#1570=CYLINDRICAL_SURFACE('',#1752,6.35);
#1571=CYLINDRICAL_SURFACE('',#1763,6.35);
#1572=CYLINDRICAL_SURFACE('',#1765,4.7625);
#1573=CYLINDRICAL_SURFACE('',#1769,4.7625);
#1574=CYLINDRICAL_SURFACE('',#1773,4.7625);
#1575=CYLINDRICAL_SURFACE('',#1777,4.7625);
#1576=CYLINDRICAL_SURFACE('',#1781,4.7625);
#1577=CYLINDRICAL_SURFACE('',#1785,30.48);
#1578=CYLINDRICAL_SURFACE('',#1807,6.35);
#1579=CYLINDRICAL_SURFACE('',#1809,6.35);
#1580=CYLINDRICAL_SURFACE('',#1811,6.35);
#1581=CYLINDRICAL_SURFACE('',#1813,9.90399430142552);
#1582=CYLINDRICAL_SURFACE('',#1822,6.35);
#1583=CYLINDRICAL_SURFACE('',#1825,6.35);
#1584=CYLINDRICAL_SURFACE('',#1828,6.35);
#1585=CYLINDRICAL_SURFACE('',#1831,6.35);
#1586=CYLINDRICAL_SURFACE('',#1834,6.35);
#1587=CYLINDRICAL_SURFACE('',#1837,6.35);
#1588=CYLINDRICAL_SURFACE('',#1841,6.34999999999999);
#1589=CYLINDRICAL_SURFACE('',#1847,6.35);
#1590=CYLINDRICAL_SURFACE('',#1849,6.35);
#1591=CYLINDRICAL_SURFACE('',#1855,6.35);
#1592=CYLINDRICAL_SURFACE('',#1857,6.35);
#1593=CYLINDRICAL_SURFACE('',#1869,6.35);
#1594=ADVANCED_FACE('',(#174),#1554,.T.);
#1595=ADVANCED_FACE('',(#175),#1555,.F.);
#1596=ADVANCED_FACE('',(#176),#1556,.F.);
#1597=ADVANCED_FACE('',(#177),#1557,.F.);
#1598=ADVANCED_FACE('',(#178),#1558,.F.);
#1599=ADVANCED_FACE('',(#179),#1559,.F.);
#1600=ADVANCED_FACE('',(#180),#1560,.F.);
#1601=ADVANCED_FACE('',(#181),#1561,.T.);
#1602=ADVANCED_FACE('',(#182),#1562,.F.);
#1603=ADVANCED_FACE('',(#183),#1563,.F.);
#1604=ADVANCED_FACE('',(#184),#1564,.F.);
#1605=ADVANCED_FACE('',(#185),#1565,.F.);
#1606=ADVANCED_FACE('',(#186),#1566,.F.);
#1607=ADVANCED_FACE('',(#187),#1567,.F.);
#1608=ADVANCED_FACE('',(#188),#1568,.F.);
#1609=ADVANCED_FACE('',(#189),#1569,.F.);
#1610=ADVANCED_FACE('',(#190),#1570,.F.);
#1611=ADVANCED_FACE('',(#191),#82,.T.);
#1612=ADVANCED_FACE('',(#192),#1571,.F.);
#1613=ADVANCED_FACE('',(#193),#1572,.F.);
#1614=ADVANCED_FACE('',(#194),#1573,.F.);
#1615=ADVANCED_FACE('',(#195),#1574,.F.);
#1616=ADVANCED_FACE('',(#196),#1575,.F.);
#1617=ADVANCED_FACE('',(#197),#1576,.F.);
#1618=ADVANCED_FACE('',(#198),#1577,.T.);
#1619=ADVANCED_FACE('',(#199),#75,.T.);
#1620=ADVANCED_FACE('',(#200),#1578,.F.);
#1621=ADVANCED_FACE('',(#201),#1579,.F.);
#1622=ADVANCED_FACE('',(#202),#1580,.F.);
#1623=ADVANCED_FACE('',(#203),#1581,.F.);
#1624=ADVANCED_FACE('',(#204,#15),#35,.F.);
#1625=ADVANCED_FACE('',(#205),#1582,.F.);
#1626=ADVANCED_FACE('',(#206),#36,.F.);
#1627=ADVANCED_FACE('',(#207),#1583,.F.);
#1628=ADVANCED_FACE('',(#208),#37,.F.);
#1629=ADVANCED_FACE('',(#209),#1584,.F.);
#1630=ADVANCED_FACE('',(#210),#38,.F.);
#1631=ADVANCED_FACE('',(#211),#1585,.F.);
#1632=ADVANCED_FACE('',(#212),#39,.F.);
#1633=ADVANCED_FACE('',(#213),#1586,.F.);
#1634=ADVANCED_FACE('',(#214),#40,.F.);
#1635=ADVANCED_FACE('',(#215),#1587,.F.);
#1636=ADVANCED_FACE('',(#216),#41,.F.);
#1637=ADVANCED_FACE('',(#217),#42,.F.);
#1638=ADVANCED_FACE('',(#218),#1588,.F.);
#1639=ADVANCED_FACE('',(#219),#43,.F.);
#1640=ADVANCED_FACE('',(#220),#44,.F.);
#1641=ADVANCED_FACE('',(#221),#45,.F.);
#1642=ADVANCED_FACE('',(#222),#1589,.F.);
#1643=ADVANCED_FACE('',(#223),#46,.F.);
#1644=ADVANCED_FACE('',(#224),#1590,.F.);
#1645=ADVANCED_FACE('',(#225),#47,.F.);
#1646=ADVANCED_FACE('',(#226),#48,.F.);
#1647=ADVANCED_FACE('',(#227),#49,.F.);
#1648=ADVANCED_FACE('',(#228),#1591,.F.);
#1649=ADVANCED_FACE('',(#229),#50,.F.);
#1650=ADVANCED_FACE('',(#230),#1592,.F.);
#1651=ADVANCED_FACE('',(#231),#51,.F.);
#1652=ADVANCED_FACE('',(#232),#52,.F.);
#1653=ADVANCED_FACE('',(#233),#53,.F.);
#1654=ADVANCED_FACE('',(#234),#54,.F.);
#1655=ADVANCED_FACE('',(#235),#55,.F.);
#1656=ADVANCED_FACE('',(#236),#56,.F.);
#1657=ADVANCED_FACE('',(#237),#57,.F.);
#1658=ADVANCED_FACE('',(#238),#58,.F.);
#1659=ADVANCED_FACE('',(#239),#59,.F.);
#1660=ADVANCED_FACE('',(#240),#1593,.F.);
#1661=ADVANCED_FACE('',(#241,#16),#60,.F.);
#1662=ADVANCED_FACE('',(#242),#76,.F.);
#1663=ADVANCED_FACE('',(#243,#17),#61,.F.);
#1664=ADVANCED_FACE('',(#244),#77,.F.);
#1665=ADVANCED_FACE('',(#245,#18),#62,.F.);
#1666=ADVANCED_FACE('',(#246),#78,.F.);
#1667=ADVANCED_FACE('',(#247,#19),#63,.F.);
#1668=ADVANCED_FACE('',(#248),#79,.F.);
#1669=ADVANCED_FACE('',(#249,#20),#64,.F.);
#1670=ADVANCED_FACE('',(#250),#80,.F.);
#1671=ADVANCED_FACE('',(#251,#21),#65,.F.);
#1672=ADVANCED_FACE('',(#252),#66,.F.);
#1673=ADVANCED_FACE('',(#253),#67,.F.);
#1674=ADVANCED_FACE('',(#254),#68,.F.);
#1675=ADVANCED_FACE('',(#255),#69,.F.);
#1676=ADVANCED_FACE('',(#256),#70,.F.);
#1677=ADVANCED_FACE('',(#257),#71,.F.);
#1678=ADVANCED_FACE('',(#258),#81,.F.);
#1679=ADVANCED_FACE('',(#259),#72,.F.);
#1680=ADVANCED_FACE('',(#260,#22,#23,#24,#25,#26,#27,#28),#73,.T.);
#1681=ADVANCED_FACE('',(#261,#29,#30,#31,#32,#33,#34),#74,.F.);
#1682=CLOSED_SHELL('',(#1594,#1595,#1596,#1597,#1598,#1599,#1600,#1601,
#1602,#1603,#1604,#1605,#1606,#1607,#1608,#1609,#1610,#1611,#1612,#1613,
#1614,#1615,#1616,#1617,#1618,#1619,#1620,#1621,#1622,#1623,#1624,#1625,
#1626,#1627,#1628,#1629,#1630,#1631,#1632,#1633,#1634,#1635,#1636,#1637,
#1638,#1639,#1640,#1641,#1642,#1643,#1644,#1645,#1646,#1647,#1648,#1649,
#1650,#1651,#1652,#1653,#1654,#1655,#1656,#1657,#1658,#1659,#1660,#1661,
#1662,#1663,#1664,#1665,#1666,#1667,#1668,#1669,#1670,#1671,#1672,#1673,
#1674,#1675,#1676,#1677,#1678,#1679,#1680,#1681));
#1683=DERIVED_UNIT_ELEMENT(#1686,1.);
#1684=DERIVED_UNIT_ELEMENT(#3418,-3.);
#1685=DIMENSIONAL_EXPONENTS(0.,1.,0.,0.,0.,0.,0.);
#1686=(
CONVERSION_BASED_UNIT('gram',#1688)
MASS_UNIT()
NAMED_UNIT(#1685)
);
#1687=(
MASS_UNIT()
NAMED_UNIT(*)
SI_UNIT(.KILO.,.GRAM.)
);
#1688=MASS_MEASURE_WITH_UNIT(MASS_MEASURE(0.001),#1687);
#1689=DERIVED_UNIT((#1683,#1684));
#1690=MEASURE_REPRESENTATION_ITEM('density measure',
POSITIVE_RATIO_MEASURE(1.),#1689);
#1691=PROPERTY_DEFINITION_REPRESENTATION(#1696,#1693);
#1692=PROPERTY_DEFINITION_REPRESENTATION(#1697,#1694);
#1693=REPRESENTATION('material name',(#1695),#3415);
#1694=REPRESENTATION('density',(#1690),#3415);
#1695=DESCRIPTIVE_REPRESENTATION_ITEM('Generic','Generic');
#1696=PROPERTY_DEFINITION('material property','material name',#3425);
#1697=PROPERTY_DEFINITION('material property','density of part',#3425);
#1698=DATE_TIME_ROLE('creation_date');
#1699=APPLIED_DATE_AND_TIME_ASSIGNMENT(#1700,#1698,(#3425));
#1700=DATE_AND_TIME(#1701,#1702);
#1701=CALENDAR_DATE(2021,23,4);
#1702=LOCAL_TIME(13,56,38.,#1703);
#1703=COORDINATED_UNIVERSAL_TIME_OFFSET(0,0,.BEHIND.);
#1704=AXIS2_PLACEMENT_3D('',#2360,#1891,#1892);
#1705=AXIS2_PLACEMENT_3D('',#2361,#1893,#1894);
#1706=AXIS2_PLACEMENT_3D('',#2363,#1895,#1896);
#1707=AXIS2_PLACEMENT_3D('',#2366,#1898,#1899);
#1708=AXIS2_PLACEMENT_3D('',#2367,#1900,#1901);
#1709=AXIS2_PLACEMENT_3D('',#2369,#1902,#1903);
#1710=AXIS2_PLACEMENT_3D('',#2372,#1905,#1906);
#1711=AXIS2_PLACEMENT_3D('',#2373,#1907,#1908);
#1712=AXIS2_PLACEMENT_3D('',#2375,#1909,#1910);
#1713=AXIS2_PLACEMENT_3D('',#2378,#1912,#1913);
#1714=AXIS2_PLACEMENT_3D('',#2379,#1914,#1915);
#1715=AXIS2_PLACEMENT_3D('',#2381,#1916,#1917);
#1716=AXIS2_PLACEMENT_3D('',#2384,#1919,#1920);
#1717=AXIS2_PLACEMENT_3D('',#2385,#1921,#1922);
#1718=AXIS2_PLACEMENT_3D('',#2387,#1923,#1924);
#1719=AXIS2_PLACEMENT_3D('',#2390,#1926,#1927);
#1720=AXIS2_PLACEMENT_3D('',#2391,#1928,#1929);
#1721=AXIS2_PLACEMENT_3D('',#2393,#1930,#1931);
#1722=AXIS2_PLACEMENT_3D('',#2396,#1933,#1934);
#1723=AXIS2_PLACEMENT_3D('',#2397,#1935,#1936);
#1724=AXIS2_PLACEMENT_3D('',#2399,#1937,#1938);
#1725=AXIS2_PLACEMENT_3D('',#2402,#1940,#1941);
#1726=AXIS2_PLACEMENT_3D('',#2403,#1942,#1943);
#1727=AXIS2_PLACEMENT_3D('',#2406,#1944,#1945);
#1728=AXIS2_PLACEMENT_3D('',#2408,#1946,#1947);
#1729=AXIS2_PLACEMENT_3D('',#2410,#1948,#1949);
#1730=AXIS2_PLACEMENT_3D('',#2413,#1951,#1952);
#1731=AXIS2_PLACEMENT_3D('',#2415,#1953,#1954);
#1732=AXIS2_PLACEMENT_3D('',#2417,#1955,#1956);
#1733=AXIS2_PLACEMENT_3D('',#2418,#1957,#1958);
#1734=AXIS2_PLACEMENT_3D('',#2419,#1959,#1960);
#1735=AXIS2_PLACEMENT_3D('',#2422,#1961,#1962);
#1736=AXIS2_PLACEMENT_3D('',#2426,#1964,#1965);
#1737=AXIS2_PLACEMENT_3D('',#2428,#1967,#1968);
#1738=AXIS2_PLACEMENT_3D('',#2431,#1969,#1970);
#1739=AXIS2_PLACEMENT_3D('',#2435,#1972,#1973);
#1740=AXIS2_PLACEMENT_3D('',#2437,#1975,#1976);
#1741=AXIS2_PLACEMENT_3D('',#2441,#1978,#1979);
#1742=AXIS2_PLACEMENT_3D('',#2443,#1981,#1982);
#1743=AXIS2_PLACEMENT_3D('',#2446,#1985,#1986);
#1744=AXIS2_PLACEMENT_3D('',#2450,#1988,#1989);
#1745=AXIS2_PLACEMENT_3D('',#2452,#1991,#1992);
#1746=AXIS2_PLACEMENT_3D('',#2455,#1995,#1996);
#1747=AXIS2_PLACEMENT_3D('',#2457,#1997,#1998);
#1748=AXIS2_PLACEMENT_3D('',#2466,#2000,#2001);
#1749=AXIS2_PLACEMENT_3D('',#2476,#2002,#2003);
#1750=AXIS2_PLACEMENT_3D('',#2481,#2004,#2005);
#1751=AXIS2_PLACEMENT_3D('',#2526,#2007,#2008);
#1752=AXIS2_PLACEMENT_3D('',#2556,#2009,#2010);
#1753=AXIS2_PLACEMENT_3D('',#2603,#2012,#2013);
#1754=AXIS2_PLACEMENT_3D('',#2633,#2014,#2015);
#1755=AXIS2_PLACEMENT_3D('',#2652,#2016,#2017);
#1756=AXIS2_PLACEMENT_3D('',#2670,#2018,#2019);
#1757=AXIS2_PLACEMENT_3D('',#2687,#2020,#2021);
#1758=AXIS2_PLACEMENT_3D('',#2689,#2022,#2023);
#1759=AXIS2_PLACEMENT_3D('',#2690,#2024,#2025);
#1760=AXIS2_PLACEMENT_3D('',#2691,#2026,#2027);
#1761=AXIS2_PLACEMENT_3D('',#2693,#2028,#2029);
#1762=AXIS2_PLACEMENT_3D('',#2710,#2030,#2031);
#1763=AXIS2_PLACEMENT_3D('',#2711,#2032,#2033);
#1764=AXIS2_PLACEMENT_3D('',#2739,#2035,#2036);
#1765=AXIS2_PLACEMENT_3D('',#2769,#2037,#2038);
#1766=AXIS2_PLACEMENT_3D('',#2771,#2039,#2040);
#1767=AXIS2_PLACEMENT_3D('',#2780,#2042,#2043);
#1768=AXIS2_PLACEMENT_3D('',#2790,#2044,#2045);
#1769=AXIS2_PLACEMENT_3D('',#2795,#2046,#2047);
#1770=AXIS2_PLACEMENT_3D('',#2797,#2048,#2049);
#1771=AXIS2_PLACEMENT_3D('',#2806,#2051,#2052);
#1772=AXIS2_PLACEMENT_3D('',#2816,#2053,#2054);
#1773=AXIS2_PLACEMENT_3D('',#2821,#2055,#2056);
#1774=AXIS2_PLACEMENT_3D('',#2823,#2057,#2058);
#1775=AXIS2_PLACEMENT_3D('',#2832,#2060,#2061);
#1776=AXIS2_PLACEMENT_3D('',#2842,#2062,#2063);
#1777=AXIS2_PLACEMENT_3D('',#2847,#2064,#2065);
#1778=AXIS2_PLACEMENT_3D('',#2849,#2066,#2067);
#1779=AXIS2_PLACEMENT_3D('',#2858,#2069,#2070);
#1780=AXIS2_PLACEMENT_3D('',#2868,#2071,#2072);
#1781=AXIS2_PLACEMENT_3D('',#2873,#2073,#2074);
#1782=AXIS2_PLACEMENT_3D('',#2875,#2075,#2076);
#1783=AXIS2_PLACEMENT_3D('',#2884,#2078,#2079);
#1784=AXIS2_PLACEMENT_3D('',#2894,#2080,#2081);
#1785=AXIS2_PLACEMENT_3D('',#2899,#2082,#2083);
#1786=AXIS2_PLACEMENT_3D('',#2902,#2084,#2085);
#1787=AXIS2_PLACEMENT_3D('',#2915,#2086,#2087);
#1788=AXIS2_PLACEMENT_3D('',#2928,#2088,#2089);
#1789=AXIS2_PLACEMENT_3D('',#2930,#2090,#2091);
#1790=AXIS2_PLACEMENT_3D('',#2943,#2092,#2093);
#1791=AXIS2_PLACEMENT_3D('',#2956,#2094,#2095);
#1792=AXIS2_PLACEMENT_3D('',#2958,#2096,#2097);
#1793=AXIS2_PLACEMENT_3D('',#2971,#2098,#2099);
#1794=AXIS2_PLACEMENT_3D('',#2984,#2100,#2101);
#1795=AXIS2_PLACEMENT_3D('',#2987,#2103,#2104);
#1796=AXIS2_PLACEMENT_3D('',#2989,#2105,#2106);
#1797=AXIS2_PLACEMENT_3D('',#3002,#2107,#2108);
#1798=AXIS2_PLACEMENT_3D('',#3015,#2109,#2110);
#1799=AXIS2_PLACEMENT_3D('',#3017,#2111,#2112);
#1800=AXIS2_PLACEMENT_3D('',#3030,#2113,#2114);
#1801=AXIS2_PLACEMENT_3D('',#3043,#2115,#2116);
#1802=AXIS2_PLACEMENT_3D('',#3045,#2117,#2118);
#1803=AXIS2_PLACEMENT_3D('',#3058,#2119,#2120);
#1804=AXIS2_PLACEMENT_3D('',#3070,#2121,#2122);
#1805=AXIS2_PLACEMENT_3D('',#3071,#2123,#2124);
#1806=AXIS2_PLACEMENT_3D('',#3074,#2126,#2127);
#1807=AXIS2_PLACEMENT_3D('',#3075,#2128,#2129);
#1808=AXIS2_PLACEMENT_3D('',#3103,#2131,#2132);
#1809=AXIS2_PLACEMENT_3D('',#3133,#2133,#2134);
#1810=AXIS2_PLACEMENT_3D('',#3161,#2136,#2137);
#1811=AXIS2_PLACEMENT_3D('',#3191,#2138,#2139);
#1812=AXIS2_PLACEMENT_3D('',#3219,#2141,#2142);
#1813=AXIS2_PLACEMENT_3D('',#3249,#2143,#2144);
#1814=AXIS2_PLACEMENT_3D('',#3251,#2145,#2146);
#1815=AXIS2_PLACEMENT_3D('',#3253,#2148,#2149);
#1816=AXIS2_PLACEMENT_3D('',#3254,#2150,#2151);
#1817=AXIS2_PLACEMENT_3D('',#3255,#2152,#2153);
#1818=AXIS2_PLACEMENT_3D('',#3256,#2154,#2155);
#1819=AXIS2_PLACEMENT_3D('',#3257,#2156,#2157);
#1820=AXIS2_PLACEMENT_3D('',#3258,#2158,#2159);
#1821=AXIS2_PLACEMENT_3D('',#3259,#2160,#2161);
#1822=AXIS2_PLACEMENT_3D('',#3260,#2162,#2163);
#1823=AXIS2_PLACEMENT_3D('',#3264,#2165,#2166);
#1824=AXIS2_PLACEMENT_3D('',#3267,#2169,#2170);
#1825=AXIS2_PLACEMENT_3D('',#3273,#2175,#2176);
#1826=AXIS2_PLACEMENT_3D('',#3278,#2179,#2180);
#1827=AXIS2_PLACEMENT_3D('',#3280,#2182,#2183);
#1828=AXIS2_PLACEMENT_3D('',#3282,#2185,#2186);
#1829=AXIS2_PLACEMENT_3D('',#3286,#2188,#2189);
#1830=AXIS2_PLACEMENT_3D('',#3288,#2191,#2192);
#1831=AXIS2_PLACEMENT_3D('',#3291,#2195,#2196);
#1832=AXIS2_PLACEMENT_3D('',#3296,#2199,#2200);
#1833=AXIS2_PLACEMENT_3D('',#3298,#2202,#2203);
#1834=AXIS2_PLACEMENT_3D('',#3300,#2205,#2206);
#1835=AXIS2_PLACEMENT_3D('',#3304,#2208,#2209);
#1836=AXIS2_PLACEMENT_3D('',#3306,#2211,#2212);
#1837=AXIS2_PLACEMENT_3D('',#3309,#2215,#2216);
#1838=AXIS2_PLACEMENT_3D('',#3314,#2219,#2220);
#1839=AXIS2_PLACEMENT_3D('',#3316,#2222,#2223);
#1840=AXIS2_PLACEMENT_3D('',#3321,#2227,#2228);
#1841=AXIS2_PLACEMENT_3D('',#3323,#2230,#2231);
#1842=AXIS2_PLACEMENT_3D('',#3328,#2234,#2235);
#1843=AXIS2_PLACEMENT_3D('',#3330,#2237,#2238);
#1844=AXIS2_PLACEMENT_3D('',#3332,#2240,#2241);
#1845=AXIS2_PLACEMENT_3D('',#3336,#2243,#2244);
#1846=AXIS2_PLACEMENT_3D('',#3338,#2246,#2247);
#1847=AXIS2_PLACEMENT_3D('',#3340,#2249,#2250);
#1848=AXIS2_PLACEMENT_3D('',#3342,#2252,#2253);
#1849=AXIS2_PLACEMENT_3D('',#3344,#2255,#2256);
#1850=AXIS2_PLACEMENT_3D('',#3349,#2259,#2260);
#1851=AXIS2_PLACEMENT_3D('',#3351,#2262,#2263);
#1852=AXIS2_PLACEMENT_3D('',#3353,#2265,#2266);
#1853=AXIS2_PLACEMENT_3D('',#3357,#2268,#2269);
#1854=AXIS2_PLACEMENT_3D('',#3359,#2271,#2272);
#1855=AXIS2_PLACEMENT_3D('',#3361,#2274,#2275);
#1856=AXIS2_PLACEMENT_3D('',#3363,#2277,#2278);
#1857=AXIS2_PLACEMENT_3D('',#3364,#2279,#2280);
#1858=AXIS2_PLACEMENT_3D('',#3368,#2283,#2284);
#1859=AXIS2_PLACEMENT_3D('',#3369,#2285,#2286);
#1860=AXIS2_PLACEMENT_3D('',#3370,#2287,#2288);
#1861=AXIS2_PLACEMENT_3D('',#3372,#2290,#2291);
#1862=AXIS2_PLACEMENT_3D('',#3373,#2292,#2293);
#1863=AXIS2_PLACEMENT_3D('',#3375,#2295,#2296);
#1864=AXIS2_PLACEMENT_3D('',#3376,#2297,#2298);
#1865=AXIS2_PLACEMENT_3D('',#3378,#2300,#2301);
#1866=AXIS2_PLACEMENT_3D('',#3379,#2302,#2303);
#1867=AXIS2_PLACEMENT_3D('',#3382,#2305,#2306);
#1868=AXIS2_PLACEMENT_3D('',#3383,#2307,#2308);
#1869=AXIS2_PLACEMENT_3D('',#3385,#2310,#2311);
#1870=AXIS2_PLACEMENT_3D('',#3386,#2312,#2313);
#1871=AXIS2_PLACEMENT_3D('',#3387,#2314,#2315);
#1872=AXIS2_PLACEMENT_3D('',#3388,#2316,#2317);
#1873=AXIS2_PLACEMENT_3D('',#3389,#2318,#2319);
#1874=AXIS2_PLACEMENT_3D('',#3390,#2320,#2321);
#1875=AXIS2_PLACEMENT_3D('',#3391,#2322,#2323);
#1876=AXIS2_PLACEMENT_3D('',#3392,#2324,#2325);
#1877=AXIS2_PLACEMENT_3D('',#3393,#2326,#2327);
#1878=AXIS2_PLACEMENT_3D('',#3394,#2328,#2329);
#1879=AXIS2_PLACEMENT_3D('',#3395,#2330,#2331);
#1880=AXIS2_PLACEMENT_3D('',#3396,#2332,#2333);
#1881=AXIS2_PLACEMENT_3D('',#3397,#2334,#2335);
#1882=AXIS2_PLACEMENT_3D('',#3400,#2338,#2339);
#1883=AXIS2_PLACEMENT_3D('',#3402,#2341,#2342);
#1884=AXIS2_PLACEMENT_3D('',#3404,#2344,#2345);
#1885=AXIS2_PLACEMENT_3D('',#3406,#2347,#2348);
#1886=AXIS2_PLACEMENT_3D('',#3408,#2350,#2351);
#1887=AXIS2_PLACEMENT_3D('',#3409,#2352,#2353);
#1888=AXIS2_PLACEMENT_3D('',#3410,#2354,#2355);
#1889=AXIS2_PLACEMENT_3D('',#3411,#2356,#2357);
#1890=AXIS2_PLACEMENT_3D('',#3412,#2358,#2359);
#1891=DIRECTION('axis',(0.,0.,1.));
#1892=DIRECTION('refdir',(1.,0.,0.));
#1893=DIRECTION('center_axis',(0.,-2.22044604925031E-16,1.));
#1894=DIRECTION('ref_axis',(1.,0.,0.));
#1895=DIRECTION('center_axis',(0.,-2.22044604925031E-16,1.));
#1896=DIRECTION('ref_axis',(1.,0.,0.));
#1897=DIRECTION('',(0.,2.22044604925031E-16,-1.));
#1898=DIRECTION('center_axis',(0.,-2.22044604925031E-16,1.));
#1899=DIRECTION('ref_axis',(1.,0.,0.));
#1900=DIRECTION('center_axis',(0.,-2.22044604925031E-16,1.));
#1901=DIRECTION('ref_axis',(0.,1.,2.22044604925031E-16));
#1902=DIRECTION('center_axis',(0.,-2.22044604925031E-16,1.));
#1903=DIRECTION('ref_axis',(0.,1.,2.22044604925031E-16));
#1904=DIRECTION('',(0.,-2.22044604925031E-16,1.));
#1905=DIRECTION('center_axis',(0.,2.22044604925031E-16,-1.));
#1906=DIRECTION('ref_axis',(0.,1.,2.22044604925031E-16));
#1907=DIRECTION('center_axis',(0.,-2.22044604925031E-16,1.));
#1908=DIRECTION('ref_axis',(0.,1.,2.22044604925031E-16));
#1909=DIRECTION('center_axis',(0.,-2.22044604925031E-16,1.));
#1910=DIRECTION('ref_axis',(0.,1.,2.22044604925031E-16));
#1911=DIRECTION('',(0.,-2.22044604925031E-16,1.));
#1912=DIRECTION('center_axis',(0.,2.22044604925031E-16,-1.));
#1913=DIRECTION('ref_axis',(0.,1.,2.22044604925031E-16));
#1914=DIRECTION('center_axis',(0.,-2.22044604925031E-16,1.));
#1915=DIRECTION('ref_axis',(0.,1.,2.22044604925031E-16));
#1916=DIRECTION('center_axis',(0.,-2.22044604925031E-16,1.));
#1917=DIRECTION('ref_axis',(0.,1.,2.22044604925031E-16));
#1918=DIRECTION('',(0.,-2.22044604925031E-16,1.));
#1919=DIRECTION('center_axis',(0.,2.22044604925031E-16,-1.));
#1920=DIRECTION('ref_axis',(0.,1.,2.22044604925031E-16));
#1921=DIRECTION('center_axis',(0.,-2.22044604925031E-16,1.));
#1922=DIRECTION('ref_axis',(0.,1.,2.22044604925031E-16));
#1923=DIRECTION('center_axis',(0.,-2.22044604925031E-16,1.));
#1924=DIRECTION('ref_axis',(0.,1.,2.22044604925031E-16));
#1925=DIRECTION('',(0.,-2.22044604925031E-16,1.));
#1926=DIRECTION('center_axis',(0.,2.22044604925031E-16,-1.));
#1927=DIRECTION('ref_axis',(0.,1.,2.22044604925031E-16));
#1928=DIRECTION('center_axis',(0.,-2.22044604925031E-16,1.));
#1929=DIRECTION('ref_axis',(0.,1.,2.22044604925031E-16));
#1930=DIRECTION('center_axis',(0.,-2.22044604925031E-16,1.));
#1931=DIRECTION('ref_axis',(0.,1.,2.22044604925031E-16));
#1932=DIRECTION('',(0.,-2.22044604925031E-16,1.));
#1933=DIRECTION('center_axis',(0.,2.22044604925031E-16,-1.));
#1934=DIRECTION('ref_axis',(0.,1.,2.22044604925031E-16));
#1935=DIRECTION('center_axis',(0.,-2.22044604925031E-16,1.));
#1936=DIRECTION('ref_axis',(0.,1.,2.22044604925031E-16));
#1937=DIRECTION('center_axis',(0.,-2.22044604925031E-16,1.));
#1938=DIRECTION('ref_axis',(0.,1.,2.22044604925031E-16));
#1939=DIRECTION('',(0.,-2.22044604925031E-16,1.));
#1940=DIRECTION('center_axis',(0.,2.22044604925031E-16,-1.));
#1941=DIRECTION('ref_axis',(0.,1.,2.22044604925031E-16));
#1942=DIRECTION('center_axis',(0.,-2.22044604925031E-16,1.));
#1943=DIRECTION('ref_axis',(1.,0.,0.));
#1944=DIRECTION('center_axis',(0.556670399226405,-0.321393804843262,0.766044443118991));
#1945=DIRECTION('ref_axis',(0.663413948168947,-0.383022221559502,-0.642787609686523));
#1946=DIRECTION('center_axis',(0.,0.642787609686524,-0.766044443118991));
#1947=DIRECTION('ref_axis',(-2.71039013791351E-15,0.766044443118991,0.642787609686524));
#1948=DIRECTION('center_axis',(-0.556670399226407,-0.321393804843262,0.76604444311899));
#1949=DIRECTION('ref_axis',(0.663413948168952,0.38302222155949,0.642787609686524));
#1950=DIRECTION('',(0.,2.22044604925031E-16,-1.));
#1951=DIRECTION('center_axis',(0.,2.22044604925031E-16,-1.));
#1952=DIRECTION('ref_axis',(1.,0.,0.));
#1953=DIRECTION('center_axis',(-0.556670399226407,0.321393804843262,0.76604444311899));
#1954=DIRECTION('ref_axis',(0.66341394816895,-0.383022221559493,0.642787609686525));
#1955=DIRECTION('center_axis',(0.,0.642787609686529,0.766044443118987));
#1956=DIRECTION('ref_axis',(-6.23389731720207E-15,-0.766044443118987,0.642787609686529));
#1957=DIRECTION('center_axis',(0.556670399226407,0.321393804843262,0.766044443118991));
#1958=DIRECTION('ref_axis',(0.663413948168954,0.383022221559487,-0.642787609686524));
#1959=DIRECTION('center_axis',(0.5,-0.866025403784439,-3.03576608295941E-16));
#1960=DIRECTION('ref_axis',(-0.862729915662822,-0.498097349045873,-0.0871557427476501));
#1961=DIRECTION('center_axis',(-0.866025403784412,0.500000000000046,1.78520356949043E-14));
#1962=DIRECTION('ref_axis',(0.500000000000046,0.866025403784412,-2.74048291865382E-12));
#1963=DIRECTION('',(0.5,-0.866025403784439,-2.55733724464873E-16));
#1964=DIRECTION('center_axis',(1.13057417220608E-14,1.,1.23963847949676E-14));
#1965=DIRECTION('ref_axis',(1.,-1.13057417219127E-14,-1.19432034009964E-11));
#1966=DIRECTION('',(-0.5,0.866025403784439,2.20051844253985E-16));
#1967=DIRECTION('center_axis',(-0.5,0.866025403784438,3.03576608295941E-16));
#1968=DIRECTION('ref_axis',(0.86272991566282,0.498097349045872,-0.0871557427476719));
#1969=DIRECTION('center_axis',(-0.866025403784452,0.499999999999977,7.71979921942034E-15));
#1970=DIRECTION('ref_axis',(0.499999999999977,0.866025403784452,1.4824705116393E-11));
#1971=DIRECTION('',(-0.5,0.866025403784439,1.28858812811839E-16));
#1972=DIRECTION('center_axis',(-3.49032276926865E-16,-1.,-6.60369400899013E-16));
#1973=DIRECTION('ref_axis',(1.,-3.49032276932306E-16,8.23907444102011E-12));
#1974=DIRECTION('',(0.5,-0.866025403784439,-1.64540693022728E-16));
#1975=DIRECTION('center_axis',(-0.5,-0.866025403784439,-1.78893358460108E-16));
#1976=DIRECTION('ref_axis',(-0.862729915662822,0.498097349045873,-0.0871557427476502));
#1977=DIRECTION('',(-0.5,-0.866025403784439,-1.28858812811839E-16));
#1978=DIRECTION('center_axis',(0.866025403784448,0.499999999999983,1.28663320323672E-15));
#1979=DIRECTION('ref_axis',(0.499999999999983,-0.866025403784448,2.13872175207713E-12));
#1980=DIRECTION('',(0.5,0.866025403784439,1.64540693022727E-16));
#1981=DIRECTION('center_axis',(-1.,0.,0.));
#1982=DIRECTION('ref_axis',(0.,0.996194698091746,-0.08715574274765));
#1983=DIRECTION('',(-1.,0.,0.));
#1984=DIRECTION('',(1.,0.,0.));
#1985=DIRECTION('center_axis',(0.5,0.866025403784439,2.33103467084383E-16));
#1986=DIRECTION('ref_axis',(0.862729915662822,-0.498097349045873,-0.0871557427476502));
#1987=DIRECTION('',(0.5,0.866025403784438,2.55733724464873E-16));
#1988=DIRECTION('center_axis',(-0.866025403784472,-0.499999999999942,2.07469604021869E-14));
#1989=DIRECTION('ref_axis',(0.499999999999942,-0.866025403784472,-3.35361344695066E-11));
#1990=DIRECTION('',(-0.5,-0.866025403784438,-2.20051844253985E-16));
#1991=DIRECTION('center_axis',(1.,-1.22464679914735E-16,-6.01853107621011E-32));
#1992=DIRECTION('ref_axis',(-1.21998664834562E-16,-0.996194698091746,-0.08715574274765));
#1993=DIRECTION('',(1.,-1.22464679914735E-16,-3.15956041186072E-32));
#1994=DIRECTION('',(-1.,1.22464679914735E-16,3.00763463499167E-32));
#1995=DIRECTION('center_axis',(0.663413948168938,-0.38302222155949,-0.642787609686539));
#1996=DIRECTION('ref_axis',(-0.5,-0.866025403784438,1.66533453693773E-16));
#1997=DIRECTION('center_axis',(-0.663413948168938,0.38302222155949,0.642787609686539));
#1998=DIRECTION('ref_axis',(-0.500000000000001,-0.866025403784438,2.77555756156289E-16));
#1999=DIRECTION('',(0.663413948168938,-0.38302222155949,-0.642787609686539));
#2000=DIRECTION('center_axis',(0.663413948168938,-0.38302222155949,-0.642787609686539));
#2001=DIRECTION('ref_axis',(-0.500000000000001,-0.866025403784438,1.66533453693773E-16));
#2002=DIRECTION('center_axis',(0.663413948168938,-0.38302222155949,-0.642787609686539));
#2003=DIRECTION('ref_axis',(-0.500000000000001,-0.866025403784438,1.66533453693773E-16));
#2004=DIRECTION('center_axis',(0.663413948168938,0.383022221559488,-0.64278760968654));
#2005=DIRECTION('ref_axis',(0.499999999999999,-0.866025403784439,2.77555756156289E-16));
#2006=DIRECTION('',(0.663413948168938,0.383022221559488,-0.64278760968654));
#2007=DIRECTION('center_axis',(0.663413948168939,0.383022221559489,-0.642787609686539));
#2008=DIRECTION('ref_axis',(0.5,-0.866025403784439,8.32667268468867E-17));
#2009=DIRECTION('center_axis',(9.48081242742712E-16,0.766044443118978,-0.64278760968654));
#2010=DIRECTION('ref_axis',(1.,-1.17776588120867E-15,7.13458589689492E-17));
#2011=DIRECTION('',(9.48081242742712E-16,0.766044443118978,-0.64278760968654));
#2012=DIRECTION('center_axis',(4.24806713068861E-16,0.766044443118978,-0.642787609686539));
#2013=DIRECTION('ref_axis',(1.,-5.51167578736179E-16,4.02598325118725E-18));
#2014=DIRECTION('center_axis',(0.,0.,1.));
#2015=DIRECTION('ref_axis',(0.,-1.,0.));
#2016=DIRECTION('center_axis',(0.,2.22044604925031E-16,-1.));
#2017=DIRECTION('ref_axis',(-3.06161699786838E-17,1.,2.22044604925031E-16));
#2018=DIRECTION('center_axis',(0.,2.22044604925031E-16,-1.));
#2019=DIRECTION('ref_axis',(-3.06161699786838E-17,1.,2.22044604925031E-16));
#2020=DIRECTION('center_axis',(0.,2.22044604925031E-16,-1.));
#2021=DIRECTION('ref_axis',(-3.06161699786838E-17,1.,2.22044604925031E-16));
#2022=DIRECTION('center_axis',(-1.,-1.22464679914735E-16,0.));
#2023=DIRECTION('ref_axis',(-1.22464679914735E-16,1.,0.));
#2024=DIRECTION('center_axis',(0.,-2.22044604925031E-16,1.));
#2025=DIRECTION('ref_axis',(6.12323399573677E-17,1.,2.22044604925031E-16));
#2026=DIRECTION('center_axis',(0.,2.22044604925031E-16,-1.));
#2027=DIRECTION('ref_axis',(-3.06161699786838E-17,1.,2.22044604925031E-16));
#2028=DIRECTION('center_axis',(0.,2.22044604925031E-16,-1.));
#2029=DIRECTION('ref_axis',(-3.06161699786838E-17,1.,2.22044604925031E-16));
#2030=DIRECTION('center_axis',(0.,2.22044604925031E-16,-1.));
#2031=DIRECTION('ref_axis',(-3.06161699786838E-17,1.,2.22044604925031E-16));
#2032=DIRECTION('center_axis',(-0.663413948168937,0.38302222155949,-0.64278760968654));
#2033=DIRECTION('ref_axis',(0.500000000000001,0.866025403784438,9.43689570931383E-16));
#2034=DIRECTION('',(-0.663413948168937,0.38302222155949,-0.64278760968654));
#2035=DIRECTION('center_axis',(-0.663413948168938,0.38302222155949,-0.642787609686539));
#2036=DIRECTION('ref_axis',(0.500000000000001,0.866025403784438,5.82867087928207E-16));
#2037=DIRECTION('center_axis',(0.663413948168939,0.383022221559489,-0.642787609686539));
#2038=DIRECTION('ref_axis',(0.5,-0.866025403784439,1.11022302462516E-16));
#2039=DIRECTION('center_axis',(-0.663413948168939,-0.383022221559489,0.642787609686539));
#2040=DIRECTION('ref_axis',(0.5,-0.866025403784439,1.11022302462516E-16));
#2041=DIRECTION('',(0.663413948168939,0.383022221559489,-0.642787609686539));
#2042=DIRECTION('center_axis',(-0.663413948168939,-0.383022221559489,0.642787609686539));
#2043=DIRECTION('ref_axis',(0.5,-0.866025403784439,2.22044604925031E-16));
#2044=DIRECTION('center_axis',(-0.663413948168939,-0.383022221559489,0.642787609686539));
#2045=DIRECTION('ref_axis',(0.5,-0.866025403784439,2.22044604925031E-16));
#2046=DIRECTION('center_axis',(6.25024803197681E-16,0.766044443118978,-0.642787609686539));
#2047=DIRECTION('ref_axis',(1.,-7.79792453021304E-16,4.30455213473822E-17));
#2048=DIRECTION('center_axis',(-6.25024803197681E-16,-0.766044443118978,
0.642787609686539));
#2049=DIRECTION('ref_axis',(1.,-7.79792453021304E-16,4.30455213473822E-17));
#2050=DIRECTION('',(6.25024803197681E-16,0.766044443118978,-0.642787609686539));
#2051=DIRECTION('center_axis',(-6.25024803197681E-16,-0.766044443118978,
0.642787609686539));
#2052=DIRECTION('ref_axis',(1.,-7.79792453021304E-16,4.30455213473822E-17));
#2053=DIRECTION('center_axis',(-6.25024803197681E-16,-0.766044443118978,
0.642787609686539));
#2054=DIRECTION('ref_axis',(1.,-7.79792453021304E-16,4.30455213473822E-17));
#2055=DIRECTION('center_axis',(-0.663413948168938,0.38302222155949,-0.642787609686539));
#2056=DIRECTION('ref_axis',(0.500000000000001,0.866025403784438,6.38378239159465E-16));
#2057=DIRECTION('center_axis',(0.663413948168938,-0.38302222155949,0.642787609686539));
#2058=DIRECTION('ref_axis',(0.500000000000001,0.866025403784438,4.9960036108132E-16));
#2059=DIRECTION('',(-0.663413948168938,0.38302222155949,-0.642787609686539));
#2060=DIRECTION('center_axis',(0.663413948168938,-0.38302222155949,0.642787609686539));
#2061=DIRECTION('ref_axis',(0.500000000000001,0.866025403784438,4.71844785465691E-16));
#2062=DIRECTION('center_axis',(0.663413948168938,-0.38302222155949,0.642787609686539));
#2063=DIRECTION('ref_axis',(0.500000000000001,0.866025403784438,4.71844785465691E-16));
#2064=DIRECTION('center_axis',(-0.663413948168939,-0.383022221559489,-0.642787609686539));
#2065=DIRECTION('ref_axis',(-0.5,0.866025403784439,1.11022302462516E-16));
#2066=DIRECTION('center_axis',(0.663413948168939,0.383022221559489,0.642787609686539));
#2067=DIRECTION('ref_axis',(-0.5,0.866025403784439,1.11022302462516E-16));
#2068=DIRECTION('',(-0.663413948168939,-0.383022221559489,-0.642787609686539));
#2069=DIRECTION('center_axis',(0.663413948168939,0.383022221559489,0.642787609686539));
#2070=DIRECTION('ref_axis',(-0.5,0.866025403784439,2.22044604925031E-16));
#2071=DIRECTION('center_axis',(0.663413948168939,0.383022221559489,0.642787609686539));
#2072=DIRECTION('ref_axis',(-0.5,0.866025403784439,2.22044604925031E-16));
#2073=DIRECTION('center_axis',(-3.57157030398676E-16,-0.766044443118978,
-0.642787609686539));
#2074=DIRECTION('ref_axis',(-1.,4.24095996317875E-16,5.02197749052799E-17));
#2075=DIRECTION('center_axis',(3.57157030398676E-16,0.766044443118978,0.642787609686539));
#2076=DIRECTION('ref_axis',(-1.,4.24095996317875E-16,5.02197749052799E-17));
#2077=DIRECTION('',(-3.57157030398676E-16,-0.766044443118978,-0.642787609686539));
#2078=DIRECTION('center_axis',(3.57157030398676E-16,0.766044443118978,0.642787609686539));
#2079=DIRECTION('ref_axis',(-1.,5.74593834177969E-16,-1.29136564042148E-16));
#2080=DIRECTION('center_axis',(3.57157030398676E-16,0.766044443118978,0.642787609686539));
#2081=DIRECTION('ref_axis',(-1.,5.74593834177969E-16,-1.29136564042148E-16));
#2082=DIRECTION('center_axis',(0.,2.22044604925031E-16,-1.));
#2083=DIRECTION('ref_axis',(-1.,0.,0.));
#2084=DIRECTION('center_axis',(-0.663413948168844,-0.383022221559518,-0.642787609686619));
#2085=DIRECTION('ref_axis',(0.556670399272626,0.321393804763397,-0.766044443118911));
#2086=DIRECTION('center_axis',(-0.663413948168842,-0.383022221559435,-0.642787609686671));
#2087=DIRECTION('ref_axis',(0.556670399226725,0.321393804843002,-0.766044443118868));
#2088=DIRECTION('center_axis',(-0.663413948168939,-0.383022221559509,-0.642787609686527));
#2089=DIRECTION('ref_axis',(0.556670399228752,0.321393804839204,-0.766044443118989));
#2090=DIRECTION('center_axis',(8.92474258939727E-15,-0.766044443118975,
-0.642787609686543));
#2091=DIRECTION('ref_axis',(1.15302664763921E-11,0.642787609686543,-0.766044443118975));
#2092=DIRECTION('center_axis',(0.,-0.766044443118961,-0.642787609686559));
#2093=DIRECTION('ref_axis',(1.61888862021567E-13,0.642787609686559,-0.766044443118961));
#2094=DIRECTION('center_axis',(2.92362257238839E-14,-0.76604444311901,-0.642787609686501));
#2095=DIRECTION('ref_axis',(-3.07719575915411E-11,0.642787609686501,-0.76604444311901));
#2096=DIRECTION('center_axis',(0.663413948168924,-0.383022221559438,-0.642787609686584));
#2097=DIRECTION('ref_axis',(0.556670399211259,-0.321393804869618,0.76604444311894));
#2098=DIRECTION('center_axis',(0.663413948168881,-0.383022221559456,-0.642787609686619));
#2099=DIRECTION('ref_axis',(0.556670399226425,-0.321393804843419,0.766044443118912));
#2100=DIRECTION('center_axis',(0.663413948168856,-0.383022221559513,-0.64278760968661));
#2101=DIRECTION('ref_axis',(0.556670399241835,-0.321393804816709,0.766044443118919));
#2102=DIRECTION('',(0.,-2.22044604925031E-16,1.));
#2103=DIRECTION('center_axis',(0.,-2.22044604925031E-16,1.));
#2104=DIRECTION('ref_axis',(-1.,0.,0.));
#2105=DIRECTION('center_axis',(0.663413948168797,0.383022221559533,-0.642787609686659));
#2106=DIRECTION('ref_axis',(0.556670399268739,0.321393804770209,0.766044443118878));
#2107=DIRECTION('center_axis',(0.663413948168883,0.383022221559457,-0.642787609686616));
#2108=DIRECTION('ref_axis',(0.556670399226647,0.321393804843028,0.766044443118914));
#2109=DIRECTION('center_axis',(0.663413948168905,0.383022221559401,-0.642787609686626));
#2110=DIRECTION('ref_axis',(0.556670399242338,0.321393804815872,0.766044443118905));
#2111=DIRECTION('center_axis',(-6.12421991479185E-14,0.766044443118896,
-0.642787609686638));
#2112=DIRECTION('ref_axis',(3.22266605265908E-11,0.642787609686638,0.766044443118895));
#2113=DIRECTION('center_axis',(2.14294218239182E-14,0.766044443118895,-0.642787609686638));
#2114=DIRECTION('ref_axis',(4.67916379492806E-13,0.642787609686638,0.766044443118895));
#2115=DIRECTION('center_axis',(-6.3704197103629E-14,0.766044443119042,-0.642787609686464));
#2116=DIRECTION('ref_axis',(-3.85336656832433E-11,0.642787609686463,0.766044443119042));
#2117=DIRECTION('center_axis',(-0.663413948168946,0.383022221559524,-0.642787609686511));
#2118=DIRECTION('ref_axis',(0.55667039921441,-0.321393804864013,-0.766044443119002));
#2119=DIRECTION('center_axis',(-0.663413948168867,0.383022221559448,-0.642787609686637));
#2120=DIRECTION('ref_axis',(0.556670399226479,-0.321393804843362,-0.766044443118896));
#2121=DIRECTION('center_axis',(-0.663413948168795,0.383022221559534,-0.642787609686661));
#2122=DIRECTION('ref_axis',(0.556670399258397,-0.321393804788125,-0.766044443118876));
#2123=DIRECTION('center_axis',(0.,2.22044604925031E-16,-1.));
#2124=DIRECTION('ref_axis',(-1.,0.,0.));
#2125=DIRECTION('',(-0.707106781186547,-7.04136402448281E-17,0.707106781186548));
#2126=DIRECTION('center_axis',(0.,2.22044604925031E-16,-1.));
#2127=DIRECTION('ref_axis',(-1.,0.,0.));
#2128=DIRECTION('center_axis',(-0.663413948168938,-0.383022221559489,-0.64278760968654));
#2129=DIRECTION('ref_axis',(-0.5,0.866025403784439,2.77555756156289E-17));
#2130=DIRECTION('',(-0.663413948168938,-0.383022221559489,-0.64278760968654));
#2131=DIRECTION('center_axis',(-0.663413948168939,-0.383022221559489,-0.642787609686539));
#2132=DIRECTION('ref_axis',(-0.5,0.866025403784439,8.32667268468867E-17));
#2133=DIRECTION('center_axis',(-6.80213469943702E-16,-0.766044443118977,
-0.64278760968654));
#2134=DIRECTION('ref_axis',(-1.,8.59693883970262E-16,3.36810277899877E-17));
#2135=DIRECTION('',(-6.80213469943702E-16,-0.766044443118977,-0.64278760968654));
#2136=DIRECTION('center_axis',(-2.23905883469606E-16,-0.766044443118978,
-0.642787609686539));
#2137=DIRECTION('ref_axis',(-1.,2.84395236208607E-16,9.40667341961023E-18));
#2138=DIRECTION('center_axis',(0.663413948168937,-0.38302222155949,-0.64278760968654));
#2139=DIRECTION('ref_axis',(-0.500000000000001,-0.866025403784438,5.27355936696949E-16));
#2140=DIRECTION('',(0.663413948168937,-0.38302222155949,-0.64278760968654));
#2141=DIRECTION('center_axis',(0.663413948168938,-0.383022221559489,-0.642787609686539));
#2142=DIRECTION('ref_axis',(-0.5,-0.866025403784439,2.4980018054066E-16));
#2143=DIRECTION('center_axis',(-1.4187477244348E-31,-2.57721508836251E-16,
1.));
#2144=DIRECTION('ref_axis',(0.619734867520846,0.784811247357554,2.02262738820649E-16));
#2145=DIRECTION('center_axis',(-2.22946070982611E-31,-2.22044604925032E-16,
1.));
#2146=DIRECTION('ref_axis',(0.619734867520846,0.784811247357554,1.74263103360229E-16));
#2147=DIRECTION('',(-1.4187477244348E-31,-2.57721508836251E-16,1.));
#2148=DIRECTION('center_axis',(0.,-2.22044604925031E-16,1.));
#2149=DIRECTION('ref_axis',(-3.06161699786838E-17,1.,2.22044604925031E-16));
#2150=DIRECTION('center_axis',(0.,-2.22044604925031E-16,1.));
#2151=DIRECTION('ref_axis',(-3.06161699786838E-17,1.,2.22044604925031E-16));
#2152=DIRECTION('center_axis',(0.,-2.22044604925031E-16,1.));
#2153=DIRECTION('ref_axis',(-3.06161699786838E-17,1.,2.22044604925031E-16));
#2154=DIRECTION('center_axis',(0.,-2.22044604925031E-16,1.));
#2155=DIRECTION('ref_axis',(-3.06161699786838E-17,1.,2.22044604925031E-16));
#2156=DIRECTION('center_axis',(0.,-2.22044604925031E-16,1.));
#2157=DIRECTION('ref_axis',(-3.06161699786838E-17,1.,2.22044604925031E-16));
#2158=DIRECTION('center_axis',(0.,-2.22044604925031E-16,1.));
#2159=DIRECTION('ref_axis',(-3.06161699786838E-17,1.,2.22044604925031E-16));
#2160=DIRECTION('center_axis',(0.,2.22044604925031E-16,-1.));
#2161=DIRECTION('ref_axis',(-1.,0.,0.));
#2162=DIRECTION('center_axis',(0.556670399226419,-0.321393804843269,-0.766044443118979));
#2163=DIRECTION('ref_axis',(0.798048368901363,0.463006990091859,0.385672565811922));
#2164=DIRECTION('',(0.556670399226419,-0.32139380484327,-0.766044443118978));
#2165=DIRECTION('center_axis',(-0.556670399226418,0.321393804843269,0.766044443118979));
#2166=DIRECTION('ref_axis',(0.798048368901363,0.463006990091858,0.385672565811922));
#2167=DIRECTION('',(-0.556670399226419,0.321393804843269,0.766044443118978));
#2168=DIRECTION('',(-0.556670399226419,0.321393804843269,0.766044443118978));
#2169=DIRECTION('center_axis',(0.663413948168938,-0.38302222155949,0.642787609686539));
#2170=DIRECTION('ref_axis',(2.77555756156289E-17,-0.859051637355617,-0.511888937521249));
#2171=DIRECTION('',(0.347927022767098,-0.602627280758788,-0.718183226839566));
#2172=DIRECTION('',(0.695854045534197,-2.32766819756565E-16,-0.718183226839566));
#2173=DIRECTION('',(-0.556670399226419,0.32139380484327,0.766044443118978));
#2174=DIRECTION('',(-0.5,-0.866025403784439,-1.02496353710722E-15));
#2175=DIRECTION('center_axis',(2.77555756156289E-16,0.642787609686539,0.766044443118978));
#2176=DIRECTION('ref_axis',(-0.8,-0.459626665871386,0.385672565811923));
#2177=DIRECTION('',(8.74191357972564E-17,0.642787609686539,0.766044443118978));
#2178=DIRECTION('',(-8.74191357972564E-17,-0.642787609686539,-0.766044443118978));
#2179=DIRECTION('center_axis',(5.55111512312578E-16,0.642787609686539,0.766044443118979));
#2180=DIRECTION('ref_axis',(-0.8,-0.459626665871386,0.385672565811923));
#2181=DIRECTION('',(1.66533453693774E-16,0.642787609686539,0.766044443118978));
#2182=DIRECTION('center_axis',(-7.77156117237609E-16,-0.766044443118978,
0.642787609686539));
#2183=DIRECTION('ref_axis',(-1.,1.01450526039115E-15,0.));
#2184=DIRECTION('',(0.,0.642787609686539,0.766044443118978));
#2185=DIRECTION('center_axis',(-4.44089209850063E-16,-0.642787609686539,
-0.766044443118978));
#2186=DIRECTION('ref_axis',(0.8,-0.459626665871387,0.385672565811923));
#2187=DIRECTION('',(0.,-0.642787609686539,-0.766044443118978));
#2188=DIRECTION('center_axis',(-4.44089209850063E-16,0.642787609686538,
0.766044443118979));
#2189=DIRECTION('ref_axis',(0.8,-0.459626665871387,0.385672565811923));
#2190=DIRECTION('',(0.,0.642787609686539,0.766044443118978));
#2191=DIRECTION('center_axis',(-9.38133875270272E-17,-0.766044443118978,
0.642787609686539));
#2192=DIRECTION('ref_axis',(-1.,1.22464679914735E-16,0.));
#2193=DIRECTION('',(-1.,-3.20635458114523E-16,-5.2806618137536E-16));
#2194=DIRECTION('',(-0.347927022767099,-0.602627280758788,-0.718183226839566));
#2195=DIRECTION('center_axis',(0.556670399226419,0.321393804843269,0.766044443118978));
#2196=DIRECTION('ref_axis',(-0.798048368901363,0.463006990091859,0.385672565811923));
#2197=DIRECTION('',(0.556670399226419,0.321393804843269,0.766044443118978));
#2198=DIRECTION('',(-0.556670399226419,-0.321393804843269,-0.766044443118978));
#2199=DIRECTION('center_axis',(0.556670399226419,0.321393804843269,0.766044443118978));
#2200=DIRECTION('ref_axis',(-0.798048368901363,0.463006990091859,0.385672565811923));
#2201=DIRECTION('',(0.556670399226419,0.32139380484327,0.766044443118978));
#2202=DIRECTION('center_axis',(-0.663413948168939,-0.383022221559489,0.642787609686539));
#2203=DIRECTION('ref_axis',(-0.5,0.866025403784439,-2.77555756156289E-17));
#2204=DIRECTION('',(0.556670399226419,0.32139380484327,0.766044443118978));
#2205=DIRECTION('center_axis',(-0.556670399226419,-0.32139380484327,-0.766044443118978));
#2206=DIRECTION('ref_axis',(0.00195163109863838,-0.922633655963245,0.385672565811923));
#2207=DIRECTION('',(-0.556670399226419,-0.32139380484327,-0.766044443118978));
#2208=DIRECTION('center_axis',(0.556670399226418,0.32139380484327,0.766044443118979));
#2209=DIRECTION('ref_axis',(0.00195163109863816,-0.922633655963245,0.385672565811922));
#2210=DIRECTION('',(0.556670399226419,0.32139380484327,0.766044443118978));
#2211=DIRECTION('center_axis',(-0.663413948168939,-0.383022221559489,0.642787609686539));
#2212=DIRECTION('ref_axis',(-0.5,0.866025403784439,-2.77555756156289E-17));
#2213=DIRECTION('',(-0.5,0.866025403784438,-5.01593121752366E-16));
#2214=DIRECTION('',(-0.695854045534197,3.9481002924174E-16,-0.718183226839566));
#2215=DIRECTION('center_axis',(0.556670399226419,-0.32139380484327,0.766044443118978));
#2216=DIRECTION('ref_axis',(0.00195163109863866,0.922633655963245,0.385672565811923));
#2217=DIRECTION('',(-0.556670399226419,0.32139380484327,-0.766044443118978));
#2218=DIRECTION('',(-0.556670399226419,0.32139380484327,-0.766044443118978));
#2219=DIRECTION('center_axis',(0.556670399226419,-0.32139380484327,0.766044443118978));
#2220=DIRECTION('ref_axis',(0.00195163109863863,0.922633655963244,0.385672565811923));
#2221=DIRECTION('',(-0.556670399226419,0.32139380484327,-0.766044443118978));
#2222=DIRECTION('center_axis',(-0.663413948168939,0.383022221559489,0.642787609686539));
#2223=DIRECTION('ref_axis',(0.5,0.866025403784439,2.77555756156289E-17));
#2224=DIRECTION('',(-0.5,-0.866025403784439,5.01593121752367E-16));
#2225=DIRECTION('',(0.556670399226419,-0.32139380484327,0.766044443118978));
#2226=DIRECTION('',(-0.347927022767099,0.602627280758788,-0.718183226839566));
#2227=DIRECTION('center_axis',(-0.663413948168939,0.383022221559489,0.642787609686539));
#2228=DIRECTION('ref_axis',(0.5,0.866025403784439,5.55111512312578E-17));
#2229=DIRECTION('',(0.556670399226419,-0.32139380484327,0.766044443118978));
#2230=DIRECTION('center_axis',(-8.60422844084496E-16,-0.642787609686539,
0.766044443118978));
#2231=DIRECTION('ref_axis',(0.800000000000001,0.459626665871386,0.385672565811923));
#2232=DIRECTION('',(-4.37095678986282E-16,-0.642787609686539,0.766044443118978));
#2233=DIRECTION('',(4.37095678986282E-16,0.642787609686539,-0.766044443118978));
#2234=DIRECTION('center_axis',(-1.27675647831893E-15,-0.642787609686539,
0.766044443118978));
#2235=DIRECTION('ref_axis',(0.800000000000001,0.459626665871385,0.385672565811923));
#2236=DIRECTION('',(-4.9960036108132E-16,-0.642787609686539,0.766044443118978));
#2237=DIRECTION('center_axis',(1.16573417585641E-15,0.766044443118978,0.642787609686539));
#2238=DIRECTION('ref_axis',(1.,0.,-1.8135604331653E-15));
#2239=DIRECTION('',(-3.05966975290397E-16,-0.642787609686539,0.766044443118978));
#2240=DIRECTION('center_axis',(-2.77555756156289E-16,0.642787609686538,
-0.766044443118979));
#2241=DIRECTION('ref_axis',(-1.,2.46519032881566E-32,3.62323307282552E-16));
#2242=DIRECTION('',(1.,-6.10622663543836E-16,-1.35585468084861E-31));
#2243=DIRECTION('center_axis',(3.33066907387547E-16,-0.642787609686538,
0.766044443118979));
#2244=DIRECTION('ref_axis',(-0.8,0.459626665871387,0.385672565811923));
#2245=DIRECTION('',(1.,1.78409401054441E-16,-2.12620044659211E-16));
#2246=DIRECTION('center_axis',(1.16573417585641E-15,0.766044443118978,0.642787609686539));
#2247=DIRECTION('ref_axis',(1.,0.,-1.8135604331653E-15));
#2248=DIRECTION('',(-3.05966975290397E-16,-0.642787609686539,0.766044443118978));
#2249=DIRECTION('center_axis',(5.55111512312578E-16,0.642787609686539,-0.766044443118978));
#2250=DIRECTION('ref_axis',(-0.8,0.459626665871387,0.385672565811923));
#2251=DIRECTION('',(3.33066907387547E-16,0.642787609686539,-0.766044443118978));
#2252=DIRECTION('center_axis',(0.,0.766044443118978,0.642787609686539));
#2253=DIRECTION('ref_axis',(1.,0.,0.));
#2254=DIRECTION('',(-0.347927022767099,-0.602627280758788,0.718183226839566));
#2255=DIRECTION('center_axis',(-0.55667039922642,-0.321393804843269,0.766044443118978));
#2256=DIRECTION('ref_axis',(0.798048368901362,-0.463006990091859,0.385672565811923));
#2257=DIRECTION('',(-0.556670399226419,-0.32139380484327,0.766044443118978));
#2258=DIRECTION('',(0.556670399226419,0.32139380484327,-0.766044443118978));
#2259=DIRECTION('center_axis',(-0.55667039922642,-0.321393804843269,0.766044443118978));
#2260=DIRECTION('ref_axis',(0.798048368901362,-0.463006990091859,0.385672565811923));
#2261=DIRECTION('',(-0.556670399226419,-0.32139380484327,0.766044443118978));
#2262=DIRECTION('center_axis',(0.663413948168939,0.383022221559488,0.642787609686539));
#2263=DIRECTION('ref_axis',(2.77555756156289E-17,-0.859051637355618,0.511888937521247));
#2264=DIRECTION('',(-0.556670399226419,-0.32139380484327,0.766044443118978));
#2265=DIRECTION('center_axis',(0.556670399226418,0.32139380484327,-0.766044443118979));
#2266=DIRECTION('ref_axis',(0.,-0.922130247901626,-0.386879575455834));
#2267=DIRECTION('',(0.5,-0.866025403784439,-1.92296268638356E-16));
#2268=DIRECTION('center_axis',(-0.556670399226418,-0.32139380484327,0.766044443118979));
#2269=DIRECTION('ref_axis',(-0.00195163109863816,0.922633655963245,0.385672565811922));
#2270=DIRECTION('',(0.5,-0.866025403784439,-9.13941234644707E-16));
#2271=DIRECTION('center_axis',(0.663413948168939,0.383022221559488,0.642787609686539));
#2272=DIRECTION('ref_axis',(2.77555756156289E-17,-0.859051637355618,0.511888937521247));
#2273=DIRECTION('',(-0.556670399226419,-0.32139380484327,0.766044443118978));
#2274=DIRECTION('center_axis',(0.556670399226419,0.321393804843269,-0.766044443118979));
#2275=DIRECTION('ref_axis',(-0.00195163109863794,0.922633655963245,0.385672565811922));
#2276=DIRECTION('',(0.556670399226419,0.32139380484327,-0.766044443118978));
#2277=DIRECTION('center_axis',(0.663413948168939,0.383022221559488,0.642787609686539));
#2278=DIRECTION('ref_axis',(2.77555756156289E-17,-0.859051637355618,0.511888937521247));
#2279=DIRECTION('center_axis',(-0.556670399226419,0.32139380484327,0.766044443118978));
#2280=DIRECTION('ref_axis',(-0.00195163109863866,-0.922633655963245,0.385672565811923));
#2281=DIRECTION('',(-0.556670399226419,0.321393804843269,0.766044443118978));
#2282=DIRECTION('',(0.556670399226419,-0.321393804843269,-0.766044443118978));
#2283=DIRECTION('center_axis',(-0.556670399226419,0.32139380484327,0.766044443118978));
#2284=DIRECTION('ref_axis',(-0.00195163109863863,-0.922633655963244,0.385672565811923));
#2285=DIRECTION('center_axis',(0.663413948168938,-0.38302222155949,0.642787609686539));
#2286=DIRECTION('ref_axis',(2.77555756156289E-17,-0.859051637355617,-0.511888937521249));
#2287=DIRECTION('center_axis',(0.556670399226419,-0.321393804843268,-0.766044443118979));
#2288=DIRECTION('ref_axis',(-5.55111512312578E-17,-0.922130247901627,0.386879575455832));
#2289=DIRECTION('',(-0.5,-0.866025403784439,-1.92296268638356E-16));
#2290=DIRECTION('center_axis',(0.663413948168938,-0.38302222155949,0.642787609686539));
#2291=DIRECTION('ref_axis',(2.77555756156289E-17,-0.859051637355617,-0.511888937521249));
#2292=DIRECTION('center_axis',(6.10622663543836E-16,-0.642787609686538,
-0.766044443118979));
#2293=DIRECTION('ref_axis',(0.,-0.766044443118979,0.642787609686538));
#2294=DIRECTION('',(-1.,1.11022302462516E-16,2.46519032881566E-32));
#2295=DIRECTION('center_axis',(-7.77156117237609E-16,-0.766044443118978,
0.642787609686539));
#2296=DIRECTION('ref_axis',(-1.,1.01450526039115E-15,0.));
#2297=DIRECTION('center_axis',(-0.556670399226418,-0.32139380484327,-0.766044443118979));
#2298=DIRECTION('ref_axis',(-0.808963493304013,0.,0.587858883152554));
#2299=DIRECTION('',(-0.5,0.866025403784439,1.92296268638356E-16));
#2300=DIRECTION('center_axis',(-0.663413948168939,-0.383022221559489,0.642787609686539));
#2301=DIRECTION('ref_axis',(-0.5,0.866025403784439,-2.77555756156289E-17));
#2302=DIRECTION('center_axis',(-0.556670399226419,0.321393804843269,-0.766044443118979));
#2303=DIRECTION('ref_axis',(-0.808963493304013,2.77555756156289E-17,0.587858883152554));
#2304=DIRECTION('',(0.5,0.866025403784439,1.92296268638356E-16));
#2305=DIRECTION('center_axis',(0.556670399226419,-0.321393804843269,0.766044443118979));
#2306=DIRECTION('ref_axis',(-0.798048368901363,-0.463006990091859,0.385672565811922));
#2307=DIRECTION('center_axis',(-0.663413948168939,0.383022221559489,0.642787609686539));
#2308=DIRECTION('ref_axis',(0.5,0.866025403784439,5.55111512312578E-17));
#2309=DIRECTION('',(0.556670399226419,-0.32139380484327,0.766044443118978));
#2310=DIRECTION('center_axis',(-0.556670399226419,0.32139380484327,-0.766044443118978));
#2311=DIRECTION('ref_axis',(-0.798048368901363,-0.463006990091859,0.385672565811922));
#2312=DIRECTION('center_axis',(-0.663413948168938,0.38302222155949,-0.642787609686539));
#2313=DIRECTION('ref_axis',(-0.695854045534197,0.,0.718183226839566));
#2314=DIRECTION('center_axis',(0.,-2.22044604925031E-16,1.));
#2315=DIRECTION('ref_axis',(0.,-1.,-2.22044604925031E-16));
#2316=DIRECTION('center_axis',(6.66133814775094E-16,0.766044443118978,-0.642787609686539));
#2317=DIRECTION('ref_axis',(-1.,0.,-1.03632024752303E-15));
#2318=DIRECTION('center_axis',(0.,-2.22044604925031E-16,1.));
#2319=DIRECTION('ref_axis',(0.,-1.,-2.22044604925031E-16));
#2320=DIRECTION('center_axis',(0.663413948168939,0.383022221559489,-0.642787609686539));
#2321=DIRECTION('ref_axis',(0.,-0.859051637355618,-0.511888937521248));
#2322=DIRECTION('center_axis',(0.,-2.22044604925031E-16,1.));
#2323=DIRECTION('ref_axis',(0.,-1.,-2.22044604925031E-16));
#2324=DIRECTION('center_axis',(0.663413948168938,-0.383022221559489,-0.642787609686539));
#2325=DIRECTION('ref_axis',(0.,-0.859051637355618,0.511888937521248));
#2326=DIRECTION('center_axis',(0.,-2.22044604925031E-16,1.));
#2327=DIRECTION('ref_axis',(0.,-1.,-2.22044604925031E-16));
#2328=DIRECTION('center_axis',(-3.88578058618805E-16,-0.766044443118978,
-0.642787609686539));
#2329=DIRECTION('ref_axis',(2.46519032881566E-32,0.642787609686539,-0.766044443118978));
#2330=DIRECTION('center_axis',(0.,-2.22044604925031E-16,1.));
#2331=DIRECTION('ref_axis',(0.,-1.,-2.22044604925031E-16));
#2332=DIRECTION('center_axis',(-0.663413948168939,-0.383022221559489,-0.642787609686539));
#2333=DIRECTION('ref_axis',(-0.695854045534197,-5.55111512312578E-17,0.718183226839566));
#2334=DIRECTION('center_axis',(-0.55667039922642,-0.321393804843269,-0.766044443118978));
#2335=DIRECTION('ref_axis',(-0.808963493304012,0.,0.587858883152555));
#2336=DIRECTION('',(0.808963493304013,-1.43064605843095E-16,-0.587858883152555));
#2337=DIRECTION('',(0.404481746652006,0.700582935935477,-0.587858883152555));
#2338=DIRECTION('center_axis',(-0.556670399226419,0.32139380484327,-0.766044443118978));
#2339=DIRECTION('ref_axis',(-0.808963493304012,0.,0.587858883152555));
#2340=DIRECTION('',(0.404481746652006,-0.700582935935477,-0.587858883152555));
#2341=DIRECTION('center_axis',(0.,0.642787609686539,-0.766044443118978));
#2342=DIRECTION('ref_axis',(-1.,0.,0.));
#2343=DIRECTION('',(0.404481746652007,0.700582935935477,0.587858883152555));
#2344=DIRECTION('center_axis',(0.556670399226419,0.321393804843269,-0.766044443118978));
#2345=DIRECTION('ref_axis',(2.77555756156289E-17,-0.922130247901626,-0.386879575455833));
#2346=DIRECTION('',(-0.808963493304012,4.95324892533778E-16,-0.587858883152555));
#2347=DIRECTION('center_axis',(0.556670399226419,-0.32139380484327,-0.766044443118978));
#2348=DIRECTION('ref_axis',(-2.77555756156289E-17,-0.922130247901626,0.386879575455834));
#2349=DIRECTION('',(-0.404481746652006,0.700582935935478,-0.587858883152555));
#2350=DIRECTION('center_axis',(-7.87187788734198E-17,-0.642787609686539,
-0.766044443118978));
#2351=DIRECTION('ref_axis',(0.,-0.766044443118978,0.642787609686539));
#2352=DIRECTION('center_axis',(0.,-2.22044604925031E-16,1.));
#2353=DIRECTION('ref_axis',(0.,-1.,-2.22044604925031E-16));
#2354=DIRECTION('center_axis',(0.,2.22044604925031E-16,-1.));
#2355=DIRECTION('ref_axis',(-1.,0.,0.));
#2356=DIRECTION('center_axis',(0.,-2.22044604925031E-16,1.));
#2357=DIRECTION('ref_axis',(0.,-1.,-2.22044604925031E-16));
#2358=DIRECTION('center_axis',(0.,-2.22044604925031E-16,1.));
#2359=DIRECTION('ref_axis',(0.,-1.,-2.22044604925031E-16));
#2360=CARTESIAN_POINT('',(0.,0.,0.));
#2361=CARTESIAN_POINT('Origin',(0.,-1.75063519236573E-14,78.8416));
#2362=CARTESIAN_POINT('',(-57.15,-2.66201832426954E-14,88.3666));
#2363=CARTESIAN_POINT('Origin',(0.,-1.96213267855682E-14,88.3666));
#2364=CARTESIAN_POINT('',(-57.15,-2.45052083807845E-14,78.8416));
#2365=CARTESIAN_POINT('',(-57.15,-2.45052083807845E-14,78.8416));
#2366=CARTESIAN_POINT('Origin',(0.,-1.75063519236573E-14,78.8416));
#2367=CARTESIAN_POINT('Origin',(-35.7451985412027,-20.6375,100.4316));
#2368=CARTESIAN_POINT('',(-35.7451985412027,-24.0157,78.8416));
#2369=CARTESIAN_POINT('Origin',(-35.7451985412027,-20.6375,78.8416));
#2370=CARTESIAN_POINT('',(-35.7451985412027,-24.0157,88.3666));
#2371=CARTESIAN_POINT('',(-35.7451985412027,-24.0157,100.4316));
#2372=CARTESIAN_POINT('Origin',(-35.7451985412027,-20.6375,88.3666));
#2373=CARTESIAN_POINT('Origin',(0.,41.275,100.4316));
#2374=CARTESIAN_POINT('',(4.13710181687959E-16,37.8968,78.8416));
#2375=CARTESIAN_POINT('Origin',(0.,41.275,78.8416));
#2376=CARTESIAN_POINT('',(4.13710181687959E-16,37.8968,88.3666));
#2377=CARTESIAN_POINT('',(4.13710181687959E-16,37.8968,100.4316));
#2378=CARTESIAN_POINT('Origin',(0.,41.275,88.3666));
#2379=CARTESIAN_POINT('Origin',(35.7451985412027,-20.6375,100.4316));
#2380=CARTESIAN_POINT('',(35.7451985412027,-24.0157,78.8416));
#2381=CARTESIAN_POINT('Origin',(35.7451985412027,-20.6375,78.8416));
#2382=CARTESIAN_POINT('',(35.7451985412027,-24.0157,88.3666));
#2383=CARTESIAN_POINT('',(35.7451985412027,-24.0157,100.4316));
#2384=CARTESIAN_POINT('Origin',(35.7451985412027,-20.6375,88.3666));
#2385=CARTESIAN_POINT('Origin',(-5.0547296634807E-15,-41.275,100.4316));
#2386=CARTESIAN_POINT('',(-4.64101948179274E-15,-44.6532,78.8416));
#2387=CARTESIAN_POINT('Origin',(-5.0547296634807E-15,-41.275,78.8416));
#2388=CARTESIAN_POINT('',(-4.64101948179274E-15,-44.6532,88.3666));
#2389=CARTESIAN_POINT('',(-4.64101948179274E-15,-44.6532,100.4316));
#2390=CARTESIAN_POINT('Origin',(-5.0547296634807E-15,-41.275,88.3666));
#2391=CARTESIAN_POINT('Origin',(35.7451985412027,20.6375,100.4316));
#2392=CARTESIAN_POINT('',(35.7451985412027,17.2593,78.8416));
#2393=CARTESIAN_POINT('Origin',(35.7451985412027,20.6375,78.8416));
#2394=CARTESIAN_POINT('',(35.7451985412027,17.2593,88.3666));
#2395=CARTESIAN_POINT('',(35.7451985412027,17.2593,100.4316));
#2396=CARTESIAN_POINT('Origin',(35.7451985412027,20.6375,88.3666));
#2397=CARTESIAN_POINT('Origin',(-35.7451985412027,20.6375,100.4316));
#2398=CARTESIAN_POINT('',(-35.7451985412027,17.2593,78.8416));
#2399=CARTESIAN_POINT('Origin',(-35.7451985412027,20.6375,78.8416));
#2400=CARTESIAN_POINT('',(-35.7451985412027,17.2593,88.3666));
#2401=CARTESIAN_POINT('',(-35.7451985412027,17.2593,100.4316));
#2402=CARTESIAN_POINT('Origin',(-35.7451985412027,20.6375,88.3666));
#2403=CARTESIAN_POINT('Origin',(0.,-1.75063519236573E-14,78.8416));
#2404=CARTESIAN_POINT('',(15.875,-27.496306570156,123.189307272172));
#2405=CARTESIAN_POINT('',(31.75,-3.37890874223542E-14,123.189307272172));
#2406=CARTESIAN_POINT('Origin',(1.23456800338317E-12,-6.26165785888588E-13,
146.261447973925));
#2407=CARTESIAN_POINT('',(-15.875,-27.496306570156,123.189307272172));
#2408=CARTESIAN_POINT('Origin',(-3.99680288865056E-14,-1.65645275274073E-12,
146.261447973925));
#2409=CARTESIAN_POINT('',(-31.75,-6.45246700469967E-15,123.189307272172));
#2410=CARTESIAN_POINT('Origin',(-1.22568621918617E-12,-8.25797059178065E-13,
146.261447973925));
#2411=CARTESIAN_POINT('',(-31.75,-2.35095803728611E-14,88.3666));
#2412=CARTESIAN_POINT('',(-31.75,-2.13946055109502E-14,78.8416));
#2413=CARTESIAN_POINT('Origin',(0.,-1.96213267855682E-14,88.3666));
#2414=CARTESIAN_POINT('',(-15.875,27.496306570156,123.189307272172));
#2415=CARTESIAN_POINT('Origin',(2.23820961764432E-12,-1.23900889548167E-12,
146.261447973928));
#2416=CARTESIAN_POINT('',(15.875,27.496306570156,123.189307272172));
#2417=CARTESIAN_POINT('Origin',(-9.32587340685131E-14,4.68958205601666E-12,
146.261447973922));
#2418=CARTESIAN_POINT('Origin',(1.63868918434673E-12,1.11640196608931E-12,
146.261447973924));
#2419=CARTESIAN_POINT('Origin',(18.0472910632857,10.4196083535315,130.433136178459));
#2420=CARTESIAN_POINT('',(11.5602131041788,20.0228764427611,129.460259735698));
#2421=CARTESIAN_POINT('',(11.4698368994074,19.8663402643019,131.249476442761));
#2422=CARTESIAN_POINT('Origin',(12.0315273755223,20.8392167070603,130.433136178458));
#2423=CARTESIAN_POINT('',(22.9396737988148,-3.28384138527824E-14,131.249476442761));
#2424=CARTESIAN_POINT('',(17.2047553491111,9.93317013215091,131.249476442761));
#2425=CARTESIAN_POINT('',(23.1204262083575,-2.07110119902989E-14,129.460259735698));
#2426=CARTESIAN_POINT('Origin',(24.0630547510387,-4.34282775760664E-14,
130.433136178455));
#2427=CARTESIAN_POINT('',(17.3403196562681,10.0114382213805,129.460259735698));
#2428=CARTESIAN_POINT('Origin',(-18.0472910632857,-10.4196083535315,130.433136178459));
#2429=CARTESIAN_POINT('',(-11.4698368994074,-19.866340264302,131.249476442761));
#2430=CARTESIAN_POINT('',(-11.5602131041788,-20.0228764427612,129.460259735698));
#2431=CARTESIAN_POINT('Origin',(-12.0315273755182,-20.8392167070534,130.433136178453));
#2432=CARTESIAN_POINT('',(-22.9396737988148,-1.26558370885334E-14,131.249476442761));
#2433=CARTESIAN_POINT('',(-17.2047553491111,-9.93317013215097,131.249476442761));
#2434=CARTESIAN_POINT('',(-23.1204262083575,-9.52389238747009E-15,129.460259735698));
#2435=CARTESIAN_POINT('Origin',(-24.0630547510418,-9.83734243457357E-15,
130.433136178456));
#2436=CARTESIAN_POINT('',(-17.3403196562681,-10.0114382213806,129.460259735698));
#2437=CARTESIAN_POINT('Origin',(18.0472910632857,-10.4196083535315,130.433136178459));
#2438=CARTESIAN_POINT('',(11.4698368994074,-19.866340264302,131.249476442761));
#2439=CARTESIAN_POINT('',(17.2047553491111,-9.93317013215099,131.249476442761));
#2440=CARTESIAN_POINT('',(11.5602131041787,-20.0228764427612,129.460259735698));
#2441=CARTESIAN_POINT('Origin',(12.0315273755251,-20.8392167070655,130.43313617846));
#2442=CARTESIAN_POINT('',(17.3403196562681,-10.0114382213806,129.460259735698));
#2443=CARTESIAN_POINT('Origin',(0.,-20.8392167070631,130.433136178459));
#2444=CARTESIAN_POINT('',(0.,-19.866340264302,131.249476442761));
#2445=CARTESIAN_POINT('',(0.,-20.0228764427612,129.460259735698));
#2446=CARTESIAN_POINT('Origin',(-18.0472910632857,10.4196083535315,130.433136178459));
#2447=CARTESIAN_POINT('',(-11.4698368994074,19.8663402643019,131.249476442761));
#2448=CARTESIAN_POINT('',(-17.2047553491111,9.93317013215094,131.249476442761));
#2449=CARTESIAN_POINT('',(-11.5602131041787,20.0228764427611,129.460259735698));
#2450=CARTESIAN_POINT('Origin',(-12.0315273755389,20.8392167070894,130.433136178472));
#2451=CARTESIAN_POINT('',(-17.3403196562681,10.0114382213805,129.460259735698));
#2452=CARTESIAN_POINT('Origin',(2.55206800370428E-15,20.839216707063,130.433136178459));
#2453=CARTESIAN_POINT('',(2.43292500154495E-15,19.8663402643019,131.249476442761));
#2454=CARTESIAN_POINT('',(2.45209515453503E-15,20.0228764427611,129.460259735698));
#2455=CARTESIAN_POINT('Origin',(11.2135417171885,-6.47414132898791,155.6766));
#2456=CARTESIAN_POINT('',(15.2798631455374,-3.32257178622556,154.043919471396));
#2457=CARTESIAN_POINT('Origin',(12.8986131455376,-7.447017771749,154.043919471397));
#2458=CARTESIAN_POINT('',(25.8473404169297,-9.42370763351916,143.804997792943));
#2459=CARTESIAN_POINT('',(13.5947917171885,-2.34969534346452,155.6766));
#2460=CARTESIAN_POINT('',(26.6351106586209,-10.2451444155545,145.119878107728));
#2461=CARTESIAN_POINT('Ctrl Pts',(25.8473404169297,-9.42370763351915,143.804997792943));
#2462=CARTESIAN_POINT('Ctrl Pts',(26.1585812632117,-9.60340261990286,144.233302084131));
#2463=CARTESIAN_POINT('Ctrl Pts',(26.4330784439784,-9.88220899413186,144.695098108154));
#2464=CARTESIAN_POINT('Ctrl Pts',(26.6351106586209,-10.2451444155545,145.119878107728));
#2465=CARTESIAN_POINT('',(22.190110658621,-17.9441102551982,145.119878107728));
#2466=CARTESIAN_POINT('Origin',(23.4608212734406,-13.5451114776307,143.810103112417));
#2467=CARTESIAN_POINT('',(20.2865318882603,-16.8450785397068,142.500328117105));
#2468=CARTESIAN_POINT('Ctrl Pts',(20.2865318882603,-16.8450785397068,142.500328117105));
#2469=CARTESIAN_POINT('Ctrl Pts',(20.4885641029027,-17.2080139611295,142.925108116679));
#2470=CARTESIAN_POINT('Ctrl Pts',(20.7735995706477,-17.4929046181822,143.376693501755));
#2471=CARTESIAN_POINT('Ctrl Pts',(21.0848404169297,-17.6725996045659,143.804997792943));
#2472=CARTESIAN_POINT('Ctrl Pts',(21.3960812632114,-17.8522945909495,144.233302084131));
#2473=CARTESIAN_POINT('Ctrl Pts',(21.7747832564137,-17.9506129356462,144.695098108153));
#2474=CARTESIAN_POINT('Ctrl Pts',(22.1901106586198,-17.9441102551982,145.119878107727));
#2475=CARTESIAN_POINT('',(24.7315318882603,-9.14611270006319,142.500328117105));
#2476=CARTESIAN_POINT('Origin',(23.4608212734406,-13.5451114776307,143.810103112417));
#2477=CARTESIAN_POINT('Ctrl Pts',(24.7315318882613,-9.14611270006318,142.500328117106));
#2478=CARTESIAN_POINT('Ctrl Pts',(25.1468592904675,-9.13961001961525,142.92510811668));
#2479=CARTESIAN_POINT('Ctrl Pts',(25.536099570648,-9.24401264713559,143.376693501756));
#2480=CARTESIAN_POINT('Ctrl Pts',(25.8473404169297,-9.42370763351916,143.804997792943));
#2481=CARTESIAN_POINT('Origin',(11.2135417171885,6.47414132898781,155.6766));
#2482=CARTESIAN_POINT('',(9.8003382170753,1.42915148028561,152.048558414189));
#2483=CARTESIAN_POINT('',(15.5851973917225,3.58663490136647,159.304641585812));
#2484=CARTESIAN_POINT('Ctrl Pts',(15.5851973917226,3.58663490136697,159.304641585812));
#2485=CARTESIAN_POINT('Ctrl Pts',(15.5388359197247,3.36717687511411,159.192142296776));
#2486=CARTESIAN_POINT('Ctrl Pts',(15.4815717037146,3.15557876089851,159.07372222808));
#2487=CARTESIAN_POINT('Ctrl Pts',(15.1500343366144,2.14914633471975,158.459943895416));
#2488=CARTESIAN_POINT('Ctrl Pts',(14.7014188559274,1.42123170839531,157.838989694485));
#2489=CARTESIAN_POINT('Ctrl Pts',(13.5950590955967,0.423996162255919,156.445939563949));
#2490=CARTESIAN_POINT('Ctrl Pts',(12.9409976015599,0.157286689714973,155.669057094132));
#2491=CARTESIAN_POINT('Ctrl Pts',(12.311669932111,0.149637753448904,154.918998188769));
#2492=CARTESIAN_POINT('Ctrl Pts',(11.8988793810571,0.144620639519985,154.42701723211));
#2493=CARTESIAN_POINT('Ctrl Pts',(11.4551128473619,0.251130734785784,153.89743508408));
#2494=CARTESIAN_POINT('Ctrl Pts',(10.6031464854798,0.691827065084953,152.905458827515));
#2495=CARTESIAN_POINT('Ctrl Pts',(10.193230016974,1.02475059891055,152.443979455109));
#2496=CARTESIAN_POINT('Ctrl Pts',(9.817994348038,1.41083964506037,152.066250233789));
#2497=CARTESIAN_POINT('Ctrl Pts',(9.8091711251302,1.419966354532,152.057395319129));
#2498=CARTESIAN_POINT('Ctrl Pts',(9.80033821707526,1.42915148028563,152.048558414189));
#2499=CARTESIAN_POINT('',(10.8987156345446,11.7038594135434,159.304641585812));
#2500=CARTESIAN_POINT('Ctrl Pts',(10.8987156345446,11.7038594135434,159.304641585811));
#2501=CARTESIAN_POINT('Ctrl Pts',(11.3293492427315,11.5633445154162,159.531834725066));
#2502=CARTESIAN_POINT('Ctrl Pts',(11.7774378874837,11.3752290644176,159.723743370509));
#2503=CARTESIAN_POINT('Ctrl Pts',(12.8418472386251,10.7890027365325,160.103356693877));
#2504=CARTESIAN_POINT('Ctrl Pts',(13.4334873923535,10.3479889522998,160.253191153825));
#2505=CARTESIAN_POINT('Ctrl Pts',(14.2959644507341,9.43868561435731,160.400176242668));
#2506=CARTESIAN_POINT('Ctrl Pts',(14.6047699712892,9.02862775847765,160.429858813682));
#2507=CARTESIAN_POINT('Ctrl Pts',(14.8630879785444,8.58120784540164,160.429858813682));
#2508=CARTESIAN_POINT('Ctrl Pts',(15.0947110491503,8.18002491890719,160.429858813682));
#2509=CARTESIAN_POINT('Ctrl Pts',(15.2812554429058,7.75660418884683,160.405933853673));
#2510=CARTESIAN_POINT('Ctrl Pts',(15.6301016194482,6.67060307947195,160.285637363393));
#2511=CARTESIAN_POINT('Ctrl Pts',(15.7352300572011,5.99855596905433,160.16155209189));
#2512=CARTESIAN_POINT('Ctrl Pts',(15.7635706122759,4.71692990868534,159.802636680382));
#2513=CARTESIAN_POINT('Ctrl Pts',(15.6989944062282,4.12530779333151,159.580777840218));
#2514=CARTESIAN_POINT('Ctrl Pts',(15.5851973917225,3.5866349013665,159.304641585811));
#2515=CARTESIAN_POINT('',(7.23879782200385,11.5116702898514,156.4514788945));
#2516=CARTESIAN_POINT('Ctrl Pts',(10.8987156345322,11.7038594135474,159.304641585805));
#2517=CARTESIAN_POINT('Ctrl Pts',(10.6854786727382,11.7734382141649,159.192142296771));
#2518=CARTESIAN_POINT('Ctrl Pts',(10.4735972224339,11.8296450054787,159.073722228077));
#2519=CARTESIAN_POINT('Ctrl Pts',(9.43623249062478,12.0457414363547,158.459943895416));
#2520=CARTESIAN_POINT('Ctrl Pts',(8.58153219209804,12.021186346711,157.838989694485));
#2521=CARTESIAN_POINT('Ctrl Pts',(7.64579996772751,11.7176979964128,156.918950453997));
#2522=CARTESIAN_POINT('Ctrl Pts',(7.43290752323497,11.6237395781087,156.687684999727));
#2523=CARTESIAN_POINT('Ctrl Pts',(7.23879782200745,11.5116702898535,156.451478894505));
#2524=CARTESIAN_POINT('',(9.72361314553746,12.94627908578,154.043919471396));
#2525=CARTESIAN_POINT('',(8.03854171718847,11.973402643019,155.6766));
#2526=CARTESIAN_POINT('Origin',(12.8986131455376,7.44701777174892,154.043919471397));
#2527=CARTESIAN_POINT('',(6.13785059632117,7.77276612152384,152.048558414189));
#2528=CARTESIAN_POINT('Ctrl Pts',(7.23879782200745,11.5116702898535,156.451478894505));
#2529=CARTESIAN_POINT('Ctrl Pts',(6.82801402069044,11.274504151586,155.95160876342));
#2530=CARTESIAN_POINT('Ctrl Pts',(6.50361207933133,10.9549222462115,155.428363964828));
#2531=CARTESIAN_POINT('Ctrl Pts',(6.07468483826444,10.2324215008022,154.42701723211));
#2532=CARTESIAN_POINT('Ctrl Pts',(5.94504201967652,9.79485336163993,153.89743508408));
#2533=CARTESIAN_POINT('Ctrl Pts',(5.90071305612915,8.83668068393069,152.905458827515));
#2534=CARTESIAN_POINT('Ctrl Pts',(5.98407505968689,8.31522084186221,152.443979455109));
#2535=CARTESIAN_POINT('Ctrl Pts',(6.13082014730755,7.7972126970827,152.066250233789));
#2536=CARTESIAN_POINT('Ctrl Pts',(6.13431249810903,7.78500820716549,152.057395319129));
#2537=CARTESIAN_POINT('Ctrl Pts',(6.13785059632116,7.77276612152381,152.048558414189));
#2538=CARTESIAN_POINT('Ctrl Pts',(6.13785059632118,7.77276612152382,152.048558414189));
#2539=CARTESIAN_POINT('Ctrl Pts',(6.1882236436796,7.73298848844784,151.973678123535));
#2540=CARTESIAN_POINT('Ctrl Pts',(6.23916013958968,7.69197041257934,151.899672320974));
#2541=CARTESIAN_POINT('Ctrl Pts',(6.61420244848911,7.38356454682573,151.367777474402));
#2542=CARTESIAN_POINT('Ctrl Pts',(6.95622860276442,7.06616297771855,150.955700526418));
#2543=CARTESIAN_POINT('Ctrl Pts',(7.49206523641064,6.48493023322501,150.443534137107));
#2544=CARTESIAN_POINT('Ctrl Pts',(7.72463164146477,6.20980239691765,150.257679827115));
#2545=CARTESIAN_POINT('Ctrl Pts',(8.17487346499736,5.60384013450595,150.005988203624));
#2546=CARTESIAN_POINT('Ctrl Pts',(8.3922718265872,5.27214740827313,149.941724949919));
#2547=CARTESIAN_POINT('Ctrl Pts',(8.76194950135445,4.63184689315231,149.941724949919));
#2548=CARTESIAN_POINT('Ctrl Pts',(8.94050464772768,4.27772802615799,150.005988203624));
#2549=CARTESIAN_POINT('Ctrl Pts',(9.2401624489446,3.58482603792669,150.257679827115));
#2550=CARTESIAN_POINT('Ctrl Pts',(9.36214694194796,3.24585370492931,150.443534137107));
#2551=CARTESIAN_POINT('Ctrl Pts',(9.5975909473676,2.49118919566657,150.955700526418));
#2552=CARTESIAN_POINT('Ctrl Pts',(9.7014556922778,2.03628507275187,151.367777474402));
#2553=CARTESIAN_POINT('Ctrl Pts',(9.78102185224685,1.55728597287419,151.899672320974));
#2554=CARTESIAN_POINT('Ctrl Pts',(9.79107630000829,1.49266463550207,151.973678123535));
#2555=CARTESIAN_POINT('Ctrl Pts',(9.80033821707529,1.42915148028565,152.048558414189));
#2556=CARTESIAN_POINT('Origin',(9.99200722162641E-15,12.9482826579757,155.6766));
#2557=CARTESIAN_POINT('',(3.66248762075415,9.2019176018095,152.048558414189));
#2558=CARTESIAN_POINT('',(4.68648175717799,15.2904943149099,159.304641585812));
#2559=CARTESIAN_POINT('Ctrl Pts',(4.68648175717762,15.2904943149102,159.304641585812));
#2560=CARTESIAN_POINT('Ctrl Pts',(4.85335724697801,15.1406150892768,159.192142296776));
#2561=CARTESIAN_POINT('Ctrl Pts',(5.00797448127653,14.9852237663764,159.07372222808));
#2562=CARTESIAN_POINT('Ctrl Pts',(5.71380184598965,14.1948877710745,158.459943895416));
#2563=CARTESIAN_POINT('Ctrl Pts',(6.11988666382937,13.4424180551063,157.838989694485));
#2564=CARTESIAN_POINT('Ctrl Pts',(6.4303381001776,11.9856646238654,156.445939563949));
#2565=CARTESIAN_POINT('Ctrl Pts',(6.33428453180959,11.2858760181218,155.669057094132));
#2566=CARTESIAN_POINT('Ctrl Pts',(6.02624487020346,10.7370378009416,154.918998188769));
#2567=CARTESIAN_POINT('Ctrl Pts',(5.82419454279265,10.3770421403223,154.42701723211));
#2568=CARTESIAN_POINT('Ctrl Pts',(5.51007082768538,10.0459840964258,153.89743508408));
#2569=CARTESIAN_POINT('Ctrl Pts',(4.7024334293507,9.52850774901568,152.905458827515));
#2570=CARTESIAN_POINT('Ctrl Pts',(4.20915495728711,9.33997144077282,152.443979455109));
#2571=CARTESIAN_POINT('Ctrl Pts',(3.68717420073047,9.20805234214313,152.066250233789));
#2572=CARTESIAN_POINT('Ctrl Pts',(3.67485862702119,9.20497456169753,152.057395319129));
#2573=CARTESIAN_POINT('Ctrl Pts',(3.66248762075412,9.20191760180948,152.048558414189));
#2574=CARTESIAN_POINT('',(-1.67539532342059E-15,17.1624156908034,160.429858813682));
#2575=CARTESIAN_POINT('Ctrl Pts',(4.6864817571798,15.2904943149083,159.30464158581));
#2576=CARTESIAN_POINT('Ctrl Pts',(4.27687585566066,15.658381866328,159.580777840218));
#2577=CARTESIAN_POINT('Ctrl Pts',(3.79680417734682,16.0101175589228,159.802636680382));
#2578=CARTESIAN_POINT('Ctrl Pts',(2.67271317337688,16.6263869484557,160.16155209189));
#2579=CARTESIAN_POINT('Ctrl Pts',(2.03813908433878,16.8713666059104,160.285637363393));
#2580=CARTESIAN_POINT('Ctrl Pts',(0.923211446810846,17.1122575096991,160.405933853673));
#2581=CARTESIAN_POINT('Ctrl Pts',(0.463246141211769,17.1624156908034,160.429858813682));
#2582=CARTESIAN_POINT('Ctrl Pts',(-1.52655665885959E-15,17.1624156908034,
160.429858813682));
#2583=CARTESIAN_POINT('',(-4.68648175717796,15.2904943149099,159.304641585812));
#2584=CARTESIAN_POINT('Ctrl Pts',(-3.05311331771918E-15,17.1624156908034,
160.429858813682));
#2585=CARTESIAN_POINT('Ctrl Pts',(-0.516636014510575,17.1624156908034,160.429858813682));
#2586=CARTESIAN_POINT('Ctrl Pts',(-1.02615929500138,17.1000111931135,160.400176242668));
#2587=CARTESIAN_POINT('Ctrl Pts',(-2.24487761459565,16.807735819346,160.253191153825));
#2588=CARTESIAN_POINT('Ctrl Pts',(-2.92262683202441,16.5158673084346,160.103356693877));
#2589=CARTESIAN_POINT('Ctrl Pts',(-3.96251839991086,15.887174934263,159.723743370509));
#2590=CARTESIAN_POINT('Ctrl Pts',(-4.34947548169618,15.5931765102596,159.531834725066));
#2591=CARTESIAN_POINT('Ctrl Pts',(-4.68648175717796,15.2904943149099,159.304641585811));
#2592=CARTESIAN_POINT('',(-6.34999999999999,12.0248179516405,156.4514788945));
#2593=CARTESIAN_POINT('Ctrl Pts',(-4.68648175718761,15.2904943149012,159.304641585805));
#2594=CARTESIAN_POINT('Ctrl Pts',(-4.85335724698416,15.1406150892706,159.192142296771));
#2595=CARTESIAN_POINT('Ctrl Pts',(-5.00797448127934,14.9852237663733,159.073722228078));
#2596=CARTESIAN_POINT('Ctrl Pts',(-5.71380184598963,14.1948877710745,158.459943895416));
#2597=CARTESIAN_POINT('Ctrl Pts',(-6.11988666382935,13.4424180551063,157.838989694485));
#2598=CARTESIAN_POINT('Ctrl Pts',(-6.32492415490375,12.4803060025126,156.918950453997));
#2599=CARTESIAN_POINT('Ctrl Pts',(-6.34999999999933,12.2489565281563,156.687684999727));
#2600=CARTESIAN_POINT('Ctrl Pts',(-6.34999999999999,12.0248179516446,156.451478894505));
#2601=CARTESIAN_POINT('',(-6.34999999999999,14.8940355434978,154.043919471396));
#2602=CARTESIAN_POINT('',(-6.34999999999999,12.9482826579757,155.6766));
#2603=CARTESIAN_POINT('Origin',(1.4432899320127E-14,14.8940355434979,154.043919471397));
#2604=CARTESIAN_POINT('',(-3.66248762075413,9.2019176018095,152.048558414189));
#2605=CARTESIAN_POINT('Ctrl Pts',(-6.34999999999999,12.0248179516446,156.451478894505));
#2606=CARTESIAN_POINT('Ctrl Pts',(-6.35000000000139,11.5504856751072,155.95160876342));
#2607=CARTESIAN_POINT('Ctrl Pts',(-6.23543492203684,11.109754400166,155.428363964828));
#2608=CARTESIAN_POINT('Ctrl Pts',(-5.82419454279264,10.3770421403223,154.42701723211));
#2609=CARTESIAN_POINT('Ctrl Pts',(-5.51007082768535,10.0459840964258,153.89743508408));
#2610=CARTESIAN_POINT('Ctrl Pts',(-4.70243342935068,9.52850774901569,152.905458827515));
#2611=CARTESIAN_POINT('Ctrl Pts',(-4.20915495728709,9.33997144077282,152.443979455109));
#2612=CARTESIAN_POINT('Ctrl Pts',(-3.68717420073046,9.20805234214314,152.066250233789));
#2613=CARTESIAN_POINT('Ctrl Pts',(-3.67485862702117,9.20497456169753,152.057395319129));
#2614=CARTESIAN_POINT('Ctrl Pts',(-3.6624876207541,9.20191760180949,152.048558414189));
#2615=CARTESIAN_POINT('Ctrl Pts',(-3.66248762075409,9.20191760180951,152.048558414189));
#2616=CARTESIAN_POINT('Ctrl Pts',(-3.60285265632867,9.22565312394995,151.973678123535));
#2617=CARTESIAN_POINT('Ctrl Pts',(-3.54186171265716,9.24925638545358,151.899672320974));
#2618=CARTESIAN_POINT('Ctrl Pts',(-3.0872532437887,9.41984961957765,151.367777474402));
#2619=CARTESIAN_POINT('Ctrl Pts',(-2.64136234460318,9.55735217338518,150.955700526418));
#2620=CARTESIAN_POINT('Ctrl Pts',(-1.87008170553732,9.73078393815437,150.443534137107));
#2621=CARTESIAN_POINT('Ctrl Pts',(-1.51553080747983,9.79462843484439,150.257679827115));
#2622=CARTESIAN_POINT('Ctrl Pts',(-0.765631182730311,9.881568160664,150.005988203624));
#2623=CARTESIAN_POINT('Ctrl Pts',(-0.369677674767255,9.90399430142549,149.941724949919));
#2624=CARTESIAN_POINT('Ctrl Pts',(0.369677674767262,9.90399430142549,149.941724949919));
#2625=CARTESIAN_POINT('Ctrl Pts',(0.765631182730313,9.881568160664,150.005988203624));
#2626=CARTESIAN_POINT('Ctrl Pts',(1.51553080747984,9.79462843484439,150.257679827115));
#2627=CARTESIAN_POINT('Ctrl Pts',(1.87008170553733,9.73078393815437,150.443534137107));
#2628=CARTESIAN_POINT('Ctrl Pts',(2.64136234460319,9.55735217338517,150.955700526418));
#2629=CARTESIAN_POINT('Ctrl Pts',(3.08725324378871,9.41984961957765,151.367777474402));
#2630=CARTESIAN_POINT('Ctrl Pts',(3.54186171265718,9.24925638545358,151.899672320974));
#2631=CARTESIAN_POINT('Ctrl Pts',(3.60285265632868,9.22565312394994,151.973678123535));
#2632=CARTESIAN_POINT('Ctrl Pts',(3.66248762075411,9.2019176018095,152.048558414189));
#2633=CARTESIAN_POINT('Origin',(0.,-3.28751692535434E-14,154.4066));
#2634=CARTESIAN_POINT('',(4.68648175717796,-15.29049431491,159.304641585812));
#2635=CARTESIAN_POINT('',(-4.68648175717799,-15.29049431491,159.304641585812));
#2636=CARTESIAN_POINT('Ctrl Pts',(-4.68648175717976,-15.2904943149084,159.30464158581));
#2637=CARTESIAN_POINT('Ctrl Pts',(-4.2768758556605,-15.6583818663282,159.580777840218));
#2638=CARTESIAN_POINT('Ctrl Pts',(-3.79680417734656,-16.010117558923,159.802636680382));
#2639=CARTESIAN_POINT('Ctrl Pts',(-2.67271317337657,-16.6263869484559,160.16155209189));
#2640=CARTESIAN_POINT('Ctrl Pts',(-2.03813908433857,-16.8713666059105,160.285637363393));
#2641=CARTESIAN_POINT('Ctrl Pts',(-0.923211446810692,-17.1122575096991,
160.405933853673));
#2642=CARTESIAN_POINT('Ctrl Pts',(-0.463246141211699,-17.1624156908034,
160.429858813682));
#2643=CARTESIAN_POINT('Ctrl Pts',(-1.08211598046064E-14,-17.1624156908034,
160.429858813682));
#2644=CARTESIAN_POINT('Ctrl Pts',(0.516636014510491,-17.1624156908034,160.429858813682));
#2645=CARTESIAN_POINT('Ctrl Pts',(1.02615929500127,-17.1000111931136,160.400176242668));
#2646=CARTESIAN_POINT('Ctrl Pts',(2.24487761459553,-16.8077358193461,160.253191153825));
#2647=CARTESIAN_POINT('Ctrl Pts',(2.92262683202425,-16.5158673084348,160.103356693878));
#2648=CARTESIAN_POINT('Ctrl Pts',(3.96251839991111,-15.8871749342629,159.723743370509));
#2649=CARTESIAN_POINT('Ctrl Pts',(4.34947548169636,-15.5931765102595,159.531834725066));
#2650=CARTESIAN_POINT('Ctrl Pts',(4.68648175717793,-15.29049431491,159.304641585811));
#2651=CARTESIAN_POINT('',(-10.8987156345446,-11.7038594135434,159.304641585812));
#2652=CARTESIAN_POINT('Origin',(-1.46889381773069E-15,-3.39627529623712E-14,
159.304641585812));
#2653=CARTESIAN_POINT('',(-15.5851973917225,-3.58663490136655,159.304641585812));
#2654=CARTESIAN_POINT('Ctrl Pts',(-10.8987156345446,-11.7038594135435,159.304641585811));
#2655=CARTESIAN_POINT('Ctrl Pts',(-11.3293492427312,-11.5633445154164,159.531834725066));
#2656=CARTESIAN_POINT('Ctrl Pts',(-11.7774378874834,-11.3752290644178,159.723743370508));
#2657=CARTESIAN_POINT('Ctrl Pts',(-12.841847238625,-10.7890027365326,160.103356693877));
#2658=CARTESIAN_POINT('Ctrl Pts',(-13.4334873923534,-10.3479889522999,160.253191153825));
#2659=CARTESIAN_POINT('Ctrl Pts',(-14.295964450734,-9.4386856143575,160.400176242668));
#2660=CARTESIAN_POINT('Ctrl Pts',(-14.6047699712891,-9.02862775847782,160.429858813682));
#2661=CARTESIAN_POINT('Ctrl Pts',(-14.8630879785444,-8.58120784540173,160.429858813682));
#2662=CARTESIAN_POINT('Ctrl Pts',(-15.0947110491503,-8.18002491890726,160.429858813682));
#2663=CARTESIAN_POINT('Ctrl Pts',(-15.2812554429058,-7.75660418884687,160.405933853673));
#2664=CARTESIAN_POINT('Ctrl Pts',(-15.6301016194482,-6.67060307947217,160.285637363393));
#2665=CARTESIAN_POINT('Ctrl Pts',(-15.7352300572011,-5.99855596905447,160.16155209189));
#2666=CARTESIAN_POINT('Ctrl Pts',(-15.7635706122758,-4.71692990868556,159.802636680382));
#2667=CARTESIAN_POINT('Ctrl Pts',(-15.6989944062283,-4.12530779333167,159.580777840219));
#2668=CARTESIAN_POINT('Ctrl Pts',(-15.5851973917225,-3.58663490136656,159.304641585811));
#2669=CARTESIAN_POINT('',(-15.5851973917225,3.5866349013665,159.304641585812));
#2670=CARTESIAN_POINT('Origin',(-1.46889381773069E-15,-3.39627529623712E-14,
159.304641585812));
#2671=CARTESIAN_POINT('',(-10.8987156345445,11.7038594135434,159.304641585812));
#2672=CARTESIAN_POINT('Ctrl Pts',(-15.5851973917225,3.58663490136653,159.304641585811));
#2673=CARTESIAN_POINT('Ctrl Pts',(-15.6788247244277,4.02983199484334,159.531834725066));
#2674=CARTESIAN_POINT('Ctrl Pts',(-15.7399562873946,4.51194586984542,159.723743370509));
#2675=CARTESIAN_POINT('Ctrl Pts',(-15.7644740706495,5.72686457190223,160.103356693877));
#2676=CARTESIAN_POINT('Ctrl Pts',(-15.6783650069491,6.4597468670462,160.253191153825));
#2677=CARTESIAN_POINT('Ctrl Pts',(-15.3221237457353,7.66132557875588,160.400176242668));
#2678=CARTESIAN_POINT('Ctrl Pts',(-15.1214059857997,8.13378793232551,160.429858813682));
#2679=CARTESIAN_POINT('Ctrl Pts',(-14.8630879785444,8.58120784540169,160.429858813682));
#2680=CARTESIAN_POINT('Ctrl Pts',(-14.6314649079385,8.98239077189623,160.429858813682));
#2681=CARTESIAN_POINT('Ctrl Pts',(-14.3580439960949,9.35565332085237,160.405933853673));
#2682=CARTESIAN_POINT('Ctrl Pts',(-13.5919625351095,10.2007635264384,160.285637363393));
#2683=CARTESIAN_POINT('Ctrl Pts',(-13.0625168838244,10.6278309794014,160.16155209189));
#2684=CARTESIAN_POINT('Ctrl Pts',(-11.9667664349301,11.293187650238,159.802636680382));
#2685=CARTESIAN_POINT('Ctrl Pts',(-11.4221185505692,11.5330740729977,159.580777840218));
#2686=CARTESIAN_POINT('Ctrl Pts',(-10.8987156345446,11.7038594135434,159.304641585811));
#2687=CARTESIAN_POINT('Origin',(-1.46889381773069E-15,-3.39627529623712E-14,
159.304641585812));
#2688=CARTESIAN_POINT('',(-2.67338310326354E-15,21.8298296710925,162.0266));
#2689=CARTESIAN_POINT('Origin',(-2.67338310326354E-15,21.8298296710925,
154.4066));
#2690=CARTESIAN_POINT('Origin',(0.,-3.45671491430722E-14,162.0266));
#2691=CARTESIAN_POINT('Origin',(-1.46889381773069E-15,-3.39627529623712E-14,
159.304641585812));
#2692=CARTESIAN_POINT('',(15.5851973917225,-3.58663490136655,159.304641585812));
#2693=CARTESIAN_POINT('Origin',(-1.46889381773069E-15,-3.39627529623712E-14,
159.304641585812));
#2694=CARTESIAN_POINT('',(10.8987156345445,-11.7038594135435,159.304641585812));
#2695=CARTESIAN_POINT('Ctrl Pts',(15.5851973917225,-3.58663490136659,159.304641585811));
#2696=CARTESIAN_POINT('Ctrl Pts',(15.6788247244277,-4.02983199484323,159.531834725066));
#2697=CARTESIAN_POINT('Ctrl Pts',(15.7399562873946,-4.51194586984529,159.723743370509));
#2698=CARTESIAN_POINT('Ctrl Pts',(15.7644740706495,-5.72686457190232,160.103356693877));
#2699=CARTESIAN_POINT('Ctrl Pts',(15.6783650069491,-6.4597468670463,160.253191153825));
#2700=CARTESIAN_POINT('Ctrl Pts',(15.3221237457352,-7.66132557875631,160.400176242668));
#2701=CARTESIAN_POINT('Ctrl Pts',(15.1214059857996,-8.13378793232574,160.429858813682));
#2702=CARTESIAN_POINT('Ctrl Pts',(14.8630879785444,-8.58120784540174,160.429858813682));
#2703=CARTESIAN_POINT('Ctrl Pts',(14.6314649079385,-8.98239077189625,160.429858813682));
#2704=CARTESIAN_POINT('Ctrl Pts',(14.358043996095,-9.35565332085237,160.405933853673));
#2705=CARTESIAN_POINT('Ctrl Pts',(13.5919625351092,-10.2007635264388,160.285637363393));
#2706=CARTESIAN_POINT('Ctrl Pts',(13.062516883824,-10.6278309794018,160.16155209189));
#2707=CARTESIAN_POINT('Ctrl Pts',(11.9667664349296,-11.2931876502383,159.802636680382));
#2708=CARTESIAN_POINT('Ctrl Pts',(11.4221185505688,-11.5330740729978,159.580777840218));
#2709=CARTESIAN_POINT('Ctrl Pts',(10.8987156345446,-11.7038594135435,159.304641585811));
#2710=CARTESIAN_POINT('Origin',(-1.46889381773069E-15,-3.39627529623712E-14,
159.304641585812));
#2711=CARTESIAN_POINT('Origin',(-11.2135417171885,6.47414132898784,155.6766));
#2712=CARTESIAN_POINT('',(-6.13785059632114,7.77276612152384,152.048558414189));
#2713=CARTESIAN_POINT('Ctrl Pts',(-10.898715634545,11.7038594135432,159.304641585812));
#2714=CARTESIAN_POINT('Ctrl Pts',(-10.6854786727467,11.7734382141626,159.192142296776));
#2715=CARTESIAN_POINT('Ctrl Pts',(-10.4735972224381,11.8296450054779,159.07372222808));
#2716=CARTESIAN_POINT('Ctrl Pts',(-9.43623249062476,12.0457414363547,158.459943895416));
#2717=CARTESIAN_POINT('Ctrl Pts',(-8.58153219209802,12.021186346711,157.838989694485));
#2718=CARTESIAN_POINT('Ctrl Pts',(-7.16472099541914,11.5616684616095,156.445939563949));
#2719=CARTESIAN_POINT('Ctrl Pts',(-6.60671306975031,11.1285893284068,155.669057094132));
#2720=CARTESIAN_POINT('Ctrl Pts',(-6.28542506190749,10.5874000474926,154.918998188769));
#2721=CARTESIAN_POINT('Ctrl Pts',(-6.07468483826443,10.2324215008022,154.42701723211));
#2722=CARTESIAN_POINT('Ctrl Pts',(-5.94504201967651,9.79485336163994,153.89743508408));
#2723=CARTESIAN_POINT('Ctrl Pts',(-5.90071305612914,8.8366806839307,152.905458827515));
#2724=CARTESIAN_POINT('Ctrl Pts',(-5.98407505968688,8.31522084186222,152.443979455109));
#2725=CARTESIAN_POINT('Ctrl Pts',(-6.13082014730754,7.79721269708271,152.066250233789));
#2726=CARTESIAN_POINT('Ctrl Pts',(-6.13431249810903,7.78500820716549,152.057395319129));
#2727=CARTESIAN_POINT('Ctrl Pts',(-6.13785059632116,7.77276612152381,152.048558414189));
#2728=CARTESIAN_POINT('',(-13.5887978220038,0.51314766178905,156.4514788945));
#2729=CARTESIAN_POINT('Ctrl Pts',(-15.5851973917198,3.58663490135382,159.304641585805));
#2730=CARTESIAN_POINT('Ctrl Pts',(-15.5388359197224,3.3671768751057,159.192142296771));
#2731=CARTESIAN_POINT('Ctrl Pts',(-15.4815717037133,3.15557876089452,159.073722228077));
#2732=CARTESIAN_POINT('Ctrl Pts',(-15.1500343366144,2.1491463347198,158.459943895416));
#2733=CARTESIAN_POINT('Ctrl Pts',(-14.7014188559274,1.42123170839536,157.838989694485));
#2734=CARTESIAN_POINT('Ctrl Pts',(-13.9707241226313,0.76260800609985,156.918950453997));
#2735=CARTESIAN_POINT('Ctrl Pts',(-13.7829075232343,0.625216950047539,156.687684999727));
#2736=CARTESIAN_POINT('Ctrl Pts',(-13.5887978220074,0.513147661791134,156.451478894505));
#2737=CARTESIAN_POINT('',(-16.0736131455374,1.9477564577177,154.043919471396));
#2738=CARTESIAN_POINT('',(-14.3885417171885,0.974880014956662,155.6766));
#2739=CARTESIAN_POINT('Origin',(-12.8986131455376,7.44701777174894,154.043919471397));
#2740=CARTESIAN_POINT('',(-9.8003382170753,1.42915148028563,152.048558414189));
#2741=CARTESIAN_POINT('Ctrl Pts',(-13.5887978220074,0.513147661791134,156.451478894505));
#2742=CARTESIAN_POINT('Ctrl Pts',(-13.1780140206918,0.275981523521213,155.95160876342));
#2743=CARTESIAN_POINT('Ctrl Pts',(-12.7390470013682,0.154832153954466,155.428363964828));
#2744=CARTESIAN_POINT('Ctrl Pts',(-11.8988793810571,0.144620639520017,154.42701723211));
#2745=CARTESIAN_POINT('Ctrl Pts',(-11.4551128473619,0.251130734785815,153.89743508408));
#2746=CARTESIAN_POINT('Ctrl Pts',(-10.6031464854798,0.691827065084979,152.905458827515));
#2747=CARTESIAN_POINT('Ctrl Pts',(-10.193230016974,1.02475059891057,152.443979455109));
#2748=CARTESIAN_POINT('Ctrl Pts',(-9.81799434803801,1.41083964506039,152.066250233789));
#2749=CARTESIAN_POINT('Ctrl Pts',(-9.80917112513021,1.41996635453201,152.057395319129));
#2750=CARTESIAN_POINT('Ctrl Pts',(-9.80033821707528,1.42915148028564,152.048558414189));
#2751=CARTESIAN_POINT('Ctrl Pts',(-9.80033821707529,1.42915148028567,152.048558414189));
#2752=CARTESIAN_POINT('Ctrl Pts',(-9.79111259327671,1.49241575614223,151.973971545563));
#2753=CARTESIAN_POINT('Ctrl Pts',(-9.78110073234877,1.55677892056981,151.900253047335));
#2754=CARTESIAN_POINT('Ctrl Pts',(-9.70160317063559,2.03559945294279,151.368427714387));
#2755=CARTESIAN_POINT('Ctrl Pts',(-9.59774669456824,2.49061459077469,150.956154447357));
#2756=CARTESIAN_POINT('Ctrl Pts',(-9.36228225803975,3.24546861557785,150.44375422552));
#2757=CARTESIAN_POINT('Ctrl Pts',(-9.24028775305577,3.58451141186268,150.257821495091));
#2758=CARTESIAN_POINT('Ctrl Pts',(-8.94058497094298,4.27756716090897,150.006019273146));
#2759=CARTESIAN_POINT('Ctrl Pts',(-8.76199414361366,4.6317695704912,149.941724949919));
#2760=CARTESIAN_POINT('Ctrl Pts',(-8.39222718432796,5.27222473093428,149.941724949919));
#2761=CARTESIAN_POINT('Ctrl Pts',(-8.17477431321275,5.60399012907547,150.006019273146));
#2762=CARTESIAN_POINT('Ctrl Pts',(-7.7244218193562,6.21006822649316,150.257821495091));
#2763=CARTESIAN_POINT('Ctrl Pts',(-7.49179939729541,6.48523996507381,150.44375422552));
#2764=CARTESIAN_POINT('Ctrl Pts',(-6.95580885393119,7.06658516119685,150.956154447357));
#2765=CARTESIAN_POINT('Ctrl Pts',(-6.61368242349597,7.38403507673465,151.368427714387));
#2766=CARTESIAN_POINT('Ctrl Pts',(-6.23876045946397,7.69229225090367,151.900253047335));
#2767=CARTESIAN_POINT('Ctrl Pts',(-6.1880262544657,7.73314435902021,151.973971545563));
#2768=CARTESIAN_POINT('Ctrl Pts',(-6.13785059632117,7.77276612152384,152.048558414189));
#2769=CARTESIAN_POINT('Origin',(11.2135417171885,6.47414132898781,155.6766));
#2770=CARTESIAN_POINT('',(10.5173631455374,11.5714637572722,154.043919471396));
#2771=CARTESIAN_POINT('Origin',(12.8986131455376,7.44701777174892,154.043919471397));
#2772=CARTESIAN_POINT('',(21.0848404169298,17.6725996045658,143.804997792943));
#2773=CARTESIAN_POINT('',(8.83229171718846,10.5985873145112,155.6766));
#2774=CARTESIAN_POINT('',(22.1901106586209,17.9441102551981,145.119878107728));
#2775=CARTESIAN_POINT('Ctrl Pts',(21.0848404169298,17.6725996045658,143.804997792943));
#2776=CARTESIAN_POINT('Ctrl Pts',(21.3960812632117,17.8522945909495,144.233302084131));
#2777=CARTESIAN_POINT('Ctrl Pts',(21.7747832564144,17.9506129356462,144.695098108154));
#2778=CARTESIAN_POINT('Ctrl Pts',(22.1901106586209,17.9441102551981,145.119878107728));
#2779=CARTESIAN_POINT('',(26.6351106586211,10.2451444155545,145.119878107728));
#2780=CARTESIAN_POINT('Origin',(23.4608212734406,13.5451114776306,143.810103112417));
#2781=CARTESIAN_POINT('',(24.7315318882603,9.14611270006309,142.500328117105));
#2782=CARTESIAN_POINT('Ctrl Pts',(24.7315318882602,9.14611270006309,142.500328117105));
#2783=CARTESIAN_POINT('Ctrl Pts',(25.1468592904667,9.13961001961496,142.925108116679));
#2784=CARTESIAN_POINT('Ctrl Pts',(25.5360995706477,9.24401264713531,143.376693501755));
#2785=CARTESIAN_POINT('Ctrl Pts',(25.8473404169298,9.42370763351905,143.804997792943));
#2786=CARTESIAN_POINT('Ctrl Pts',(26.1585812632115,9.6034026199026,144.233302084131));
#2787=CARTESIAN_POINT('Ctrl Pts',(26.433078443978,9.88220899413126,144.695098108153));
#2788=CARTESIAN_POINT('Ctrl Pts',(26.6351106586204,10.2451444155534,145.119878107727));
#2789=CARTESIAN_POINT('',(20.2865318882603,16.8450785397068,142.500328117105));
#2790=CARTESIAN_POINT('Origin',(23.4608212734406,13.5451114776306,143.810103112417));
#2791=CARTESIAN_POINT('Ctrl Pts',(20.2865318882608,16.8450785397077,142.500328117106));
#2792=CARTESIAN_POINT('Ctrl Pts',(20.4885641029033,17.2080139611299,142.92510811668));
#2793=CARTESIAN_POINT('Ctrl Pts',(20.773599570648,17.4929046181823,143.376693501756));
#2794=CARTESIAN_POINT('Ctrl Pts',(21.0848404169298,17.6725996045658,143.804997792943));
#2795=CARTESIAN_POINT('Origin',(9.99200722162641E-15,12.9482826579757,155.6766));
#2796=CARTESIAN_POINT('',(-4.76249999999999,14.8940355434978,154.043919471396));
#2797=CARTESIAN_POINT('Origin',(1.22124532708767E-14,14.8940355434979,154.043919471397));
#2798=CARTESIAN_POINT('',(-4.76249999999998,27.096307238085,143.804997792943));
#2799=CARTESIAN_POINT('',(-4.76249999999999,12.9482826579757,155.6766));
#2800=CARTESIAN_POINT('',(-4.445,28.1892546707526,145.119878107728));
#2801=CARTESIAN_POINT('Ctrl Pts',(-4.76249999999998,27.0963072380849,143.804997792943));
#2802=CARTESIAN_POINT('Ctrl Pts',(-4.76249999999998,27.4556972108523,144.233302084131));
#2803=CARTESIAN_POINT('Ctrl Pts',(-4.65829518756401,27.832821929778,144.695098108154));
#2804=CARTESIAN_POINT('Ctrl Pts',(-4.44500000000005,28.1892546707525,145.119878107728));
#2805=CARTESIAN_POINT('',(4.445,28.1892546707526,145.119878107728));
#2806=CARTESIAN_POINT('Origin',(2.12647072974172E-14,27.0902229552613,143.810103112417));
#2807=CARTESIAN_POINT('',(4.445,25.9911912397699,142.500328117105));
#2808=CARTESIAN_POINT('Ctrl Pts',(4.44499999999997,25.9911912397698,142.500328117105));
#2809=CARTESIAN_POINT('Ctrl Pts',(4.65829518756401,26.3476239807444,142.925108116679));
#2810=CARTESIAN_POINT('Ctrl Pts',(4.76250000000002,26.7369172653175,143.376693501755));
#2811=CARTESIAN_POINT('Ctrl Pts',(4.76250000000002,27.0963072380849,143.804997792943));
#2812=CARTESIAN_POINT('Ctrl Pts',(4.76250000000002,27.455697210852,144.233302084131));
#2813=CARTESIAN_POINT('Ctrl Pts',(4.65829518756425,27.8328219297773,144.695098108153));
#2814=CARTESIAN_POINT('Ctrl Pts',(4.44500000000067,28.1892546707516,145.119878107727));
#2815=CARTESIAN_POINT('',(-4.445,25.9911912397699,142.500328117105));
#2816=CARTESIAN_POINT('Origin',(2.12647072974172E-14,27.0902229552613,143.810103112417));
#2817=CARTESIAN_POINT('Ctrl Pts',(-4.44500000000051,25.9911912397708,142.500328117106));
#2818=CARTESIAN_POINT('Ctrl Pts',(-4.65829518756417,26.3476239807451,142.92510811668));
#2819=CARTESIAN_POINT('Ctrl Pts',(-4.76249999999998,26.7369172653178,143.376693501756));
#2820=CARTESIAN_POINT('Ctrl Pts',(-4.76249999999998,27.0963072380849,143.804997792943));
#2821=CARTESIAN_POINT('Origin',(-11.2135417171885,6.47414132898784,155.6766));
#2822=CARTESIAN_POINT('',(-15.2798631455374,3.32257178622549,154.043919471396));
#2823=CARTESIAN_POINT('Origin',(-12.8986131455376,7.44701777174894,154.043919471397));
#2824=CARTESIAN_POINT('',(-25.8473404169297,9.42370763351911,143.804997792943));
#2825=CARTESIAN_POINT('',(-13.5947917171885,2.34969534346446,155.6766));
#2826=CARTESIAN_POINT('',(-26.6351106586209,10.2451444155545,145.119878107728));
#2827=CARTESIAN_POINT('Ctrl Pts',(-25.8473404169297,9.4237076335191,143.804997792943));
#2828=CARTESIAN_POINT('Ctrl Pts',(-26.1585812632117,9.60340261990281,144.233302084131));
#2829=CARTESIAN_POINT('Ctrl Pts',(-26.4330784439784,9.88220899413179,144.695098108154));
#2830=CARTESIAN_POINT('Ctrl Pts',(-26.6351106586209,10.2451444155544,145.119878107728));
#2831=CARTESIAN_POINT('',(-22.190110658621,17.9441102551982,145.119878107728));
#2832=CARTESIAN_POINT('Origin',(-23.4608212734406,13.5451114776306,143.810103112417));
#2833=CARTESIAN_POINT('',(-20.2865318882603,16.8450785397068,142.500328117105));
#2834=CARTESIAN_POINT('Ctrl Pts',(-20.2865318882603,16.8450785397067,142.500328117105));
#2835=CARTESIAN_POINT('Ctrl Pts',(-20.4885641029028,17.2080139611294,142.925108116679));
#2836=CARTESIAN_POINT('Ctrl Pts',(-20.7735995706477,17.4929046181821,143.376693501755));
#2837=CARTESIAN_POINT('Ctrl Pts',(-21.0848404169297,17.6725996045659,143.804997792943));
#2838=CARTESIAN_POINT('Ctrl Pts',(-21.3960812632114,17.8522945909494,144.233302084131));
#2839=CARTESIAN_POINT('Ctrl Pts',(-21.7747832564137,17.9506129356461,144.695098108153));
#2840=CARTESIAN_POINT('Ctrl Pts',(-22.1901106586198,17.9441102551982,145.119878107727));
#2841=CARTESIAN_POINT('',(-24.7315318882603,9.14611270006314,142.500328117105));
#2842=CARTESIAN_POINT('Origin',(-23.4608212734406,13.5451114776306,143.810103112417));
#2843=CARTESIAN_POINT('Ctrl Pts',(-24.7315318882613,9.14611270006312,142.500328117106));
#2844=CARTESIAN_POINT('Ctrl Pts',(-25.1468592904674,9.13961001961519,142.92510811668));
#2845=CARTESIAN_POINT('Ctrl Pts',(-25.536099570648,9.24401264713554,143.376693501756));
#2846=CARTESIAN_POINT('Ctrl Pts',(-25.8473404169298,9.42370763351911,143.804997792943));
#2847=CARTESIAN_POINT('Origin',(-11.2135417171885,-6.47414132898789,155.6766));
#2848=CARTESIAN_POINT('',(-10.5173631455374,-11.5714637572723,154.043919471396));
#2849=CARTESIAN_POINT('Origin',(-12.8986131455376,-7.447017771749,154.043919471397));
#2850=CARTESIAN_POINT('',(-21.0848404169298,-17.6725996045659,143.804997792943));
#2851=CARTESIAN_POINT('',(-8.83229171718846,-10.5985873145113,155.6766));
#2852=CARTESIAN_POINT('',(-22.1901106586209,-17.9441102551982,145.119878107728));
#2853=CARTESIAN_POINT('Ctrl Pts',(-21.0848404169298,-17.6725996045659,143.804997792943));
#2854=CARTESIAN_POINT('Ctrl Pts',(-21.3960812632117,-17.8522945909496,144.233302084131));
#2855=CARTESIAN_POINT('Ctrl Pts',(-21.7747832564144,-17.9506129356463,144.695098108154));
#2856=CARTESIAN_POINT('Ctrl Pts',(-22.1901106586209,-17.9441102551982,145.119878107728));
#2857=CARTESIAN_POINT('',(-26.6351106586211,-10.2451444155545,145.119878107728));
#2858=CARTESIAN_POINT('Origin',(-23.4608212734406,-13.5451114776307,143.810103112417));
#2859=CARTESIAN_POINT('',(-24.7315318882603,-9.14611270006314,142.500328117105));
#2860=CARTESIAN_POINT('Ctrl Pts',(-24.7315318882602,-9.14611270006316,142.500328117105));
#2861=CARTESIAN_POINT('Ctrl Pts',(-25.1468592904668,-9.13961001961503,142.925108116679));
#2862=CARTESIAN_POINT('Ctrl Pts',(-25.5360995706477,-9.24401264713538,143.376693501755));
#2863=CARTESIAN_POINT('Ctrl Pts',(-25.8473404169297,-9.42370763351912,143.804997792943));
#2864=CARTESIAN_POINT('Ctrl Pts',(-26.1585812632114,-9.60340261990267,144.233302084131));
#2865=CARTESIAN_POINT('Ctrl Pts',(-26.433078443978,-9.88220899413132,144.695098108153));
#2866=CARTESIAN_POINT('Ctrl Pts',(-26.6351106586204,-10.2451444155535,145.119878107727));
#2867=CARTESIAN_POINT('',(-20.2865318882603,-16.8450785397068,142.500328117105));
#2868=CARTESIAN_POINT('Origin',(-23.4608212734406,-13.5451114776307,143.810103112417));
#2869=CARTESIAN_POINT('Ctrl Pts',(-20.2865318882608,-16.8450785397077,142.500328117106));
#2870=CARTESIAN_POINT('Ctrl Pts',(-20.4885641029033,-17.20801396113,142.92510811668));
#2871=CARTESIAN_POINT('Ctrl Pts',(-20.773599570648,-17.4929046181823,143.376693501756));
#2872=CARTESIAN_POINT('Ctrl Pts',(-21.0848404169298,-17.6725996045659,143.804997792943));
#2873=CARTESIAN_POINT('Origin',(-6.66133814775093E-15,-12.9482826579757,
155.6766));
#2874=CARTESIAN_POINT('',(4.76249999999999,-14.8940355434978,154.043919471396));
#2875=CARTESIAN_POINT('Origin',(-6.66133814775093E-15,-14.894035543498,
154.043919471397));
#2876=CARTESIAN_POINT('',(4.76249999999999,-27.096307238085,143.804997792943));
#2877=CARTESIAN_POINT('',(4.76249999999999,-12.9482826579757,155.6766));
#2878=CARTESIAN_POINT('',(4.445,-28.1892546707528,145.119878107728));
#2879=CARTESIAN_POINT('Ctrl Pts',(4.76249999999999,-27.096307238085,143.804997792943));
#2880=CARTESIAN_POINT('Ctrl Pts',(4.76249999999999,-27.4556972108524,144.233302084131));
#2881=CARTESIAN_POINT('Ctrl Pts',(4.65829518756399,-27.8328219297781,144.695098108154));
#2882=CARTESIAN_POINT('Ctrl Pts',(4.44500000000001,-28.1892546707526,145.119878107728));
#2883=CARTESIAN_POINT('',(-4.445,-28.1892546707528,145.119878107728));
#2884=CARTESIAN_POINT('Origin',(-1.28100836436368E-14,-27.0902229552613,
143.810103112417));
#2885=CARTESIAN_POINT('',(-4.445,-25.9911912397699,142.500328117105));
#2886=CARTESIAN_POINT('Ctrl Pts',(-4.44499999999995,-25.9911912397698,142.500328117105));
#2887=CARTESIAN_POINT('Ctrl Pts',(-4.65829518756399,-26.3476239807444,142.925108116679));
#2888=CARTESIAN_POINT('Ctrl Pts',(-4.76250000000001,-26.7369172653175,143.376693501755));
#2889=CARTESIAN_POINT('Ctrl Pts',(-4.76250000000001,-27.096307238085,143.804997792943));
#2890=CARTESIAN_POINT('Ctrl Pts',(-4.76250000000001,-27.4556972108521,144.233302084131));
#2891=CARTESIAN_POINT('Ctrl Pts',(-4.65829518756422,-27.8328219297774,144.695098108153));
#2892=CARTESIAN_POINT('Ctrl Pts',(-4.44500000000061,-28.1892546707517,145.119878107727));
#2893=CARTESIAN_POINT('',(4.445,-25.9911912397701,142.500328117105));
#2894=CARTESIAN_POINT('Origin',(-1.28100836436368E-14,-27.0902229552613,
143.810103112417));
#2895=CARTESIAN_POINT('Ctrl Pts',(4.44500000000055,-25.9911912397709,142.500328117106));
#2896=CARTESIAN_POINT('Ctrl Pts',(4.65829518756418,-26.3476239807452,142.92510811668));
#2897=CARTESIAN_POINT('Ctrl Pts',(4.76249999999999,-26.7369172653178,143.376693501756));
#2898=CARTESIAN_POINT('Ctrl Pts',(4.76249999999999,-27.096307238085,143.804997792943));
#2899=CARTESIAN_POINT('Origin',(0.,-3.45671491430722E-14,162.0266));
#2900=CARTESIAN_POINT('',(-29.8369607369729,-6.22785468522927,142.079123734467));
#2901=CARTESIAN_POINT('',(-30.48,-1.01335585143971E-14,139.031763313613));
#2902=CARTESIAN_POINT('Origin',(6.9028383009595E-9,7.60053131543259E-10,
107.573694053511));
#2903=CARTESIAN_POINT('',(-28.3367543690223,-11.2275888698196,147.461541523518));
#2904=CARTESIAN_POINT('Ctrl Pts',(-28.3367543690223,-11.2275888698196,147.461541523518));
#2905=CARTESIAN_POINT('Ctrl Pts',(-28.497263257236,-10.8224884522594,147.385811024191));
#2906=CARTESIAN_POINT('Ctrl Pts',(-28.6427806011199,-10.4297511150553,147.23392512967));
#2907=CARTESIAN_POINT('Ctrl Pts',(-28.9051674560071,-9.67883596645543,146.816278983903));
#2908=CARTESIAN_POINT('Ctrl Pts',(-29.0220151277606,-9.32075100287303,146.550338099527));
#2909=CARTESIAN_POINT('Ctrl Pts',(-29.3326281329612,-8.31389019808695,145.638564383946));
#2910=CARTESIAN_POINT('Ctrl Pts',(-29.4862737981419,-7.73403689320042,144.87697431777));
#2911=CARTESIAN_POINT('Ctrl Pts',(-29.6952174313492,-6.88369600461566,143.499897829823));
#2912=CARTESIAN_POINT('Ctrl Pts',(-29.7733743304099,-6.53249010334961,142.808216264481));
#2913=CARTESIAN_POINT('Ctrl Pts',(-29.836960736973,-6.22785468522923,142.079123734467));
#2914=CARTESIAN_POINT('',(-23.8917543690223,-18.9265547094632,147.461541523518));
#2915=CARTESIAN_POINT('Origin',(-1.01484154413356E-9,-5.98097127380015E-10,
111.525232582722));
#2916=CARTESIAN_POINT('',(-20.311960736973,-22.7256386273229,142.079123734467));
#2917=CARTESIAN_POINT('Ctrl Pts',(-20.311960736973,-22.7256386273229,142.079123734467));
#2918=CARTESIAN_POINT('Ctrl Pts',(-20.5439895446762,-22.5182534748437,142.808216264481));
#2919=CARTESIAN_POINT('Ctrl Pts',(-20.8090643276012,-22.274964664143,143.499897829823));
#2920=CARTESIAN_POINT('Ctrl Pts',(-21.4410093223886,-21.6688437255342,144.87697431777));
#2921=CARTESIAN_POINT('Ctrl Pts',(-21.8663541822983,-21.245856023863,145.638564383946));
#2922=CARTESIAN_POINT('Ctrl Pts',(-22.5830147147176,-20.4734268682205,146.550338099527));
#2923=CARTESIAN_POINT('Ctrl Pts',(-22.8347015540165,-20.1931913343177,146.816278983903));
#2924=CARTESIAN_POINT('Ctrl Pts',(-23.3538197213469,-19.5905000780663,147.23392512967));
#2925=CARTESIAN_POINT('Ctrl Pts',(-23.6211815604384,-19.2681096929696,147.385811024191));
#2926=CARTESIAN_POINT('Ctrl Pts',(-23.8917543690223,-18.9265547094632,147.461541523518));
#2927=CARTESIAN_POINT('',(-15.24,-26.3964543073498,139.031763313613));
#2928=CARTESIAN_POINT('Origin',(-1.60103041935145E-10,-2.63047361670488E-10,
107.573694061401));
#2929=CARTESIAN_POINT('',(-9.525,-28.9534933125521,142.079123734467));
#2930=CARTESIAN_POINT('Origin',(3.3901104146139E-10,8.95350460439204E-10,
107.573694060014));
#2931=CARTESIAN_POINT('',(-4.445,-30.1541435792829,147.461541523518));
#2932=CARTESIAN_POINT('Ctrl Pts',(-4.445,-30.1541435792828,147.461541523518));
#2933=CARTESIAN_POINT('Ctrl Pts',(-4.87608169679761,-30.090598145229,147.385811024191));
#2934=CARTESIAN_POINT('Ctrl Pts',(-5.28896087977304,-30.0202511931216,147.23392512967));
#2935=CARTESIAN_POINT('Ctrl Pts',(-6.07046590199067,-29.8720273007731,146.816278983903));
#2936=CARTESIAN_POINT('Ctrl Pts',(-6.43900041304299,-29.7941778710935,146.550338099527));
#2937=CARTESIAN_POINT('Ctrl Pts',(-7.46627395066285,-29.55974622195,145.638564383946));
#2938=CARTESIAN_POINT('Ctrl Pts',(-8.04526447575331,-29.4028806187346,144.87697431777));
#2939=CARTESIAN_POINT('Ctrl Pts',(-8.886153103748,-29.1586606687587,143.499897829823));
#2940=CARTESIAN_POINT('Ctrl Pts',(-9.22938478573382,-29.0507435781933,142.808216264481));
#2941=CARTESIAN_POINT('Ctrl Pts',(-9.5250000000001,-28.9534933125521,142.079123734467));
#2942=CARTESIAN_POINT('',(4.445,-30.1541435792829,147.461541523518));
#2943=CARTESIAN_POINT('Origin',(4.45588010933307E-12,-9.15334474882457E-10,
111.525232582398));
#2944=CARTESIAN_POINT('',(9.525,-28.9534933125521,142.079123734467));
#2945=CARTESIAN_POINT('Ctrl Pts',(9.52500000000006,-28.9534933125521,142.079123734467));
#2946=CARTESIAN_POINT('Ctrl Pts',(9.22938478573378,-29.0507435781933,142.808216264481));
#2947=CARTESIAN_POINT('Ctrl Pts',(8.88615310374798,-29.1586606687587,143.499897829823));
#2948=CARTESIAN_POINT('Ctrl Pts',(8.0452644757533,-29.4028806187346,144.87697431777));
#2949=CARTESIAN_POINT('Ctrl Pts',(7.46627395066286,-29.55974622195,145.638564383946));
#2950=CARTESIAN_POINT('Ctrl Pts',(6.43900041304298,-29.7941778710935,146.550338099527));
#2951=CARTESIAN_POINT('Ctrl Pts',(6.07046590199064,-29.8720273007731,146.816278983903));
#2952=CARTESIAN_POINT('Ctrl Pts',(5.28896087977301,-30.0202511931216,147.23392512967));
#2953=CARTESIAN_POINT('Ctrl Pts',(4.87608169679761,-30.090598145229,147.385811024191));
#2954=CARTESIAN_POINT('Ctrl Pts',(4.445,-30.1541435792828,147.461541523518));
#2955=CARTESIAN_POINT('',(15.24,-26.3964543073498,139.031763313613));
#2956=CARTESIAN_POINT('Origin',(-9.39519573250891E-10,2.00094607549772E-9,
107.573694058692));
#2957=CARTESIAN_POINT('',(20.3119607369729,-22.7256386273229,142.079123734467));
#2958=CARTESIAN_POINT('Origin',(-1.4441958740008E-9,1.88657089950084E-9,
107.57369405847));
#2959=CARTESIAN_POINT('',(23.8917543690223,-18.9265547094633,147.461541523518));
#2960=CARTESIAN_POINT('Ctrl Pts',(23.8917543690223,-18.9265547094632,147.461541523518));
#2961=CARTESIAN_POINT('Ctrl Pts',(23.5745392800591,-19.3269881271664,147.372756337723));
#2962=CARTESIAN_POINT('Ctrl Pts',(23.2675275585793,-19.6940110879326,147.182312237956));
#2963=CARTESIAN_POINT('Ctrl Pts',(22.6774670192752,-20.3706750239157,146.662690291324));
#2964=CARTESIAN_POINT('Ctrl Pts',(22.39467952898,-20.6799097079961,146.332687050219));
#2965=CARTESIAN_POINT('Ctrl Pts',(21.5958167547371,-21.5232628265103,145.205933530962));
#2966=CARTESIAN_POINT('Ctrl Pts',(21.1321549894249,-21.9706239023727,144.271381407331));
#2967=CARTESIAN_POINT('Ctrl Pts',(20.6074782174287,-22.459097900155,142.954693348275));
#2968=CARTESIAN_POINT('Ctrl Pts',(20.4540012652915,-22.5986841473376,142.52545059009));
#2969=CARTESIAN_POINT('Ctrl Pts',(20.3119607369729,-22.7256386273229,142.079123734467));
#2970=CARTESIAN_POINT('',(28.3367543690223,-11.2275888698196,147.461541523518));
#2971=CARTESIAN_POINT('Origin',(1.05009334561146E-9,-6.02300431751246E-10,
111.525232582756));
#2972=CARTESIAN_POINT('',(29.8369607369729,-6.22785468522932,142.079123734467));
#2973=CARTESIAN_POINT('Ctrl Pts',(29.836960736973,-6.22785468522929,142.079123734467));
#2974=CARTESIAN_POINT('Ctrl Pts',(29.7733743304099,-6.53249010334966,142.808216264481));
#2975=CARTESIAN_POINT('Ctrl Pts',(29.6952174313491,-6.8836960046157,143.499897829823));
#2976=CARTESIAN_POINT('Ctrl Pts',(29.4862737981419,-7.73403689320045,144.87697431777));
#2977=CARTESIAN_POINT('Ctrl Pts',(29.3326281329612,-8.31389019808698,145.638564383946));
#2978=CARTESIAN_POINT('Ctrl Pts',(29.0220151277606,-9.32075100287306,146.550338099527));
#2979=CARTESIAN_POINT('Ctrl Pts',(28.9051674560071,-9.67883596645548,146.816278983903));
#2980=CARTESIAN_POINT('Ctrl Pts',(28.6427806011199,-10.4297511150553,147.23392512967));
#2981=CARTESIAN_POINT('Ctrl Pts',(28.497263257236,-10.8224884522595,147.385811024191));
#2982=CARTESIAN_POINT('Ctrl Pts',(28.3367543690223,-11.2275888698196,147.461541523518));
#2983=CARTESIAN_POINT('',(30.48,-3.71166046991067E-14,139.031763313613));
#2984=CARTESIAN_POINT('Origin',(-2.24552820782264E-9,2.20990524029776E-10,
107.573694058638));
#2985=CARTESIAN_POINT('',(30.48,-3.66078926973446E-14,154.4066));
#2986=CARTESIAN_POINT('',(30.48,-3.82998725868733E-14,162.0266));
#2987=CARTESIAN_POINT('Origin',(0.,-3.28751692535434E-14,154.4066));
#2988=CARTESIAN_POINT('',(29.8369607369729,6.22785468522922,142.079123734467));
#2989=CARTESIAN_POINT('Origin',(-6.3377170178569E-9,-7.11248837603762E-10,
107.573694054128));
#2990=CARTESIAN_POINT('',(28.3367543690223,11.2275888698195,147.461541523518));
#2991=CARTESIAN_POINT('Ctrl Pts',(28.3367543690223,11.2275888698195,147.461541523518));
#2992=CARTESIAN_POINT('Ctrl Pts',(28.497263257236,10.8224884522594,147.385811024191));
#2993=CARTESIAN_POINT('Ctrl Pts',(28.6427806011199,10.4297511150552,147.23392512967));
#2994=CARTESIAN_POINT('Ctrl Pts',(28.9051674560071,9.67883596645537,146.816278983903));
#2995=CARTESIAN_POINT('Ctrl Pts',(29.0220151277606,9.32075100287297,146.550338099527));
#2996=CARTESIAN_POINT('Ctrl Pts',(29.3326281329612,8.3138901980869,145.638564383946));
#2997=CARTESIAN_POINT('Ctrl Pts',(29.4862737981419,7.73403689320038,144.87697431777));
#2998=CARTESIAN_POINT('Ctrl Pts',(29.6952174313492,6.88369600461562,143.499897829823));
#2999=CARTESIAN_POINT('Ctrl Pts',(29.7733743304099,6.53249010334956,142.808216264481));
#3000=CARTESIAN_POINT('Ctrl Pts',(29.836960736973,6.22785468522918,142.079123734467));
#3001=CARTESIAN_POINT('',(23.8917543690223,18.9265547094632,147.461541523518));
#3002=CARTESIAN_POINT('Origin',(1.44231293575103E-10,9.35052035799799E-11,
111.525232581518));
#3003=CARTESIAN_POINT('',(20.311960736973,22.7256386273228,142.079123734467));
#3004=CARTESIAN_POINT('Ctrl Pts',(20.3119607369729,22.7256386273228,142.079123734467));
#3005=CARTESIAN_POINT('Ctrl Pts',(20.5439895446762,22.5182534748437,142.808216264481));
#3006=CARTESIAN_POINT('Ctrl Pts',(20.8090643276012,22.274964664143,143.499897829823));
#3007=CARTESIAN_POINT('Ctrl Pts',(21.4410093223886,21.6688437255341,144.87697431777));
#3008=CARTESIAN_POINT('Ctrl Pts',(21.8663541822983,21.245856023863,145.638564383946));
#3009=CARTESIAN_POINT('Ctrl Pts',(22.5830147147176,20.4734268682204,146.550338099527));
#3010=CARTESIAN_POINT('Ctrl Pts',(22.8347015540165,20.1931913343176,146.816278983903));
#3011=CARTESIAN_POINT('Ctrl Pts',(23.3538197213469,19.5905000780663,147.23392512967));
#3012=CARTESIAN_POINT('Ctrl Pts',(23.6211815604384,19.2681096929695,147.385811024191));
#3013=CARTESIAN_POINT('Ctrl Pts',(23.8917543690223,18.9265547094632,147.461541523518));
#3014=CARTESIAN_POINT('',(15.24,26.3964543073496,139.031763313613));
#3015=CARTESIAN_POINT('Origin',(1.46930911881782E-9,1.95646610023914E-9,
107.573694063771));
#3016=CARTESIAN_POINT('',(9.525,28.9534933125521,142.079123734467));
#3017=CARTESIAN_POINT('Origin',(-9.74210712101353E-10,-2.19595008843498E-9,
107.573694058473));
#3018=CARTESIAN_POINT('',(4.445,30.1541435792826,147.461541523518));
#3019=CARTESIAN_POINT('Ctrl Pts',(4.445,30.1541435792827,147.461541523518));
#3020=CARTESIAN_POINT('Ctrl Pts',(4.87608169679761,30.090598145229,147.385811024191));
#3021=CARTESIAN_POINT('Ctrl Pts',(5.28896087977303,30.0202511931215,147.23392512967));
#3022=CARTESIAN_POINT('Ctrl Pts',(6.07046590199066,29.8720273007731,146.816278983903));
#3023=CARTESIAN_POINT('Ctrl Pts',(6.43900041304299,29.7941778710934,146.550338099527));
#3024=CARTESIAN_POINT('Ctrl Pts',(7.46627395066285,29.5597462219499,145.638564383946));
#3025=CARTESIAN_POINT('Ctrl Pts',(8.04526447575331,29.4028806187345,144.87697431777));
#3026=CARTESIAN_POINT('Ctrl Pts',(8.88615310374798,29.1586606687586,143.499897829823));
#3027=CARTESIAN_POINT('Ctrl Pts',(9.22938478573377,29.0507435781933,142.808216264481));
#3028=CARTESIAN_POINT('Ctrl Pts',(9.52500000000006,28.9534933125521,142.079123734467));
#3029=CARTESIAN_POINT('',(-4.445,30.1541435792829,147.461541523518));
#3030=CARTESIAN_POINT('Origin',(-1.32294175614334E-11,2.10285566737412E-9,
111.525232583821));
#3031=CARTESIAN_POINT('',(-9.525,28.9534933125521,142.079123734467));
#3032=CARTESIAN_POINT('Ctrl Pts',(-9.52500000000004,28.9534933125521,142.079123734467));
#3033=CARTESIAN_POINT('Ctrl Pts',(-9.22938478573376,29.0507435781933,142.808216264481));
#3034=CARTESIAN_POINT('Ctrl Pts',(-8.88615310374797,29.1586606687586,143.499897829823));
#3035=CARTESIAN_POINT('Ctrl Pts',(-8.0452644757533,29.4028806187345,144.87697431777));
#3036=CARTESIAN_POINT('Ctrl Pts',(-7.46627395066286,29.5597462219499,145.638564383946));
#3037=CARTESIAN_POINT('Ctrl Pts',(-6.43900041304299,29.7941778710934,146.550338099527));
#3038=CARTESIAN_POINT('Ctrl Pts',(-6.07046590199064,29.8720273007731,146.816278983903));
#3039=CARTESIAN_POINT('Ctrl Pts',(-5.28896087977301,30.0202511931215,147.23392512967));
#3040=CARTESIAN_POINT('Ctrl Pts',(-4.87608169679761,30.090598145229,147.385811024191));
#3041=CARTESIAN_POINT('Ctrl Pts',(-4.445,30.1541435792827,147.461541523518));
#3042=CARTESIAN_POINT('',(-15.24,26.3964543073498,139.031763313613));
#3043=CARTESIAN_POINT('Origin',(1.16380238779357E-9,-2.67784905361168E-9,
107.573694057881));
#3044=CARTESIAN_POINT('',(-20.3119607369729,22.7256386273229,142.079123734467));
#3045=CARTESIAN_POINT('Origin',(1.04607433826231E-9,-1.44352529929392E-9,
107.573694059137));
#3046=CARTESIAN_POINT('',(-23.8917543690223,18.9265547094632,147.461541523518));
#3047=CARTESIAN_POINT('Ctrl Pts',(-23.8917543690223,18.9265547094632,147.461541523518));
#3048=CARTESIAN_POINT('Ctrl Pts',(-23.5745392800591,19.3269881271664,147.372756337723));
#3049=CARTESIAN_POINT('Ctrl Pts',(-23.2675275585793,19.6940110879325,147.182312237956));
#3050=CARTESIAN_POINT('Ctrl Pts',(-22.6774670192752,20.3706750239157,146.662690291324));
#3051=CARTESIAN_POINT('Ctrl Pts',(-22.39467952898,20.679909707996,146.332687050219));
#3052=CARTESIAN_POINT('Ctrl Pts',(-21.5958167547371,21.5232628265102,145.205933530962));
#3053=CARTESIAN_POINT('Ctrl Pts',(-21.1321549894249,21.9706239023727,144.271381407331));
#3054=CARTESIAN_POINT('Ctrl Pts',(-20.6074782174287,22.459097900155,142.954693348275));
#3055=CARTESIAN_POINT('Ctrl Pts',(-20.4540012652915,22.5986841473376,142.52545059009));
#3056=CARTESIAN_POINT('Ctrl Pts',(-20.3119607369729,22.7256386273228,142.079123734467));
#3057=CARTESIAN_POINT('',(-28.3367543690223,11.2275888698195,147.461541523518));
#3058=CARTESIAN_POINT('Origin',(-1.08750342064923E-9,6.26230178824017E-10,
111.525232582811));
#3059=CARTESIAN_POINT('',(-29.8369607369729,6.22785468522924,142.079123734467));
#3060=CARTESIAN_POINT('Ctrl Pts',(-29.836960736973,6.22785468522922,142.079123734467));
#3061=CARTESIAN_POINT('Ctrl Pts',(-29.7980351963408,6.41434263111267,142.52545059009));
#3062=CARTESIAN_POINT('Ctrl Pts',(-29.7538884363303,6.61705069415021,142.954693348275));
#3063=CARTESIAN_POINT('Ctrl Pts',(-29.5931959311608,7.31567110636572,144.271381407331));
#3064=CARTESIAN_POINT('Ctrl Pts',(-29.4376007574557,7.94089451182084,145.205933530962));
#3065=CARTESIAN_POINT('Ctrl Pts',(-29.106666919583,9.05440652770997,146.332687050219));
#3066=CARTESIAN_POINT('Ctrl Pts',(-28.9802555725858,9.4539250202182,146.662690291324));
#3067=CARTESIAN_POINT('Ctrl Pts',(-28.6892776838516,10.3032644050179,147.182312237956));
#3068=CARTESIAN_POINT('Ctrl Pts',(-28.5249323367959,10.7526558354621,147.372756337723));
#3069=CARTESIAN_POINT('Ctrl Pts',(-28.3367543690223,11.2275888698195,147.461541523518));
#3070=CARTESIAN_POINT('Origin',(4.73187267147068E-9,-5.01329119881955E-10,
107.573694055911));
#3071=CARTESIAN_POINT('Origin',(0.,-3.37211591983077E-14,158.2166));
#3072=CARTESIAN_POINT('',(22.86,-3.73666917259229E-14,162.0266));
#3073=CARTESIAN_POINT('',(26.67,-3.69872922116337E-14,158.2166));
#3074=CARTESIAN_POINT('Origin',(0.,-3.45671491430722E-14,162.0266));
#3075=CARTESIAN_POINT('Origin',(-11.2135417171885,-6.47414132898789,155.6766));
#3076=CARTESIAN_POINT('',(-9.8003382170753,-1.42915148028568,152.048558414189));
#3077=CARTESIAN_POINT('Ctrl Pts',(-15.5851973917226,-3.58663490136704,159.304641585812));
#3078=CARTESIAN_POINT('Ctrl Pts',(-15.5388359197247,-3.3671768751142,159.192142296776));
#3079=CARTESIAN_POINT('Ctrl Pts',(-15.4815717037146,-3.1555787608986,159.07372222808));
#3080=CARTESIAN_POINT('Ctrl Pts',(-15.1500343366144,-2.14914633471984,158.459943895416));
#3081=CARTESIAN_POINT('Ctrl Pts',(-14.7014188559274,-1.42123170839539,157.838989694485));
#3082=CARTESIAN_POINT('Ctrl Pts',(-13.5950590955967,-0.423996162256006,
156.445939563949));
#3083=CARTESIAN_POINT('Ctrl Pts',(-12.9409976015599,-0.157286689715055,
155.669057094132));
#3084=CARTESIAN_POINT('Ctrl Pts',(-12.311669932111,-0.149637753448984,154.918998188769));
#3085=CARTESIAN_POINT('Ctrl Pts',(-11.8988793810571,-0.144620639520063,
154.42701723211));
#3086=CARTESIAN_POINT('Ctrl Pts',(-11.4551128473619,-0.251130734785863,
153.89743508408));
#3087=CARTESIAN_POINT('Ctrl Pts',(-10.6031464854798,-0.691827065085022,
152.905458827515));
#3088=CARTESIAN_POINT('Ctrl Pts',(-10.193230016974,-1.02475059891063,152.443979455109));
#3089=CARTESIAN_POINT('Ctrl Pts',(-9.81799434803801,-1.41083964506045,152.066250233789));
#3090=CARTESIAN_POINT('Ctrl Pts',(-9.8091711251302,-1.41996635453207,152.057395319129));
#3091=CARTESIAN_POINT('Ctrl Pts',(-9.80033821707527,-1.4291514802857,152.048558414189));
#3092=CARTESIAN_POINT('',(-7.23879782200383,-11.5116702898515,156.4514788945));
#3093=CARTESIAN_POINT('Ctrl Pts',(-10.8987156345322,-11.7038594135475,159.304641585805));
#3094=CARTESIAN_POINT('Ctrl Pts',(-10.6854786727382,-11.7734382141649,159.192142296771));
#3095=CARTESIAN_POINT('Ctrl Pts',(-10.4735972224339,-11.8296450054788,159.073722228077));
#3096=CARTESIAN_POINT('Ctrl Pts',(-9.43623249062478,-12.0457414363547,158.459943895416));
#3097=CARTESIAN_POINT('Ctrl Pts',(-8.58153219209804,-12.021186346711,157.838989694485));
#3098=CARTESIAN_POINT('Ctrl Pts',(-7.6457999677275,-11.7176979964128,156.918950453997));
#3099=CARTESIAN_POINT('Ctrl Pts',(-7.43290752323493,-11.6237395781088,156.687684999727));
#3100=CARTESIAN_POINT('Ctrl Pts',(-7.23879782200741,-11.5116702898535,156.451478894504));
#3101=CARTESIAN_POINT('',(-9.72361314553746,-12.9462790857801,154.043919471396));
#3102=CARTESIAN_POINT('',(-8.03854171718846,-11.9734026430191,155.6766));
#3103=CARTESIAN_POINT('Origin',(-12.8986131455376,-7.447017771749,154.043919471397));
#3104=CARTESIAN_POINT('',(-6.13785059632117,-7.77276612152389,152.048558414189));
#3105=CARTESIAN_POINT('Ctrl Pts',(-7.23879782200742,-11.5116702898535,156.451478894504));
#3106=CARTESIAN_POINT('Ctrl Pts',(-6.82801402069044,-11.2745041515861,155.95160876342));
#3107=CARTESIAN_POINT('Ctrl Pts',(-6.50361207933133,-10.9549222462116,155.428363964828));
#3108=CARTESIAN_POINT('Ctrl Pts',(-6.07468483826444,-10.2324215008023,154.42701723211));
#3109=CARTESIAN_POINT('Ctrl Pts',(-5.94504201967652,-9.79485336163999,153.89743508408));
#3110=CARTESIAN_POINT('Ctrl Pts',(-5.90071305612915,-8.83668068393076,152.905458827515));
#3111=CARTESIAN_POINT('Ctrl Pts',(-5.98407505968688,-8.31522084186229,152.443979455109));
#3112=CARTESIAN_POINT('Ctrl Pts',(-6.13082014730755,-7.79721269708278,152.066250233789));
#3113=CARTESIAN_POINT('Ctrl Pts',(-6.13431249810903,-7.78500820716555,152.057395319129));
#3114=CARTESIAN_POINT('Ctrl Pts',(-6.13785059632116,-7.77276612152387,152.048558414189));
#3115=CARTESIAN_POINT('Ctrl Pts',(-6.13785059632119,-7.77276612152388,152.048558414189));
#3116=CARTESIAN_POINT('Ctrl Pts',(-6.18802625446571,-7.73314435902027,151.973971545563));
#3117=CARTESIAN_POINT('Ctrl Pts',(-6.23876045946397,-7.69229225090373,151.900253047335));
#3118=CARTESIAN_POINT('Ctrl Pts',(-6.61368242349597,-7.38403507673471,151.368427714387));
#3119=CARTESIAN_POINT('Ctrl Pts',(-6.9558088539312,-7.0665851611969,150.956154447357));
#3120=CARTESIAN_POINT('Ctrl Pts',(-7.49179939729542,-6.48523996507387,150.44375422552));
#3121=CARTESIAN_POINT('Ctrl Pts',(-7.7244218193562,-6.21006822649322,150.257821495091));
#3122=CARTESIAN_POINT('Ctrl Pts',(-8.17477431321275,-5.60399012907553,150.006019273146));
#3123=CARTESIAN_POINT('Ctrl Pts',(-8.39222718432797,-5.27222473093434,149.941724949919));
#3124=CARTESIAN_POINT('Ctrl Pts',(-8.76194950135445,-4.63184689315239,149.941724949919));
#3125=CARTESIAN_POINT('Ctrl Pts',(-8.94050464772767,-4.27772802615808,150.005988203624));
#3126=CARTESIAN_POINT('Ctrl Pts',(-9.2401624489446,-3.58482603792677,150.257679827115));
#3127=CARTESIAN_POINT('Ctrl Pts',(-9.36214694194796,-3.24585370492938,150.443534137107));
#3128=CARTESIAN_POINT('Ctrl Pts',(-9.5975909473676,-2.49118919566665,150.955700526418));
#3129=CARTESIAN_POINT('Ctrl Pts',(-9.7014556922778,-2.03628507275194,151.367777474402));
#3130=CARTESIAN_POINT('Ctrl Pts',(-9.78102185224685,-1.55728597287426,151.899672320974));
#3131=CARTESIAN_POINT('Ctrl Pts',(-9.79107630000829,-1.49266463550212,151.973678123535));
#3132=CARTESIAN_POINT('Ctrl Pts',(-9.80033821707529,-1.4291514802857,152.048558414189));
#3133=CARTESIAN_POINT('Origin',(-6.66133814775093E-15,-12.9482826579757,
155.6766));
#3134=CARTESIAN_POINT('',(-3.66248762075415,-9.20191760180955,152.048558414189));
#3135=CARTESIAN_POINT('Ctrl Pts',(-4.68648175717759,-15.2904943149103,159.304641585812));
#3136=CARTESIAN_POINT('Ctrl Pts',(-4.85335724697799,-15.1406150892768,159.192142296776));
#3137=CARTESIAN_POINT('Ctrl Pts',(-5.00797448127653,-14.9852237663765,159.07372222808));
#3138=CARTESIAN_POINT('Ctrl Pts',(-5.71380184598965,-14.1948877710745,158.459943895416));
#3139=CARTESIAN_POINT('Ctrl Pts',(-6.11988666382937,-13.4424180551064,157.838989694485));
#3140=CARTESIAN_POINT('Ctrl Pts',(-6.43033810017759,-11.9856646238655,156.445939563949));
#3141=CARTESIAN_POINT('Ctrl Pts',(-6.33428453180959,-11.2858760181219,155.669057094132));
#3142=CARTESIAN_POINT('Ctrl Pts',(-6.02624487020346,-10.7370378009416,154.918998188769));
#3143=CARTESIAN_POINT('Ctrl Pts',(-5.82419454279265,-10.3770421403223,154.42701723211));
#3144=CARTESIAN_POINT('Ctrl Pts',(-5.51007082768536,-10.0459840964258,153.89743508408));
#3145=CARTESIAN_POINT('Ctrl Pts',(-4.70243342935067,-9.52850774901573,152.905458827515));
#3146=CARTESIAN_POINT('Ctrl Pts',(-4.20915495728709,-9.33997144077288,152.443979455109));
#3147=CARTESIAN_POINT('Ctrl Pts',(-3.68717420073047,-9.20805234214319,152.066250233789));
#3148=CARTESIAN_POINT('Ctrl Pts',(-3.67485862702118,-9.20497456169759,152.057395319129));
#3149=CARTESIAN_POINT('Ctrl Pts',(-3.66248762075413,-9.20191760180954,152.048558414189));
#3150=CARTESIAN_POINT('',(6.34999999999999,-12.0248179516405,156.4514788945));
#3151=CARTESIAN_POINT('Ctrl Pts',(4.6864817571876,-15.2904943149013,159.304641585805));
#3152=CARTESIAN_POINT('Ctrl Pts',(4.85335724698417,-15.1406150892706,159.192142296771));
#3153=CARTESIAN_POINT('Ctrl Pts',(5.00797448127933,-14.9852237663733,159.073722228077));
#3154=CARTESIAN_POINT('Ctrl Pts',(5.71380184598963,-14.1948877710746,158.459943895416));
#3155=CARTESIAN_POINT('Ctrl Pts',(6.11988666382934,-13.4424180551064,157.838989694485));
#3156=CARTESIAN_POINT('Ctrl Pts',(6.32492415490375,-12.4803060025127,156.918950453997));
#3157=CARTESIAN_POINT('Ctrl Pts',(6.34999999999933,-12.2489565281563,156.687684999727));
#3158=CARTESIAN_POINT('Ctrl Pts',(6.35,-12.0248179516447,156.451478894505));
#3159=CARTESIAN_POINT('',(6.34999999999999,-14.8940355434978,154.043919471396));
#3160=CARTESIAN_POINT('',(6.34999999999999,-12.9482826579757,155.6766));
#3161=CARTESIAN_POINT('Origin',(-9.99200722162641E-15,-14.894035543498,
154.043919471397));
#3162=CARTESIAN_POINT('',(3.66248762075413,-9.20191760180955,152.048558414189));
#3163=CARTESIAN_POINT('Ctrl Pts',(6.34999999999999,-12.0248179516447,156.451478894505));
#3164=CARTESIAN_POINT('Ctrl Pts',(6.35000000000139,-11.5504856751073,155.95160876342));
#3165=CARTESIAN_POINT('Ctrl Pts',(6.23543492203684,-11.1097544001661,155.428363964828));
#3166=CARTESIAN_POINT('Ctrl Pts',(5.82419454279264,-10.3770421403223,154.42701723211));
#3167=CARTESIAN_POINT('Ctrl Pts',(5.51007082768535,-10.0459840964258,153.89743508408));
#3168=CARTESIAN_POINT('Ctrl Pts',(4.70243342935068,-9.52850774901575,152.905458827515));
#3169=CARTESIAN_POINT('Ctrl Pts',(4.20915495728709,-9.33997144077288,152.443979455109));
#3170=CARTESIAN_POINT('Ctrl Pts',(3.68717420073046,-9.2080523421432,152.066250233789));
#3171=CARTESIAN_POINT('Ctrl Pts',(3.67485862702117,-9.20497456169759,152.057395319129));
#3172=CARTESIAN_POINT('Ctrl Pts',(3.66248762075411,-9.20191760180954,152.048558414189));
#3173=CARTESIAN_POINT('Ctrl Pts',(3.66248762075411,-9.20191760180957,152.048558414189));
#3174=CARTESIAN_POINT('Ctrl Pts',(3.60285265632868,-9.22565312395001,151.973678123535));
#3175=CARTESIAN_POINT('Ctrl Pts',(3.54186171265717,-9.24925638545364,151.899672320974));
#3176=CARTESIAN_POINT('Ctrl Pts',(3.0872532437887,-9.41984961957771,151.367777474402));
#3177=CARTESIAN_POINT('Ctrl Pts',(2.64136234460318,-9.55735217338524,150.955700526418));
#3178=CARTESIAN_POINT('Ctrl Pts',(1.87008170553732,-9.73078393815443,150.443534137107));
#3179=CARTESIAN_POINT('Ctrl Pts',(1.51553080747983,-9.79462843484445,150.257679827115));
#3180=CARTESIAN_POINT('Ctrl Pts',(0.765631182730307,-9.88156816066406,150.005988203624));
#3181=CARTESIAN_POINT('Ctrl Pts',(0.369677674767256,-9.90399430142556,149.941724949919));
#3182=CARTESIAN_POINT('Ctrl Pts',(-0.369677674767261,-9.90399430142556,
149.941724949919));
#3183=CARTESIAN_POINT('Ctrl Pts',(-0.765631182730312,-9.88156816066406,
150.005988203624));
#3184=CARTESIAN_POINT('Ctrl Pts',(-1.51553080747983,-9.79462843484445,150.257679827115));
#3185=CARTESIAN_POINT('Ctrl Pts',(-1.87008170553732,-9.73078393815443,150.443534137107));
#3186=CARTESIAN_POINT('Ctrl Pts',(-2.64136234460319,-9.55735217338524,150.955700526418));
#3187=CARTESIAN_POINT('Ctrl Pts',(-3.08725324378871,-9.41984961957771,151.367777474402));
#3188=CARTESIAN_POINT('Ctrl Pts',(-3.54186171265718,-9.24925638545364,151.899672320974));
#3189=CARTESIAN_POINT('Ctrl Pts',(-3.60285265632869,-9.22565312395,151.973678123535));
#3190=CARTESIAN_POINT('Ctrl Pts',(-3.66248762075412,-9.20191760180956,152.048558414189));
#3191=CARTESIAN_POINT('Origin',(11.2135417171885,-6.47414132898791,155.6766));
#3192=CARTESIAN_POINT('',(6.13785059632114,-7.77276612152392,152.048558414189));
#3193=CARTESIAN_POINT('Ctrl Pts',(10.898715634545,-11.7038594135433,159.304641585812));
#3194=CARTESIAN_POINT('Ctrl Pts',(10.6854786727467,-11.7734382141627,159.192142296776));
#3195=CARTESIAN_POINT('Ctrl Pts',(10.4735972224381,-11.8296450054779,159.07372222808));
#3196=CARTESIAN_POINT('Ctrl Pts',(9.43623249062476,-12.0457414363547,158.459943895416));
#3197=CARTESIAN_POINT('Ctrl Pts',(8.58153219209802,-12.021186346711,157.838989694485));
#3198=CARTESIAN_POINT('Ctrl Pts',(7.16472099541914,-11.5616684616095,156.445939563949));
#3199=CARTESIAN_POINT('Ctrl Pts',(6.60671306975032,-11.1285893284069,155.669057094132));
#3200=CARTESIAN_POINT('Ctrl Pts',(6.2854250619075,-10.5874000474927,154.918998188769));
#3201=CARTESIAN_POINT('Ctrl Pts',(6.07468483826444,-10.2324215008023,154.42701723211));
#3202=CARTESIAN_POINT('Ctrl Pts',(5.94504201967651,-9.79485336163999,153.89743508408));
#3203=CARTESIAN_POINT('Ctrl Pts',(5.90071305612914,-8.83668068393076,152.905458827515));
#3204=CARTESIAN_POINT('Ctrl Pts',(5.98407505968688,-8.31522084186229,152.443979455109));
#3205=CARTESIAN_POINT('Ctrl Pts',(6.13082014730755,-7.79721269708279,152.066250233789));
#3206=CARTESIAN_POINT('Ctrl Pts',(6.13431249810902,-7.78500820716556,152.057395319129));
#3207=CARTESIAN_POINT('Ctrl Pts',(6.13785059632115,-7.77276612152389,152.048558414189));
#3208=CARTESIAN_POINT('',(13.5887978220038,-0.513147661789123,156.4514788945));
#3209=CARTESIAN_POINT('Ctrl Pts',(15.5851973917198,-3.58663490135387,159.304641585805));
#3210=CARTESIAN_POINT('Ctrl Pts',(15.5388359197224,-3.36717687510573,159.192142296771));
#3211=CARTESIAN_POINT('Ctrl Pts',(15.4815717037133,-3.15557876089458,159.073722228077));
#3212=CARTESIAN_POINT('Ctrl Pts',(15.1500343366144,-2.14914633471987,158.459943895416));
#3213=CARTESIAN_POINT('Ctrl Pts',(14.7014188559274,-1.42123170839541,157.838989694485));
#3214=CARTESIAN_POINT('Ctrl Pts',(13.9707241226313,-0.762608006099911,156.918950453997));
#3215=CARTESIAN_POINT('Ctrl Pts',(13.7829075232343,-0.625216950047598,156.687684999727));
#3216=CARTESIAN_POINT('Ctrl Pts',(13.5887978220074,-0.513147661791187,156.451478894504));
#3217=CARTESIAN_POINT('',(16.0736131455374,-1.94775645771776,154.043919471396));
#3218=CARTESIAN_POINT('',(14.3885417171885,-0.97488001495673,155.6766));
#3219=CARTESIAN_POINT('Origin',(12.8986131455376,-7.44701777174902,154.043919471397));
#3220=CARTESIAN_POINT('',(9.8003382170753,-1.42915148028569,152.048558414189));
#3221=CARTESIAN_POINT('Ctrl Pts',(13.5887978220074,-0.513147661791191,156.451478894505));
#3222=CARTESIAN_POINT('Ctrl Pts',(13.1780140206918,-0.275981523521283,155.95160876342));
#3223=CARTESIAN_POINT('Ctrl Pts',(12.7390470013682,-0.154832153954537,155.428363964828));
#3224=CARTESIAN_POINT('Ctrl Pts',(11.8988793810571,-0.144620639520088,154.42701723211));
#3225=CARTESIAN_POINT('Ctrl Pts',(11.4551128473619,-0.251130734785885,153.89743508408));
#3226=CARTESIAN_POINT('Ctrl Pts',(10.6031464854798,-0.691827065085044,152.905458827515));
#3227=CARTESIAN_POINT('Ctrl Pts',(10.193230016974,-1.02475059891065,152.443979455109));
#3228=CARTESIAN_POINT('Ctrl Pts',(9.81799434803802,-1.41083964506046,152.066250233789));
#3229=CARTESIAN_POINT('Ctrl Pts',(9.80917112513021,-1.41996635453208,152.057395319129));
#3230=CARTESIAN_POINT('Ctrl Pts',(9.80033821707528,-1.4291514802857,152.048558414189));
#3231=CARTESIAN_POINT('Ctrl Pts',(9.80033821707529,-1.42915148028575,152.048558414189));
#3232=CARTESIAN_POINT('Ctrl Pts',(9.79107630000828,-1.49266463550217,151.973678123535));
#3233=CARTESIAN_POINT('Ctrl Pts',(9.78102185224684,-1.55728597287429,151.899672320974));
#3234=CARTESIAN_POINT('Ctrl Pts',(9.7014556922778,-2.03628507275197,151.367777474402));
#3235=CARTESIAN_POINT('Ctrl Pts',(9.59759094736759,-2.49118919566667,150.955700526418));
#3236=CARTESIAN_POINT('Ctrl Pts',(9.36214694194795,-3.2458537049294,150.443534137107));
#3237=CARTESIAN_POINT('Ctrl Pts',(9.24016244894459,-3.58482603792679,150.257679827115));
#3238=CARTESIAN_POINT('Ctrl Pts',(8.94050464772766,-4.27772802615809,150.005988203624));
#3239=CARTESIAN_POINT('Ctrl Pts',(8.76194950135444,-4.63184689315241,149.941724949919));
#3240=CARTESIAN_POINT('Ctrl Pts',(8.39227182658718,-5.27214740827322,149.941724949919));
#3241=CARTESIAN_POINT('Ctrl Pts',(8.17487346499735,-5.60384013450603,150.005988203624));
#3242=CARTESIAN_POINT('Ctrl Pts',(7.72463164146476,-6.20980239691773,150.257679827115));
#3243=CARTESIAN_POINT('Ctrl Pts',(7.49206523641062,-6.4849302332251,150.443534137107));
#3244=CARTESIAN_POINT('Ctrl Pts',(6.9562286027644,-7.06616297771863,150.955700526418));
#3245=CARTESIAN_POINT('Ctrl Pts',(6.61420244848908,-7.38356454682582,151.367777474402));
#3246=CARTESIAN_POINT('Ctrl Pts',(6.23916013958965,-7.69197041257943,151.899672320974));
#3247=CARTESIAN_POINT('Ctrl Pts',(6.1882236436796,-7.7329884884479,151.973678123535));
#3248=CARTESIAN_POINT('Ctrl Pts',(6.13785059632118,-7.77276612152389,152.048558414189));
#3249=CARTESIAN_POINT('Origin',(-9.09667119001079E-16,-3.17471826605242E-14,
149.3266));
#3250=CARTESIAN_POINT('',(-6.13785059632117,-7.7727661215239,149.3266));
#3251=CARTESIAN_POINT('Origin',(-9.09667119001079E-16,-3.17471826605242E-14,
149.3266));
#3252=CARTESIAN_POINT('',(-6.13785059632117,-7.7727661215239,149.3266));
#3253=CARTESIAN_POINT('Origin',(-9.09667119001079E-16,-3.2351578841225E-14,
152.048558414189));
#3254=CARTESIAN_POINT('Origin',(-9.09667119001079E-16,-3.2351578841225E-14,
152.048558414189));
#3255=CARTESIAN_POINT('Origin',(-9.09667119001079E-16,-3.2351578841225E-14,
152.048558414189));
#3256=CARTESIAN_POINT('Origin',(-9.09667119001079E-16,-3.2351578841225E-14,
152.048558414189));
#3257=CARTESIAN_POINT('Origin',(-9.09667119001079E-16,-3.2351578841225E-14,
152.048558414189));
#3258=CARTESIAN_POINT('Origin',(-9.09667119001079E-16,-3.2351578841225E-14,
152.048558414189));
#3259=CARTESIAN_POINT('Origin',(0.,-31.75,162.0266));
#3260=CARTESIAN_POINT('Origin',(-19.8013740763074,16.5649725463763,131.953847168824));
#3261=CARTESIAN_POINT('',(-16.848535666702,20.7260292306838,137.313040370007));
#3262=CARTESIAN_POINT('',(-14.7337669337837,19.5050669334596,134.402867961729));
#3263=CARTESIAN_POINT('',(-17.7034642383529,15.3537437366977,138.945720898611));
#3264=CARTESIAN_POINT('Origin',(-21.9161428092256,17.7859348436005,134.864019577102));
#3265=CARTESIAN_POINT('',(-15.5886955054346,14.1327814394735,136.035548490333));
#3266=CARTESIAN_POINT('',(-15.5886955054346,14.1327814394735,136.035548490333));
#3267=CARTESIAN_POINT('Origin',(-16.4977839420936,9.525,130.2766));
#3268=CARTESIAN_POINT('',(-9.66711612379512,16.7439362890815,127.528340287762));
#3269=CARTESIAN_POINT('',(-19.3342322475903,-1.38618761553214E-14,127.528340287762));
#3270=CARTESIAN_POINT('',(-26.373535666702,4.2282452885902,137.313040370007));
#3271=CARTESIAN_POINT('',(-24.2587669337838,3.00728299136603,134.402867961729));
#3272=CARTESIAN_POINT('',(-21.611035666702,12.477137259637,137.313040370007));
#3273=CARTESIAN_POINT('Origin',(-4.445,25.430979253109,131.953847168824));
#3274=CARTESIAN_POINT('',(-4.445,20.5665970393035,136.035548490333));
#3275=CARTESIAN_POINT('',(-4.445,23.0085216337518,138.945720898611));
#3276=CARTESIAN_POINT('',(-4.445,20.5665970393035,136.035548490333));
#3277=CARTESIAN_POINT('',(-9.525,24.954274519274,137.313040370007));
#3278=CARTESIAN_POINT('Origin',(-4.445,27.8729038475573,134.864019577102));
#3279=CARTESIAN_POINT('',(-9.525,22.5123499248256,134.402867961729));
#3280=CARTESIAN_POINT('Origin',(-6.35,24.0289469641292,140.161816452062));
#3281=CARTESIAN_POINT('',(4.445,20.5665970393035,136.035548490333));
#3282=CARTESIAN_POINT('Origin',(4.445,25.430979253109,131.953847168824));
#3283=CARTESIAN_POINT('',(9.525,24.954274519274,137.313040370007));
#3284=CARTESIAN_POINT('',(9.525,22.5123499248256,134.402867961729));
#3285=CARTESIAN_POINT('',(4.445,23.0085216337518,138.945720898611));
#3286=CARTESIAN_POINT('Origin',(4.445,27.8729038475573,134.864019577102));
#3287=CARTESIAN_POINT('',(4.445,20.5665970393035,136.035548490333));
#3288=CARTESIAN_POINT('Origin',(2.33295215237571E-15,19.05,130.2766));
#3289=CARTESIAN_POINT('',(1.0634087867151E-14,24.954274519274,137.313040370007));
#3290=CARTESIAN_POINT('',(9.66711612379512,16.7439362890815,127.528340287762));
#3291=CARTESIAN_POINT('Origin',(19.8013740763074,16.5649725463763,131.953847168824));
#3292=CARTESIAN_POINT('',(15.5886955054347,14.1327814394735,136.035548490333));
#3293=CARTESIAN_POINT('',(17.7034642383529,15.3537437366976,138.945720898611));
#3294=CARTESIAN_POINT('',(15.5886955054347,14.1327814394735,136.035548490333));
#3295=CARTESIAN_POINT('',(16.848535666702,20.7260292306838,137.313040370007));
#3296=CARTESIAN_POINT('Origin',(21.9161428092257,17.7859348436004,134.864019577102));
#3297=CARTESIAN_POINT('',(14.7337669337838,19.5050669334596,134.402867961729));
#3298=CARTESIAN_POINT('Origin',(17.6346784971248,17.5137347960957,140.161816452062));
#3299=CARTESIAN_POINT('',(20.0336955054347,6.43381559982988,136.035548490333));
#3300=CARTESIAN_POINT('Origin',(24.2463740763074,8.86600670673263,131.953847168824));
#3301=CARTESIAN_POINT('',(26.373535666702,4.22824528859018,137.313040370007));
#3302=CARTESIAN_POINT('',(24.2587669337838,3.00728299136603,134.402867961729));
#3303=CARTESIAN_POINT('',(22.1484642383529,7.65477789705402,138.945720898611));
#3304=CARTESIAN_POINT('Origin',(26.3611428092257,10.0869690039568,134.864019577102));
#3305=CARTESIAN_POINT('',(20.0336955054347,6.43381559982988,136.035548490333));
#3306=CARTESIAN_POINT('Origin',(16.4977839420936,9.525,130.2766));
#3307=CARTESIAN_POINT('',(21.611035666702,12.477137259637,137.313040370007));
#3308=CARTESIAN_POINT('',(19.3342322475903,-3.07927772808551E-14,127.528340287762));
#3309=CARTESIAN_POINT('Origin',(24.2463740763074,-8.86600670673271,131.953847168824));
#3310=CARTESIAN_POINT('',(20.0336955054346,-6.43381559982993,136.035548490333));
#3311=CARTESIAN_POINT('',(22.1484642383529,-7.6547778970541,138.945720898611));
#3312=CARTESIAN_POINT('',(20.0336955054346,-6.43381559982993,136.035548490333));
#3313=CARTESIAN_POINT('',(26.373535666702,-4.22824528859027,137.313040370007));
#3314=CARTESIAN_POINT('Origin',(26.3611428092257,-10.0869690039568,134.864019577102));
#3315=CARTESIAN_POINT('',(24.2587669337838,-3.00728299136611,134.402867961729));
#3316=CARTESIAN_POINT('Origin',(16.4977839420936,-9.525,130.2766));
#3317=CARTESIAN_POINT('',(16.848535666702,-20.7260292306838,137.313040370007));
#3318=CARTESIAN_POINT('',(21.611035666702,-12.477137259637,137.313040370007));
#3319=CARTESIAN_POINT('',(14.7337669337837,-19.5050669334596,134.402867961729));
#3320=CARTESIAN_POINT('',(9.66711612379512,-16.7439362890815,127.528340287762));
#3321=CARTESIAN_POINT('Origin',(23.9846784971248,-6.51521216803345,140.161816452062));
#3322=CARTESIAN_POINT('',(15.5886955054347,-14.1327814394736,136.035548490333));
#3323=CARTESIAN_POINT('Origin',(4.445,-25.430979253109,131.953847168824));
#3324=CARTESIAN_POINT('',(4.445,-20.5665970393035,136.035548490333));
#3325=CARTESIAN_POINT('',(4.445,-23.0085216337518,138.945720898611));
#3326=CARTESIAN_POINT('',(4.445,-20.5665970393035,136.035548490333));
#3327=CARTESIAN_POINT('',(9.525,-24.9542745192741,137.313040370007));
#3328=CARTESIAN_POINT('Origin',(4.44499999999995,-27.8729038475573,134.864019577102));
#3329=CARTESIAN_POINT('',(9.525,-22.5123499248257,134.402867961729));
#3330=CARTESIAN_POINT('Origin',(6.35,-24.0289469641292,140.161816452062));
#3331=CARTESIAN_POINT('',(-4.445,-20.5665970393035,136.035548490333));
#3332=CARTESIAN_POINT('Origin',(-3.5527136788005E-14,-23.9813980765129,
138.129380634309));
#3333=CARTESIAN_POINT('',(-4.445,-23.0085216337518,138.945720898611));
#3334=CARTESIAN_POINT('',(6.35,-23.0085216337518,138.945720898611));
#3335=CARTESIAN_POINT('',(-9.525,-24.954274519274,137.313040370007));
#3336=CARTESIAN_POINT('Origin',(-4.445,-27.8729038475573,134.864019577102));
#3337=CARTESIAN_POINT('',(-1.64888352208237E-14,-24.9542745192741,137.313040370007));
#3338=CARTESIAN_POINT('Origin',(6.35,-24.0289469641292,140.161816452062));
#3339=CARTESIAN_POINT('',(-4.445,-20.5665970393035,136.035548490333));
#3340=CARTESIAN_POINT('Origin',(-4.445,-25.430979253109,131.953847168824));
#3341=CARTESIAN_POINT('',(-9.525,-22.5123499248257,134.402867961729));
#3342=CARTESIAN_POINT('Origin',(0.,-19.05,130.2766));
#3343=CARTESIAN_POINT('',(-9.66711612379512,-16.7439362890815,127.528340287762));
#3344=CARTESIAN_POINT('Origin',(-19.8013740763074,-16.5649725463763,131.953847168824));
#3345=CARTESIAN_POINT('',(-15.5886955054347,-14.1327814394736,136.035548490333));
#3346=CARTESIAN_POINT('',(-17.7034642383529,-15.3537437366977,138.945720898611));
#3347=CARTESIAN_POINT('',(-15.5886955054347,-14.1327814394736,136.035548490333));
#3348=CARTESIAN_POINT('',(-16.848535666702,-20.7260292306838,137.313040370007));
#3349=CARTESIAN_POINT('Origin',(-21.9161428092257,-17.7859348436005,134.864019577102));
#3350=CARTESIAN_POINT('',(-14.7337669337838,-19.5050669334596,134.402867961729));
#3351=CARTESIAN_POINT('Origin',(-17.6346784971249,-17.5137347960958,140.161816452062));
#3352=CARTESIAN_POINT('',(-20.0336955054347,-6.43381559982993,136.035548490333));
#3353=CARTESIAN_POINT('Origin',(-20.7684999525275,-11.9906990382564,138.129380634309));
#3354=CARTESIAN_POINT('',(-22.1484642383529,-7.65477789705407,138.945720898611));
#3355=CARTESIAN_POINT('',(-16.7509642383529,-17.0035221309071,138.945720898611));
#3356=CARTESIAN_POINT('',(-26.373535666702,-4.22824528859022,137.313040370007));
#3357=CARTESIAN_POINT('Origin',(-26.3611428092257,-10.0869690039568,134.864019577102));
#3358=CARTESIAN_POINT('',(-21.611035666702,-12.477137259637,137.313040370007));
#3359=CARTESIAN_POINT('Origin',(-17.6346784971249,-17.5137347960958,140.161816452062));
#3360=CARTESIAN_POINT('',(-20.0336955054347,-6.43381559982993,136.035548490333));
#3361=CARTESIAN_POINT('Origin',(-24.2463740763074,-8.86600670673268,131.953847168824));
#3362=CARTESIAN_POINT('',(-24.2587669337838,-3.00728299136606,134.402867961729));
#3363=CARTESIAN_POINT('Origin',(-16.4977839420936,-9.525,130.2766));
#3364=CARTESIAN_POINT('Origin',(-24.2463740763074,8.86600670673266,131.953847168824));
#3365=CARTESIAN_POINT('',(-20.0336955054346,6.43381559982988,136.035548490333));
#3366=CARTESIAN_POINT('',(-22.1484642383529,7.65477789705405,138.945720898611));
#3367=CARTESIAN_POINT('',(-20.0336955054346,6.43381559982988,136.035548490333));
#3368=CARTESIAN_POINT('Origin',(-26.3611428092257,10.0869690039568,134.864019577102));
#3369=CARTESIAN_POINT('Origin',(-23.9846784971248,6.51521216803337,140.161816452062));
#3370=CARTESIAN_POINT('Origin',(-20.7684999525274,11.9906990382564,138.129380634309));
#3371=CARTESIAN_POINT('',(-23.1009642383529,6.00499950284469,138.945720898611));
#3372=CARTESIAN_POINT('Origin',(-23.9846784971248,6.51521216803337,140.161816452062));
#3373=CARTESIAN_POINT('Origin',(2.44249065417534E-14,23.9813980765129,138.129380634309));
#3374=CARTESIAN_POINT('',(-6.35,23.0085216337518,138.945720898611));
#3375=CARTESIAN_POINT('Origin',(-6.35,24.0289469641292,140.161816452062));
#3376=CARTESIAN_POINT('Origin',(20.7684999525275,11.9906990382564,138.129380634309));
#3377=CARTESIAN_POINT('',(16.7509642383529,17.0035221309071,138.945720898611));
#3378=CARTESIAN_POINT('Origin',(17.6346784971248,17.5137347960957,140.161816452062));
#3379=CARTESIAN_POINT('Origin',(20.7684999525274,-11.9906990382565,138.129380634309));
#3380=CARTESIAN_POINT('',(17.7034642383529,-15.3537437366977,138.945720898611));
#3381=CARTESIAN_POINT('',(23.1009642383529,-6.00499950284474,138.945720898611));
#3382=CARTESIAN_POINT('Origin',(21.9161428092256,-17.7859348436005,134.864019577102));
#3383=CARTESIAN_POINT('Origin',(23.9846784971248,-6.51521216803345,140.161816452062));
#3384=CARTESIAN_POINT('',(15.5886955054347,-14.1327814394736,136.035548490333));
#3385=CARTESIAN_POINT('Origin',(19.8013740763074,-16.5649725463763,131.953847168824));
#3386=CARTESIAN_POINT('Origin',(-12.8986131455376,7.44701777174894,154.043919471397));
#3387=CARTESIAN_POINT('Origin',(0.,-3.31571659017982E-14,155.6766));
#3388=CARTESIAN_POINT('Origin',(1.4432899320127E-14,14.8940355434979,154.043919471397));
#3389=CARTESIAN_POINT('Origin',(0.,-3.31571659017982E-14,155.6766));
#3390=CARTESIAN_POINT('Origin',(12.8986131455376,7.44701777174892,154.043919471397));
#3391=CARTESIAN_POINT('Origin',(0.,-3.31571659017982E-14,155.6766));
#3392=CARTESIAN_POINT('Origin',(12.8986131455376,-7.44701777174902,154.043919471397));
#3393=CARTESIAN_POINT('Origin',(0.,-3.31571659017982E-14,155.6766));
#3394=CARTESIAN_POINT('Origin',(-9.99200722162641E-15,-14.894035543498,
154.043919471397));
#3395=CARTESIAN_POINT('Origin',(0.,-3.31571659017982E-14,155.6766));
#3396=CARTESIAN_POINT('Origin',(-12.8986131455376,-7.447017771749,154.043919471397));
#3397=CARTESIAN_POINT('Origin',(42.7128416525378,24.6602706259464,104.8766));
#3398=CARTESIAN_POINT('',(47.6330487302253,-2.50460514677277E-14,111.647388057161));
#3399=CARTESIAN_POINT('',(23.8165243651127,41.2514302600771,111.647388057161));
#3400=CARTESIAN_POINT('Origin',(42.7128416525378,-24.6602706259465,104.8766));
#3401=CARTESIAN_POINT('',(23.8165243651127,-41.2514302600774,111.647388057161));
#3402=CARTESIAN_POINT('Origin',(0.,-49.3205412518929,104.8766));
#3403=CARTESIAN_POINT('',(-23.8165243651127,-41.2514302600774,111.647388057161));
#3404=CARTESIAN_POINT('Origin',(-42.7128416525378,-24.6602706259464,104.8766));
#3405=CARTESIAN_POINT('',(-47.6330487302253,5.48508170946404E-15,111.647388057161));
#3406=CARTESIAN_POINT('Origin',(-42.7128416525378,24.6602706259464,104.8766));
#3407=CARTESIAN_POINT('',(-23.8165243651127,41.2514302600774,111.647388057161));
#3408=CARTESIAN_POINT('Origin',(6.04002429763456E-15,49.3205412518929,104.8766));
#3409=CARTESIAN_POINT('Origin',(0.,-3.31571659017982E-14,155.6766));
#3410=CARTESIAN_POINT('Origin',(0.,-7.62,149.3266));
#3411=CARTESIAN_POINT('Origin',(0.,-1.96213267855682E-14,88.3666));
#3412=CARTESIAN_POINT('Origin',(0.,-1.75063519236573E-14,78.8416));
#3413=UNCERTAINTY_MEASURE_WITH_UNIT(LENGTH_MEASURE(0.01),#3417,
'DISTANCE_ACCURACY_VALUE',
'Maximum model space distance between geometric entities at asserted c
onnectivities');
#3414=UNCERTAINTY_MEASURE_WITH_UNIT(LENGTH_MEASURE(0.01),#3417,
'DISTANCE_ACCURACY_VALUE',
'Maximum model space distance between geometric entities at asserted c
onnectivities');
#3415=(
GEOMETRIC_REPRESENTATION_CONTEXT(3)
GLOBAL_UNCERTAINTY_ASSIGNED_CONTEXT((#3413))
GLOBAL_UNIT_ASSIGNED_CONTEXT((#3417,#3419,#3420))
REPRESENTATION_CONTEXT('','3D')
);
#3416=(
GEOMETRIC_REPRESENTATION_CONTEXT(3)
GLOBAL_UNCERTAINTY_ASSIGNED_CONTEXT((#3414))
GLOBAL_UNIT_ASSIGNED_CONTEXT((#3417,#3419,#3420))
REPRESENTATION_CONTEXT('','3D')
);
#3417=(
LENGTH_UNIT()
NAMED_UNIT(*)
SI_UNIT(.MILLI.,.METRE.)
);
#3418=(
LENGTH_UNIT()
NAMED_UNIT(*)
SI_UNIT(.CENTI.,.METRE.)
);
#3419=(
NAMED_UNIT(*)
PLANE_ANGLE_UNIT()
SI_UNIT($,.RADIAN.)
);
#3420=(
NAMED_UNIT(*)
SI_UNIT($,.STERADIAN.)
SOLID_ANGLE_UNIT()
);
#3421=SHAPE_DEFINITION_REPRESENTATION(#3422,#3423);
#3422=PRODUCT_DEFINITION_SHAPE('',$,#3425);
#3423=SHAPE_REPRESENTATION('',(#1704),#3415);
#3424=PRODUCT_DEFINITION_CONTEXT('part definition',#3429,'design');
#3425=PRODUCT_DEFINITION('Pump Manifold v3 (1)','Pump Manifold v3 (1)',
#3426,#3424);
#3426=PRODUCT_DEFINITION_FORMATION('ANY',$,#3431);
#3427=PRODUCT_RELATED_PRODUCT_CATEGORY('Pump Manifold v3 (1)',
'Pump Manifold v3 (1)',(#3431));
#3428=APPLICATION_PROTOCOL_DEFINITION('international standard',
'automotive_design',2009,#3429);
#3429=APPLICATION_CONTEXT(
'Core Data for Automotive Mechanical Design Process');
#3430=PRODUCT_CONTEXT('part definition',#3429,'mechanical');
#3431=PRODUCT('Pump Manifold v3 (1)','Pump Manifold v3 (1)',
'STEP AP214',(#3430));
#3432=PRESENTATION_STYLE_ASSIGNMENT((#3433));
#3433=SURFACE_STYLE_USAGE(.BOTH.,#3436);
#3434=SURFACE_STYLE_RENDERING_WITH_PROPERTIES($,#3440,(#3435));
#3435=SURFACE_STYLE_TRANSPARENT(0.);
#3436=SURFACE_SIDE_STYLE('',(#3437,#3434));
#3437=SURFACE_STYLE_FILL_AREA(#3438);
#3438=FILL_AREA_STYLE('',(#3439));
#3439=FILL_AREA_STYLE_COLOUR('',#3440);
#3440=COLOUR_RGB('',0.627450980392157,0.627450980392157,0.627450980392157);
ENDSEC;
END-ISO-10303-21;
